Id,Id2,Geography,Year,Estimate; Total:,Margin of Error; Total:,Estimate; Living in a principal city:,Margin of Error; Living in a principal city:,Estimate; Living in a principal city: - Worked in Metropolitan Statistical Area of residence:,Margin of Error; Living in a principal city: - Worked in Metropolitan Statistical Area of residence:,Estimate; Living in a principal city: - Worked in Metropolitan Statistical Area of residence: - Worked in a principal city,Margin of Error; Living in a principal city: - Worked in Metropolitan Statistical Area of residence: - Worked in a principal city,Estimate; Living in a principal city: - Worked in Metropolitan Statistical Area of residence: - Worked outside any principal city,Margin of Error; Living in a principal city: - Worked in Metropolitan Statistical Area of residence: - Worked outside any principal city,Estimate; Living in a principal city: - Worked in a different Metropolitan Statistical Area:,Margin of Error; Living in a principal city: - Worked in a different Metropolitan Statistical Area:,Estimate; Living in a principal city: - Worked in a different Metropolitan Statistical Area: - Worked in a principal city,Margin of Error; Living in a principal city: - Worked in a different Metropolitan Statistical Area: - Worked in a principal city,Estimate; Living in a principal city: - Worked in a different Metropolitan Statistical Area: - Worked outside any principal city,Margin of Error; Living in a principal city: - Worked in a different Metropolitan Statistical Area: - Worked outside any principal city,Estimate; Living in a principal city: - Worked in a Micropolitan Statistical Area:,Margin of Error; Living in a principal city: - Worked in a Micropolitan Statistical Area:,Estimate; Living in a principal city: - Worked in a Micropolitan Statistical Area: - Worked in a principal city,Margin of Error; Living in a principal city: - Worked in a Micropolitan Statistical Area: - Worked in a principal city,Estimate; Living in a principal city: - Worked in a Micropolitan Statistical Area: - Worked outside any principal city,Margin of Error; Living in a principal city: - Worked in a Micropolitan Statistical Area: - Worked outside any principal city,Estimate; Living in a principal city: - Worked outside any Metropolitan or Micropolitan Statistical Area,Margin of Error; Living in a principal city: - Worked outside any Metropolitan or Micropolitan Statistical Area,Estimate; Living outside any principal city:,Margin of Error; Living outside any principal city:,Estimate; Living outside any principal city: - Worked in Metropolitan Statistical Area of residence:,Margin of Error; Living outside any principal city: - Worked in Metropolitan Statistical Area of residence:,Estimate; Living outside any principal city: - Worked in Metropolitan Statistical Area of residence: - Worked in a principal city,Margin of Error; Living outside any principal city: - Worked in Metropolitan Statistical Area of residence: - Worked in a principal city,Estimate; Living outside any principal city: - Worked in Metropolitan Statistical Area of residence: - Worked outside any principal city,Margin of Error; Living outside any principal city: - Worked in Metropolitan Statistical Area of residence: - Worked outside any principal city,Estimate; Living outside any principal city: - Worked in a different Metropolitan Statistical Area:,Margin of Error; Living outside any principal city: - Worked in a different Metropolitan Statistical Area:,Estimate; Living outside any principal city: - Worked in a different Metropolitan Statistical Area: - Worked in a principal city,Margin of Error; Living outside any principal city: - Worked in a different Metropolitan Statistical Area: - Worked in a principal city,Estimate; Living outside any principal city: - Worked in a different Metropolitan Statistical Area: - Worked outside any principal city,Margin of Error; Living outside any principal city: - Worked in a different Metropolitan Statistical Area: - Worked outside any principal city,Estimate; Living outside any principal city: - Worked in a Micropolitan Statistical Area:,Margin of Error; Living outside any principal city: - Worked in a Micropolitan Statistical Area:,Estimate; Living outside any principal city: - Worked in a Micropolitan Statistical Area: - Worked in a principal city,Margin of Error; Living outside any principal city: - Worked in a Micropolitan Statistical Area: - Worked in a principal city,Estimate; Living outside any principal city: - Worked in a Micropolitan Statistical Area: - Worked outside any principal city,Margin of Error; Living outside any principal city: - Worked in a Micropolitan Statistical Area: - Worked outside any principal city,Estimate; Living outside any principal city: - Worked outside any Metropolitan or Micropolitan Statistical Area,Margin of Error; Living outside any principal city: - Worked outside any Metropolitan or Micropolitan Statistical Area
0500000US06001,6001,"Alameda County, California",2005,651547,9583,431315,11333,380051,10962,299963,10357,80088,5099,50557,3870,44023,3648,6534,1485,280,318,49,82,231,306,427,217,220232,9687,196627,9803,110703,7273,85924,5886,23358,2231,19039,1832,4319,1055,131,149,0,293,131,149,116,139
0500000US06007,6007,"Butte County, California",2005,88511,2757,32952,3276,29788,3449,25574,3391,4214,1084,985,534,769,471,216,181,1095,639,624,562,471,291,1084,761,55559,3426,48639,3244,18270,2353,30369,3084,5014,1174,2090,773,2924,917,524,409,382,376,142,131,1382,591
0500000US06013,6013,"Contra Costa County, California",2005,458117,8221,29066,3390,27613,3332,17272,2382,10341,2232,1453,552,1029,481,424,257,0,293,0,293,0,293,0,293,429051,8096,399077,9135,157885,7138,241192,8589,29368,4195,18535,3005,10833,2753,0,293,0,293,0,293,606,352
0500000US06019,6019,"Fresno County, California",2005,343903,7688,185725,9489,173541,9252,139637,7889,33904,4491,11973,2246,5272,1715,6701,1469,0,293,0,293,0,293,211,217,158178,7969,144122,7928,64267,4804,79855,6175,13861,2249,4828,1209,9033,1774,68,86,0,293,68,86,127,154
0500000US06025,6025,"Imperial County, California",2005,50810,2454,14937,1906,14308,1948,9885,1739,4423,1111,629,448,352,345,277,302,0,293,0,293,0,293,0,293,35873,2571,31642,2626,6391,1240,25251,2973,3419,932,952,471,2467,751,0,293,0,293,0,293,812,509
0500000US06029,6029,"Kern County, California",2005,285994,5997,118384,7344,113362,7454,78502,5098,34860,5038,4733,1442,2307,945,2426,1183,0,293,0,293,0,293,289,222,167610,7166,155328,7220,50721,4708,104607,6311,11803,1861,4856,1201,6947,1356,288,310,70,114,218,288,191,234
0500000US06031,6031,"Kings County, California",2005,43954,2552,20603,2228,16983,2072,9902,1597,7081,1282,3620,920,1679,728,1941,765,0,293,0,293,0,293,0,293,23351,2473,18192,2334,4410,1109,13782,2145,5041,1219,1818,602,3223,1010,0,293,0,293,0,293,118,142
0500000US06037,6037,"Los Angeles County, California",2005,4246088,22515,2467598,27269,2386861,27177,1883980,25786,502881,15205,77440,6463,39120,3675,38320,4983,924,459,201,187,723,410,2373,721,1778490,26553,1703674,24190,746182,17894,957492,18110,72994,5970,36750,4351,36244,4326,168,161,61,102,107,124,1654,760
0500000US06039,6039,"Madera County, California",2005,52980,2718,21211,2693,15391,2334,8734,2070,6657,1505,5820,1641,2953,980,2867,1256,0,293,0,293,0,293,0,293,31769,2864,20272,2352,4666,1314,15606,1905,11211,2000,6365,1510,4846,1478,0,293,0,293,0,293,286,340
0500000US06041,6041,"Marin County, California",2005,114736,3314,22975,2601,21694,2433,13658,2167,8036,1726,1236,526,881,498,355,328,45,75,0,293,45,75,0,293,91761,3897,87148,3913,38927,2807,48221,3593,4556,1084,2873,889,1683,648,0,293,0,293,0,293,57,92
0500000US06047,6047,"Merced County, California",2005,89696,3901,24553,2835,21708,2705,15991,2309,5717,1328,2789,843,1369,665,1420,644,56,100,0,293,56,100,0,293,65143,3745,43550,3595,10660,1805,32890,3802,21593,3107,8254,1786,13339,2479,0,293,0,293,0,293,0,293
0500000US06053,6053,"Monterey County, California",2005,169766,4677,63139,3700,57523,3668,36033,3369,21490,2925,5560,1218,3011,1004,2549,1027,56,95,0,293,56,95,0,293,106627,5953,92863,4988,14663,2098,78200,4642,13628,2645,9616,2521,4012,830,0,293,0,293,0,293,136,159
0500000US06055,6055,"Napa County, California",2005,63078,2439,37312,2636,29362,2330,21223,2225,8139,1475,7561,1471,4082,1056,3479,1064,0,293,0,293,0,293,389,577,25766,2583,18785,2447,5194,1429,13591,2286,6917,1267,4519,992,2398,861,0,293,0,293,0,293,64,107
0500000US06059,6059,"Orange County, California",2005,1375867,12056,658748,13699,633963,13076,494047,13105,139916,7343,24477,2785,11423,1636,13054,2102,123,142,0,293,123,142,185,216,717119,13929,687108,13586,320350,9095,366758,10076,28652,3283,14494,2217,14158,2017,119,143,49,82,70,116,1240,1082
0500000US06061,6061,"Placer County, California",2005,145650,3911,52687,4525,51090,4596,35354,3758,15736,2031,1182,487,688,379,494,282,158,191,96,163,62,106,257,282,92963,5436,84854,5278,31721,3401,53133,4515,5592,1153,2476,829,3116,830,2234,958,1082,573,1152,675,283,381
0500000US06065,6065,"Riverside County, California",2005,801371,12798,191119,11374,159304,9574,99493,6796,59811,6284,31542,4081,14962,2203,16580,3289,0,293,0,293,0,293,273,210,610252,15963,489541,15057,112919,6825,376622,14089,119585,6679,68232,5364,51353,4689,410,316,97,116,313,295,716,428
0500000US06067,6067,"Sacramento County, California",2005,589109,7681,290676,10090,279065,9678,208972,8633,70093,4680,10595,1676,5835,1030,4760,1237,346,227,220,207,126,102,670,477,298433,10082,282835,9993,158412,7467,124423,7472,14151,2132,7838,1746,6313,1309,257,172,26,42,231,170,1190,558
0500000US06071,6071,"San Bernardino County, California",2005,778766,9945,237646,10156,188196,9122,124399,7933,63797,5511,49095,4453,25437,2826,23658,3794,82,136,0,293,82,136,273,364,541120,12283,407571,11319,130005,5711,277566,9957,131695,7243,64997,5168,66698,5141,607,325,138,161,469,285,1247,615
0500000US06073,6073,"San Diego County, California",2005,1297344,11031,678493,14482,656512,14268,540138,13807,116374,5990,20345,2747,12617,2137,7728,1497,59,98,0,293,59,98,1577,693,618851,13288,590708,12544,260771,9232,329937,11002,25089,2991,13602,1915,11487,2155,405,336,351,324,54,89,2649,1070
0500000US06077,6077,"San Joaquin County, California",2005,260514,5500,109034,6073,91923,5737,66151,5450,25772,2862,16781,2685,8756,1913,8025,1792,0,293,0,293,0,293,330,247,151480,7317,98988,5652,30458,3526,68530,4689,51195,5054,30165,3345,21030,3754,0,293,0,293,0,293,1297,1064
0500000US06079,6079,"San Luis Obispo County, California",2005,109931,3217,35644,3583,33283,3655,24563,3420,8720,1358,2134,667,1077,525,1057,573,227,354,227,354,0,293,0,293,74287,3999,65815,3936,22101,2426,43714,3289,8472,1630,4664,955,3808,1275,0,293,0,293,0,293,0,293
0500000US06081,6081,"San Mateo County, California",2005,322263,6089,108135,5430,91484,5649,58737,4596,32747,3139,16356,3608,14641,3560,1715,748,245,290,79,131,166,266,50,82,214128,7086,179601,6934,94425,5096,85176,4820,34259,3443,28056,2930,6203,1493,97,112,39,66,58,96,171,166
0500000US06083,6083,"Santa Barbara County, California",2005,172379,3626,80935,4512,73014,4508,48720,4058,24294,2477,7865,1591,3704,1194,4161,1034,56,95,0,293,56,95,0,293,91444,4675,86219,4589,31775,3384,54444,3858,5225,1221,3191,1041,2034,678,0,293,0,293,0,293,0,293
0500000US06085,6085,"Santa Clara County, California",2005,777259,9437,639909,10489,553143,11093,497441,10640,55702,4617,85689,4524,55201,4052,30488,2973,127,147,56,93,71,115,950,478,137350,8464,121290,7709,70841,5082,50449,4674,15878,2492,8642,1947,7236,1740,0,293,0,293,0,293,182,213
0500000US06087,6087,"Santa Cruz County, California",2005,122626,3384,42984,3985,36323,3899,24276,2616,12047,2427,6661,1517,3620,1127,3041,838,0,293,0,293,0,293,0,293,79642,4490,59175,4156,21086,2381,38089,3603,20399,2111,13451,1937,6948,1334,0,293,0,293,0,293,68,111
0500000US06089,6089,"Shasta County, California",2005,69765,3304,37079,3144,34526,3047,30104,2817,4422,1206,1119,626,682,517,437,314,1248,601,1098,581,150,191,186,188,32686,3142,30121,3018,16459,2016,13662,2014,1004,479,269,210,735,460,1370,542,739,439,631,344,191,153
0500000US06095,6095,"Solano County, California",2005,174139,4466,92033,4410,47433,3697,35926,3158,11507,2003,43936,3628,26293,3272,17643,2159,290,356,206,330,84,143,374,461,82106,4492,50620,3690,18771,2721,31849,3009,31310,3190,15475,2521,15835,2105,176,216,74,124,102,173,0,293
0500000US06097,6097,"Sonoma County, California",2005,216208,5061,93728,5313,76943,4812,59131,4339,17812,2455,16256,2225,8869,1687,7387,1606,458,327,309,266,149,185,71,116,122480,5991,101197,5298,38267,3500,62930,4820,20050,2859,12213,2201,7837,2156,1089,428,438,294,651,343,144,162
0500000US06099,6099,"Stanislaus County, California",2005,194800,5357,81497,4614,62659,4133,44026,3223,18633,2759,18545,3131,6594,1253,11951,2935,248,263,0,293,248,263,45,74,113303,5627,85750,5404,26738,3224,59012,4493,26663,3363,11588,1633,15075,3018,420,341,0,293,420,341,470,383
0500000US06101,6101,"Sutter County, California",2005,35865,2113,25076,2759,19380,2514,11822,1880,7558,1698,4993,1138,2860,742,2133,750,143,167,143,167,0,293,560,434,10789,1701,7452,1649,3128,941,4324,1281,3085,883,1889,706,1196,498,0,293,0,293,0,293,252,220
0500000US06107,6107,"Tulare County, California",2005,148881,3956,59272,4123,53064,4073,39406,3591,13658,2049,6208,1427,2299,757,3909,1242,0,293,0,293,0,293,0,293,89609,4153,77486,4284,23608,2593,53878,3519,12020,1838,4322,941,7698,1568,0,293,0,293,0,293,103,119
0500000US06111,6111,"Ventura County, California",2005,364396,5890,214165,7192,172839,6535,142653,6164,30186,2792,41146,3788,23226,2853,17920,1838,0,293,0,293,0,293,180,233,150231,7673,104709,6873,46627,4512,58082,4539,45331,4657,31097,3277,14234,2620,0,293,0,293,0,293,191,191
0500000US06113,6113,"Yolo County, California",2005,81805,2761,25157,2474,22926,2293,16009,2001,6917,1724,1877,653,498,321,1379,517,0,293,0,293,0,293,354,337,56648,2780,51309,2672,16981,1802,34328,2651,4985,1156,1605,497,3380,1051,88,104,0,293,88,104,266,278
0500000US06001,6001,"Alameda County, California",2006,683282,9387,458642,10258,412251,9646,327589,9067,84662,5569,45608,3413,39091,3036,6517,1244,137,170,45,74,92,152,646,355,224640,9571,201336,9247,106833,6724,94503,5986,23185,3038,20237,2688,2948,910,64,102,0,289,64,102,55,90
0500000US06007,6007,"Butte County, California",2006,89624,3398,34085,3644,32328,3452,27915,3219,4413,1342,514,332,165,194,349,275,606,488,73,72,533,492,637,478,55539,3379,49008,3240,17818,2287,31190,2704,4842,1301,1802,838,3040,961,649,500,120,140,529,479,1040,519
0500000US06013,6013,"Contra Costa County, California",2006,482815,6142,30169,3316,28280,3259,17654,2441,10626,1904,1889,787,976,473,913,577,0,289,0,289,0,289,0,289,452646,6153,422502,6353,158295,6329,264207,7901,29372,2427,21395,2425,7977,1497,250,187,49,83,201,167,522,319
0500000US06019,6019,"Fresno County, California",2006,357506,7551,190409,7858,176120,7764,144045,7672,32075,3806,14137,2127,5261,1220,8876,1933,53,88,0,289,53,88,99,167,167097,6987,151870,6910,67128,4151,84742,5515,15127,2295,4883,1064,10244,1789,0,289,0,289,0,289,100,146
0500000US06025,6025,"Imperial County, California",2006,55866,2269,17820,2587,17003,2584,10861,2164,6142,1662,517,476,47,78,470,475,0,289,0,289,0,289,300,270,38046,2687,35332,2697,9935,1865,25397,2332,2371,668,1034,457,1337,540,0,289,0,289,0,289,343,319
0500000US06029,6029,"Kern County, California",2006,307806,6650,133216,5165,126810,5377,91411,4542,35399,3090,6293,1591,3322,912,2971,1152,60,102,60,102,0,289,53,86,174590,7159,157428,6873,49062,4128,108366,6141,16278,2501,5947,1382,10331,2140,687,544,183,293,504,473,197,201
0500000US06031,6031,"Kings County, California",2006,55766,2516,24583,2347,19383,2259,12614,2001,6769,1598,5050,1201,2764,1011,2286,834,0,289,0,289,0,289,150,246,31183,2628,24451,2271,5295,1405,19156,1831,6713,1731,2087,739,4626,1536,0,289,0,289,0,289,19,32
0500000US06037,6037,"Los Angeles County, California",2006,4423725,22386,2555124,25802,2474628,26186,1967964,24767,506664,11745,77849,5172,41591,3806,36258,3666,750,389,154,156,596,369,1897,687,1868601,24854,1787915,23847,791913,17467,996002,18796,78750,4677,37495,3171,41255,3346,1057,539,491,411,566,337,879,560
0500000US06039,6039,"Madera County, California",2006,49407,2485,18302,2302,12099,1962,7989,1483,4110,1608,6132,1599,4050,1373,2082,853,0,289,0,289,0,289,71,120,31105,2872,20497,2435,3942,1075,16555,2384,9826,1589,6641,1329,3185,933,0,289,0,289,0,289,782,608
0500000US06041,6041,"Marin County, California",2006,123936,3111,29133,3479,27654,3489,15843,2251,11811,1978,1479,522,799,434,680,366,0,289,0,289,0,289,0,289,94803,3825,89159,4191,37659,2705,51500,3571,5330,1188,2781,892,2549,844,186,236,0,289,186,236,128,146
0500000US06047,6047,"Merced County, California",2006,93355,3515,27912,3469,25004,3287,17721,2752,7283,2043,2835,1123,902,525,1933,921,0,289,0,289,0,289,73,123,65443,4092,45984,3499,13001,1790,32983,3338,19380,2745,6552,2041,12828,2407,79,132,0,289,79,132,0,289
0500000US06053,6053,"Monterey County, California",2006,174077,4674,57587,4986,50310,4769,28630,3290,21680,3459,7139,1718,3434,1285,3705,1197,77,124,0,289,77,124,61,101,116490,5258,105142,5561,17681,2508,87461,5123,11275,1853,5760,1302,5515,1405,56,89,0,289,56,89,17,26
0500000US06055,6055,"Napa County, California",2006,63217,2029,35878,2607,31050,2432,18500,2081,12550,1742,4697,901,3055,798,1642,590,131,156,0,289,131,156,0,289,27339,2311,19911,2218,5270,1241,14641,1867,7351,1531,4703,1064,2648,950,77,77,18,29,59,72,0,289
0500000US06059,6059,"Orange County, California",2006,1427968,11901,676927,11587,647654,11492,493465,11166,154189,7639,28863,3045,13112,1932,15751,2449,48,80,0,289,48,80,362,219,751041,14087,724056,14492,346968,9741,377088,11672,26500,3189,12991,2110,13509,2155,123,121,0,289,123,121,362,220
0500000US06061,6061,"Placer County, California",2006,156232,3775,54961,3724,52614,3762,37637,3367,14977,2119,2186,679,700,373,1486,547,161,200,110,180,51,84,0,289,101271,4704,93219,4645,34652,3250,58567,4246,6060,1367,1660,535,4400,1322,1858,750,733,471,1125,541,134,132
0500000US06065,6065,"Riverside County, California",2006,858612,9532,201153,10337,163769,9250,107324,7864,56445,4914,37107,4066,22322,3221,14785,2364,277,290,154,253,123,145,0,289,657459,12485,536094,11448,125627,6650,410467,11038,119438,6775,70385,5022,49053,4565,198,241,189,241,9,15,1729,707
0500000US06067,6067,"Sacramento County, California",2006,609851,8050,284224,7571,269397,7505,202520,6752,66877,4578,13822,1993,7675,1443,6147,1262,411,306,165,164,246,253,594,343,325627,8623,304067,8137,162795,7025,141272,6846,19943,2838,9916,2163,10027,1751,656,453,299,294,357,343,961,497
0500000US06071,6071,"San Bernardino County, California",2006,835775,9865,271685,10698,219186,9509,140106,7874,79080,5243,52146,4604,26593,2964,25553,3011,188,177,0,289,188,177,165,206,564090,11241,441169,10425,154940,6938,286229,8768,121902,7196,61216,4721,60686,5205,680,371,0,289,680,371,339,253
0500000US06073,6073,"San Diego County, California",2006,1391079,10398,726037,12242,701322,11755,577975,11561,123347,5968,22576,2443,13581,1812,8995,1435,168,161,123,144,45,73,1971,740,665042,13451,634660,13155,269532,8393,365128,10138,27385,2880,13619,1992,13766,2297,321,324,192,242,129,212,2676,1017
0500000US06077,6077,"San Joaquin County, California",2006,275923,6223,113742,6235,94694,5771,66741,4535,27953,3614,18424,2137,12167,1682,6257,1400,382,419,0,289,382,419,242,214,162181,7596,109083,5467,27615,3418,81468,4982,52658,5260,29167,3996,23491,2632,95,111,0,289,95,111,345,234
0500000US06079,6079,"San Luis Obispo County, California",2006,119290,2745,36217,3412,33221,3298,22410,2477,10811,2100,2957,1109,2113,990,844,443,0,289,0,289,0,289,39,65,83073,3472,72452,3132,22887,2521,49565,3222,10621,1749,6591,1495,4030,1107,0,289,0,289,0,289,0,289
0500000US06081,6081,"San Mateo County, California",2006,343371,5499,111449,5461,95868,5504,59890,4070,35978,3417,15328,1984,12707,1955,2621,919,143,136,40,67,103,117,110,128,231922,7155,195116,6459,104321,6365,90795,5149,36393,2944,29531,2499,6862,1570,122,118,48,79,74,86,291,339
0500000US06083,6083,"Santa Barbara County, California",2006,181196,4409,77861,5299,70819,5021,52703,4302,18116,2474,7042,1617,3160,1258,3882,1056,0,289,0,289,0,289,0,289,103335,5528,97033,5542,31915,2806,65118,4469,6302,1298,3493,986,2809,807,0,289,0,289,0,289,0,289
0500000US06085,6085,"Santa Clara County, California",2006,811512,9332,675007,9794,580386,9014,518352,8873,62034,3851,93353,5395,56854,4039,36499,3157,54,89,54,89,0,289,1214,595,136505,5719,123781,5489,70406,4371,53375,4416,12202,1774,6859,1288,5343,1311,76,123,0,289,76,123,446,389
0500000US06087,6087,"Santa Cruz County, California",2006,121481,3521,48207,3506,39326,3285,29215,2950,10111,1760,8803,1617,4556,1250,4247,1001,0,289,0,289,0,289,78,127,73274,3869,53378,3456,20446,1978,32932,2980,19771,1788,13416,1832,6355,1277,59,96,59,96,0,289,66,108
0500000US06089,6089,"Shasta County, California",2006,72780,3458,36478,3290,34314,3274,28021,2890,6293,1200,866,462,436,320,430,280,1163,564,834,551,329,231,135,159,36302,3318,34844,3210,15763,1894,19081,2687,408,249,170,159,238,216,861,404,492,273,369,259,189,129
0500000US06095,6095,"Solano County, California",2006,182476,3297,97842,4221,52220,3830,40001,2877,12219,2291,45557,3056,22140,2774,23417,2594,0,289,0,289,0,289,65,108,84634,4224,56447,3757,21950,2563,34497,3324,28187,2996,13288,1852,14899,2280,0,289,0,289,0,289,0,289
0500000US06097,6097,"Sonoma County, California",2006,228426,4602,100928,4947,82044,4760,61598,4796,20446,2146,18275,2490,9702,1790,8573,1554,435,283,121,137,314,216,174,167,127498,5194,107525,5218,39685,3257,67840,4498,19284,2017,10067,1308,9217,1779,565,307,107,125,458,273,124,202
0500000US06099,6099,"Stanislaus County, California",2006,206999,4934,81121,4586,65227,3861,46688,3255,18539,2296,15561,2392,5893,1404,9668,1960,278,242,0,289,278,242,55,91,125878,5777,95434,5088,31001,3351,64433,4392,29555,3061,11181,1662,18374,2507,773,507,0,289,773,507,116,125
0500000US06101,6101,"Sutter County, California",2006,40095,2036,24159,2530,17903,2132,9598,1581,8305,1832,5646,1327,2927,915,2719,884,182,159,59,99,123,158,428,286,15936,2255,11130,2005,6029,1523,5101,1286,4463,1553,1843,896,2620,1147,16,28,0,289,16,28,327,202
0500000US06107,6107,"Tulare County, California",2006,158972,4774,61569,4512,53464,4340,40991,4059,12473,1943,8105,1428,3741,1056,4364,1200,0,289,0,289,0,289,0,289,97403,5147,84867,4991,27304,3473,57563,3983,12483,2003,4614,1127,7869,1538,0,289,0,289,0,289,53,85
0500000US06111,6111,"Ventura County, California",2006,383037,5073,222023,7333,182087,6642,148011,7022,34076,3690,39668,3615,21852,2562,17816,2532,0,289,0,289,0,289,268,360,161014,6354,115128,6059,41212,3412,73916,5437,45260,3059,30133,2761,15127,1931,0,289,0,289,0,289,626,463
0500000US06113,6113,"Yolo County, California",2006,83628,3112,23989,3065,22890,3016,15747,2315,7143,1589,1029,480,314,249,715,440,0,289,0,289,0,289,70,118,59639,3364,52297,3486,17345,2490,34952,2985,6708,1303,2808,851,3900,999,252,317,80,134,172,279,382,349
0500000US06001,6001,"Alameda County, California",2007,683964,9956,457974,10421,404102,10015,322354,8745,81748,5217,53228,4243,46777,4099,6451,1521,0,292,0,292,0,292,644,447,225990,8064,200530,7445,109658,5428,90872,4605,24740,2765,20210,2477,4530,1239,517,490,81,141,436,472,203,224
0500000US06007,6007,"Butte County, California",2007,90242,3706,39376,3283,36757,3127,29922,3151,6835,1716,1211,579,239,205,972,500,865,511,58,92,807,519,543,387,50866,3288,44051,2963,13784,1782,30267,2795,5159,1189,2556,838,2603,877,525,456,83,153,442,435,1131,649
0500000US06013,6013,"Contra Costa County, California",2007,473998,7329,31251,3302,29940,3376,18438,2409,11502,2221,1311,679,886,614,425,261,0,292,0,292,0,292,0,292,442747,7978,413885,8345,152267,6668,261618,8408,28031,2603,19265,2055,8766,1510,711,550,564,531,147,140,120,143
0500000US06019,6019,"Fresno County, California",2007,366836,6712,194244,6907,181700,6737,150212,6133,31488,2676,12544,1814,6313,1330,6231,1337,0,292,0,292,0,292,0,292,172592,6429,158771,5995,71957,4431,86814,5391,13821,1747,5380,1169,8441,1562,0,292,0,292,0,292,0,292
0500000US06025,6025,"Imperial County, California",2007,51947,2934,14294,2221,13615,2217,9031,1747,4584,1115,439,278,138,145,301,260,0,292,0,292,0,292,240,203,37653,2716,34540,2801,9144,1672,25396,2623,2597,992,737,424,1860,887,0,292,0,292,0,292,516,482
0500000US06029,6029,"Kern County, California",2007,299226,6119,133266,5339,127328,5285,89344,4397,37984,3208,5748,1186,3989,996,1759,686,43,71,43,71,0,292,147,138,165960,6932,149409,6417,46758,3679,102651,5579,15739,2587,4092,1263,11647,2196,318,264,0,292,318,264,494,499
0500000US06031,6031,"Kings County, California",2007,56058,2889,24795,2989,19318,2690,11166,1847,8152,1722,5477,1753,2711,1024,2766,1267,0,292,0,292,0,292,0,292,31263,3313,25069,2958,4765,1378,20304,2777,6194,1861,2276,1239,3918,1448,0,292,0,292,0,292,0,292
0500000US06037,6037,"Los Angeles County, California",2007,4423707,20832,2568604,25214,2489679,24528,1977785,24872,511894,10176,75240,4590,40732,3633,34508,2817,883,475,117,139,766,468,2802,910,1855103,24285,1774715,23873,791273,15036,983442,19609,78845,6301,37977,4123,40868,3998,327,247,65,108,262,222,1216,417
0500000US06039,6039,"Madera County, California",2007,55530,2810,22036,2657,17192,2382,10363,1805,6829,1696,4741,1466,3037,1129,1704,941,0,292,0,292,0,292,103,164,33494,2981,20922,2760,5039,1562,15883,2277,11864,2001,7802,1846,4062,1156,0,292,0,292,0,292,708,434
0500000US06041,6041,"Marin County, California",2007,123054,3534,29676,3858,27812,3777,20606,2903,7206,1804,1864,777,1684,722,180,182,0,292,0,292,0,292,0,292,93378,4764,87536,4459,39230,3093,48306,3471,5654,1181,3383,926,2271,854,0,292,0,292,0,292,188,247
0500000US06047,6047,"Merced County, California",2007,92158,3077,26809,3081,23091,2885,16110,2552,6981,1706,3602,1328,2191,1207,1411,679,0,292,0,292,0,292,116,192,65349,3580,44251,3599,11082,1837,33169,3320,20828,2669,8748,2085,12080,1860,227,368,0,292,227,368,43,63
0500000US06053,6053,"Monterey County, California",2007,180687,3855,59521,4320,52773,4290,34155,3913,18618,2446,6748,1709,3683,1247,3065,1414,0,292,0,292,0,292,0,292,121166,5132,109096,5089,15870,2395,93226,4539,11912,2191,6941,1597,4971,1764,0,292,0,292,0,292,158,150
0500000US06055,6055,"Napa County, California",2007,63693,2043,35010,2194,27561,2295,17817,2000,9744,1804,7395,1260,3799,1066,3596,883,0,292,0,292,0,292,54,91,28683,2337,20190,2127,5494,1082,14696,1975,8291,1555,5071,1202,3220,986,202,254,49,83,153,240,0,292
0500000US06059,6059,"Orange County, California",2007,1430251,10319,699294,12046,671998,11847,511355,10619,160643,6840,26502,3017,13516,2293,12986,2062,186,232,128,211,58,96,608,350,730957,12296,700680,12560,322798,9580,377882,10507,29857,2962,14532,1884,15325,2091,0,292,0,292,0,292,420,272
0500000US06061,6061,"Placer County, California",2007,162136,4470,55583,3800,51538,4014,33008,3185,18530,2389,3857,1260,2119,956,1738,956,141,135,89,104,52,88,47,77,106553,4450,98014,4758,36352,3425,61662,4472,5811,1282,2628,802,3183,1079,2264,854,836,491,1428,694,464,292
0500000US06065,6065,"Riverside County, California",2007,872667,10080,203696,8942,170642,8348,110532,7596,60110,4717,32826,3504,19287,2781,13539,2305,114,139,73,122,41,67,114,134,668971,10611,540733,10869,128676,6276,412057,10351,127212,6277,73484,4876,53728,4131,233,197,42,72,191,185,793,464
0500000US06067,6067,"Sacramento County, California",2007,620447,6943,303625,7942,288830,7604,214400,7113,74430,4606,13598,2162,7271,1744,6327,1406,509,291,238,203,271,239,688,591,316822,9387,293115,9337,157028,6745,136087,6858,21265,2801,10328,1925,10937,2307,1092,559,741,573,351,335,1350,832
0500000US06071,6071,"San Bernardino County, California",2007,844716,11296,268672,10228,213802,9286,139485,7820,74317,5581,54754,4343,29246,3025,25508,3309,62,105,0,292,62,105,54,88,576044,12366,452990,10272,156090,7398,296900,9109,121854,7514,62624,5401,59230,4973,59,100,59,100,0,292,1141,456
0500000US06073,6073,"San Diego County, California",2007,1396627,11623,722903,11335,698011,11325,575750,10768,122261,5523,22717,2801,12725,1972,9992,2212,368,390,222,316,146,138,1807,657,673724,12414,641172,12417,274094,9029,367078,12265,29801,3160,16229,2344,13572,2185,197,165,80,93,117,138,2554,964
0500000US06077,6077,"San Joaquin County, California",2007,266484,5145,112466,6911,94275,6014,64172,5396,30103,4088,16776,2867,9324,1698,7452,2058,1025,1254,148,250,877,1206,390,308,154018,6402,104884,5699,26348,3455,78536,4933,48920,4137,27061,3184,21859,2668,49,81,0,292,49,81,165,162
0500000US06079,6079,"San Luis Obispo County, California",2007,117972,3264,38999,3852,35933,3735,25463,2807,10470,2154,3066,957,1501,583,1565,757,0,292,0,292,0,292,0,292,78973,4512,71440,4370,21950,2889,49490,4070,7533,1402,4953,1336,2580,1015,0,292,0,292,0,292,0,292
0500000US06081,6081,"San Mateo County, California",2007,353222,5159,113820,7295,98447,7058,64670,5823,33777,4080,15321,1804,12443,1534,2878,803,0,292,0,292,0,292,52,86,239402,8507,200886,8443,109734,7119,91152,4952,38283,2960,32318,2755,5965,1396,76,127,0,292,76,127,157,189
0500000US06083,6083,"Santa Barbara County, California",2007,183274,3783,94489,5149,87577,4413,58147,3619,29430,2873,6837,1842,2428,802,4409,1645,0,292,0,292,0,292,75,130,88785,4766,82799,4701,28704,2720,54095,3548,5917,1292,2880,909,3037,915,0,292,0,292,0,292,69,116
0500000US06085,6085,"Santa Clara County, California",2007,833114,9004,688146,10220,594123,9693,534178,9721,59945,4101,93384,5159,58897,4595,34487,3105,118,201,0,292,118,201,521,382,144968,6614,128450,6266,75428,4657,53022,3929,16422,2475,9350,1638,7072,1552,0,292,0,292,0,292,96,112
0500000US06087,6087,"Santa Cruz County, California",2007,123935,3137,46414,3006,36802,2873,27179,2818,9623,1430,9503,1567,4477,1139,5026,1206,0,292,0,292,0,292,109,135,77521,3923,56491,3584,20662,2421,35829,2647,21030,3144,12210,1854,8820,2345,0,292,0,292,0,292,0,292
0500000US06089,6089,"Shasta County, California",2007,76610,3126,39211,3236,37598,3238,31014,2859,6584,1693,480,306,170,203,310,240,1002,737,783,703,219,233,131,158,37399,3688,34191,3552,19382,2507,14809,2099,1141,486,551,407,590,452,1224,507,880,393,344,278,843,652
0500000US06095,6095,"Solano County, California",2007,182130,4307,98567,4242,55135,3892,40424,3441,14711,2450,43306,3129,24350,2293,18956,2313,55,104,0,292,55,104,71,119,83563,4341,53298,3880,18102,2072,35196,3474,30087,2474,15259,2040,14828,2099,0,292,0,292,0,292,178,168
0500000US06097,6097,"Sonoma County, California",2007,226604,3934,98898,5441,81411,4826,62411,4282,19000,2347,17197,2729,8533,1697,8664,1875,167,120,0,292,167,120,123,208,127706,5566,105342,5263,40442,3445,64900,4722,21376,2413,11648,1789,9728,1577,852,495,89,105,763,475,136,165
0500000US06099,6099,"Stanislaus County, California",2007,204013,5441,77682,4942,61477,4606,42063,4075,19414,2581,15404,2040,6573,1270,8831,1710,453,435,0,292,453,435,348,356,126331,5473,96732,5664,29573,3724,67159,4355,28122,3078,10013,1843,18109,2762,1320,783,120,146,1200,757,157,142
0500000US06101,6101,"Sutter County, California",2007,39057,2332,25707,2445,16445,1857,9940,1496,6505,1316,7990,1396,4794,1413,3196,952,340,279,113,139,227,236,932,518,13350,2070,8703,1498,4167,1089,4536,964,3996,1006,2384,750,1612,628,253,318,38,63,215,308,398,213
0500000US06107,6107,"Tulare County, California",2007,157277,4810,62033,4174,56445,4235,41594,3795,14851,2304,5588,1261,2379,797,3209,989,0,292,0,292,0,292,0,292,95244,4817,79940,5170,22075,3112,57865,4158,15167,2204,5105,1375,10062,1780,0,292,0,292,0,292,137,162
0500000US06111,6111,"Ventura County, California",2007,375552,6076,215512,5884,176732,5799,148307,5538,28425,2991,38240,3140,20278,2271,17962,2462,465,503,0,292,465,503,75,129,160040,6305,115292,6343,48397,4262,66895,5051,44639,3173,29624,2735,15015,2200,0,292,0,292,0,292,109,129
0500000US06113,6113,"Yolo County, California",2007,91015,3640,22925,3355,20839,3094,15032,2922,5807,1047,1910,790,422,304,1488,686,176,286,176,286,0,292,0,292,68090,3668,60106,3476,21391,2607,38715,3018,7900,1626,3442,1061,4458,1107,0,292,0,292,0,292,84,109
0500000US06001,6001,"Alameda County, California",2008,715593,6799,467438,9652,414707,9044,321558,8652,93149,6622,52184,3935,45970,3766,6214,1208,235,267,0,294,235,267,312,320,248155,9982,220130,9452,126649,7281,93481,5444,27225,2758,22726,2362,4499,1484,187,184,130,159,57,95,613,439
0500000US06007,6007,"Butte County, California",2008,90343,3772,41130,3864,36898,3408,30396,3421,6502,1556,2122,826,1178,692,944,587,406,224,188,160,218,199,1704,1128,49213,3782,43241,3467,14628,2199,28613,2661,4241,1169,2297,918,1944,687,576,401,60,101,516,388,1155,566
0500000US06013,6013,"Contra Costa County, California",2008,487764,5844,28350,3017,27263,2928,18536,2211,8727,1508,1087,435,681,370,406,265,0,294,0,294,0,294,0,294,459414,6348,429533,6427,163707,6223,265826,6348,29055,2967,18804,2116,10251,2193,322,288,62,101,260,245,504,282
0500000US06019,6019,"Fresno County, California",2008,364626,6539,192303,7865,178466,7858,144308,7675,34158,3410,13524,2012,5549,1490,7975,1409,219,221,170,204,49,80,94,159,172323,7583,155840,7099,68237,4427,87603,7083,16317,2710,5181,1370,11136,2289,27,47,0,294,27,47,139,161
0500000US06025,6025,"Imperial County, California",2008,56041,2385,15149,2489,14305,2439,8737,1630,5568,1345,807,569,574,470,233,317,0,294,0,294,0,294,37,75,40892,2803,37200,2372,10772,1776,26428,1963,3061,1093,1174,551,1887,887,0,294,0,294,0,294,631,572
0500000US06029,6029,"Kern County, California",2008,312742,6460,138827,6921,133151,6811,95713,5467,37438,4341,5612,1288,3158,906,2454,960,0,294,0,294,0,294,64,105,173915,7320,155953,6654,46662,3835,109291,6420,17171,2864,6444,1876,10727,2350,501,310,104,123,397,284,290,195
0500000US06031,6031,"Kings County, California",2008,58066,4886,26650,3193,21529,2791,13442,2293,8087,1656,5121,1364,3058,992,2063,786,0,294,0,294,0,294,0,294,31416,4455,27590,4330,6930,1376,20660,3884,3799,1175,1500,599,2299,892,0,294,0,294,0,294,27,52
0500000US06037,6037,"Los Angeles County, California",2008,4530548,25742,2632728,26183,2556709,26824,2041213,25956,515496,13285,72703,5150,39450,3694,33253,3107,610,374,284,325,326,220,2706,1069,1897820,23897,1820661,24006,811431,16913,1009230,17597,74365,4137,34979,3089,39386,2730,156,154,0,294,156,154,2638,912
0500000US06039,6039,"Madera County, California",2008,47747,3407,17327,2722,13632,2586,9157,2171,4475,1241,3695,1199,2905,1164,790,458,0,294,0,294,0,294,0,294,30420,2974,20197,2561,4565,1310,15632,2261,9660,1555,6859,1393,2801,772,0,294,0,294,0,294,563,445
0500000US06041,6041,"Marin County, California",2008,128185,3335,27404,2784,26240,2709,17047,2499,9193,2002,1164,735,925,741,239,199,0,294,0,294,0,294,0,294,100781,3859,94652,3781,41482,3279,53170,3637,5995,1499,4571,1298,1424,609,66,109,0,294,66,109,68,82
0500000US06047,6047,"Merced County, California",2008,93577,3537,28637,3225,24145,3206,16712,2658,7433,1555,4193,1207,1920,975,2273,806,139,229,0,294,139,229,160,204,64940,3581,44199,3328,11769,1639,32430,3258,20641,2783,7475,1577,13166,2327,100,169,100,169,0,294,0,294
0500000US06053,6053,"Monterey County, California",2008,179919,4395,60873,5054,55775,4906,36049,3921,19726,2983,5098,1192,2061,808,3037,953,0,294,0,294,0,294,0,294,119046,5792,106779,5435,17724,2464,89055,4853,12098,2230,6636,1415,5462,1500,0,294,0,294,0,294,169,199
0500000US06055,6055,"Napa County, California",2008,65694,3359,38818,4208,33756,4253,20425,2625,13331,3803,5010,1175,2448,843,2562,885,0,294,0,294,0,294,52,88,26876,3360,19486,2534,5516,1290,13970,2270,7059,2148,4826,1609,2233,833,331,428,0,294,331,428,0,294
0500000US06059,6059,"Orange County, California",2008,1469509,9020,705836,13006,685352,13077,530798,11184,154554,6853,20138,3245,10785,2195,9353,1824,142,134,0,294,142,134,204,202,763673,13488,736793,12735,347789,8808,389004,11778,26078,2923,14041,2023,12037,1965,266,234,213,216,53,87,536,277
0500000US06061,6061,"Placer County, California",2008,165778,4340,59342,4919,56670,5069,40653,4323,16017,2066,2357,858,1749,800,608,418,94,110,94,110,0,294,221,296,106436,5768,98364,5681,39397,3601,58967,4304,5652,1367,2162,727,3490,1086,2362,936,1366,653,996,569,58,96
0500000US06065,6065,"Riverside County, California",2008,880102,10454,210647,10473,175173,9178,113718,7663,61455,4665,35175,4053,19731,2655,15444,2554,0,294,0,294,0,294,299,230,669455,11806,541448,13322,141289,7344,400159,12258,126530,7477,75181,6132,51349,4449,708,556,247,210,461,516,769,430
0500000US06067,6067,"Sacramento County, California",2008,628808,8397,313740,8914,295818,8239,219143,7397,76675,4594,15876,2399,7489,1408,8387,1924,1070,969,703,651,367,387,976,353,315068,9490,294618,9713,157547,7163,137071,6577,18355,2454,8381,1696,9974,1873,658,373,314,299,344,223,1437,667
0500000US06071,6071,"San Bernardino County, California",2008,847918,11894,284846,11680,230946,10073,142541,8468,88405,6627,53802,4936,28938,3803,24864,3373,98,115,0,294,98,115,0,294,563072,11850,443242,11359,154351,7813,288891,8935,118632,6303,58514,4143,60118,4685,629,1053,0,294,629,1053,569,296
0500000US06073,6073,"San Diego County, California",2008,1422322,13947,721111,14429,703743,14217,572491,12777,131252,6375,15904,1849,9694,1588,6210,1183,339,268,105,123,234,239,1125,505,701211,15329,672484,15127,285331,9200,387153,12853,25692,2671,12428,1872,13264,2089,263,284,0,294,263,284,2772,1074
0500000US06077,6077,"San Joaquin County, California",2008,273076,5827,104685,5673,88538,5464,64023,4741,24515,2755,15287,2116,8295,1854,6992,1412,0,294,0,294,0,294,860,769,168391,6794,116132,6502,29957,3468,86175,5261,51124,3597,27486,2519,23638,2675,638,425,103,171,535,395,497,281
0500000US06079,6079,"San Luis Obispo County, California",2008,125195,4379,40806,4079,39258,3970,26350,3419,12908,2203,1511,694,953,676,558,475,37,70,0,294,37,70,0,294,84389,4959,71958,4964,23624,2622,48334,4299,12274,2055,8093,1759,4181,1073,94,114,49,87,45,74,63,105
0500000US06081,6081,"San Mateo County, California",2008,363557,6105,119360,6737,102044,6219,67193,5341,34851,3274,17098,2235,15288,2220,1810,684,81,137,0,294,81,137,137,158,244197,7686,207012,7026,108001,5402,99011,5799,36604,3116,30454,2826,6150,986,139,162,73,122,66,104,442,312
0500000US06083,6083,"Santa Barbara County, California",2008,191943,4401,97832,5411,91195,4995,73963,4349,17232,2373,6179,1543,2646,1067,3533,1375,399,568,399,568,0,294,59,96,94111,5555,87639,5269,41193,4209,46446,4023,6472,1261,3391,973,3081,782,0,294,0,294,0,294,0,294
0500000US06085,6085,"Santa Clara County, California",2008,865247,10179,713774,10391,620858,9893,563065,9715,57793,5157,91247,5874,57427,4574,33820,3528,120,140,120,140,0,294,1549,569,151473,7961,134748,7508,79661,5445,55087,5296,16456,1955,9736,1550,6720,1261,0,294,0,294,0,294,269,232
0500000US06087,6087,"Santa Cruz County, California",2008,126810,3995,48417,3466,40727,3495,28990,3001,11737,1897,7644,1213,4655,799,2989,870,0,294,0,294,0,294,46,78,78393,3988,55266,4142,23519,2659,31747,3315,22885,2851,14834,2443,8051,1668,0,294,0,294,0,294,242,331
0500000US06089,6089,"Shasta County, California",2008,73604,3386,39486,2993,37725,3054,32041,2892,5684,1478,683,578,623,578,60,97,743,476,539,414,204,241,335,343,34118,3353,32442,3199,17637,2284,14805,1917,597,311,356,247,241,201,735,384,259,255,476,266,344,250
0500000US06095,6095,"Solano County, California",2008,190507,4383,102831,5182,56947,4042,43747,3249,13200,2262,45404,3239,23515,2438,21889,2741,394,341,211,252,183,226,86,104,87676,5510,54696,4534,24629,2926,30067,3206,32777,3506,15718,2683,17059,2433,103,117,49,80,54,87,100,123
0500000US06097,6097,"Sonoma County, California",2008,230919,4741,106553,5065,88380,4954,65017,4474,23363,2599,17781,2804,8391,1746,9390,1965,285,353,0,294,285,353,107,125,124366,5198,105624,5464,37808,3279,67816,4436,17312,2154,9604,1564,7708,1475,1381,639,600,442,781,471,49,79
0500000US06099,6099,"Stanislaus County, California",2008,212020,5218,86041,4661,68196,4219,46796,3818,21400,2565,17680,2136,6856,1406,10824,1901,106,126,0,294,106,126,59,98,125979,5766,95313,4802,27219,2537,68094,4610,29762,2726,11861,1726,17901,2150,744,392,135,221,609,325,160,121
0500000US06101,6101,"Sutter County, California",2008,39208,2337,25557,2466,18303,2283,13481,2080,4822,1021,6338,1454,3866,1106,2472,826,433,421,252,303,181,274,483,280,13651,2094,8272,1378,3400,899,4872,1040,4953,1213,2676,921,2277,760,0,294,0,294,0,294,426,334
0500000US06107,6107,"Tulare County, California",2008,167842,5327,74577,4545,67796,4374,51308,3830,16488,2709,6411,1220,3271,903,3140,990,151,256,151,256,0,294,219,182,93265,5535,79445,5195,24421,2927,55024,4784,13604,1848,4624,1461,8980,1552,0,294,0,294,0,294,216,272
0500000US06111,6111,"Ventura County, California",2008,380445,6309,225488,8074,184742,7299,150491,6712,34251,3476,40689,4510,21584,3207,19105,2436,0,294,0,294,0,294,57,89,154957,7081,109341,6354,45258,4066,64083,5077,45564,3350,32305,2840,13259,2032,0,294,0,294,0,294,52,84
0500000US06113,6113,"Yolo County, California",2008,91632,5888,20939,2954,18828,2703,13379,2215,5449,1297,1910,697,381,250,1529,671,0,294,0,294,0,294,201,205,70693,4758,62723,4349,21188,2444,41535,3897,7103,1794,2676,955,4427,1341,459,525,0,294,459,525,408,368
0500000US06001,6001,"Alameda County, California",2009,700618,8954,470108,8591,415411,9025,333023,8182,82388,4912,54338,3893,49348,3595,4990,1328,0,294,0,294,0,294,359,258,230510,4977,202624,4832,110764,5168,91860,4514,27629,3014,23560,2584,4069,1340,257,258,117,194,140,165,0,294
0500000US06007,6007,"Butte County, California",2009,86568,4336,38876,3215,35174,3007,29623,2728,5551,1367,1480,601,349,296,1131,530,1345,679,151,148,1194,680,877,558,47692,3267,41959,3256,12914,2288,29045,2689,4269,1116,1763,649,2506,856,367,289,0,294,367,289,1097,787
0500000US06013,6013,"Contra Costa County, California",2009,472142,7425,28836,1935,28266,1931,17328,1769,10938,1392,570,347,414,287,156,184,0,294,0,294,0,294,0,294,443306,7012,416069,7237,157123,6107,258946,6779,26777,3012,17102,2307,9675,2174,353,240,56,94,297,223,107,151
0500000US06019,6019,"Fresno County, California",2009,334036,7509,175605,5974,163707,6294,131173,5603,32534,3311,11661,1876,4943,1060,6718,1489,95,152,0,294,95,152,142,231,158431,5967,145307,5706,61018,3816,84289,5049,13124,1937,4789,1251,8335,1489,0,294,0,294,0,294,0,294
0500000US06025,6025,"Imperial County, California",2009,55797,2897,14903,1724,13905,1650,7783,1319,6122,1245,998,485,404,273,594,437,0,294,0,294,0,294,0,294,40894,2422,37112,2398,9361,1625,27751,2372,2677,751,873,417,1804,665,0,294,0,294,0,294,1105,617
0500000US06029,6029,"Kern County, California",2009,291189,6649,127049,4997,121167,4812,84826,4478,36341,3238,5584,1491,3195,1071,2389,936,142,171,54,88,88,148,156,168,164140,6641,150207,6420,47670,4057,102537,5670,13636,2373,3866,1024,9770,2229,297,273,35,60,262,263,0,294
0500000US06031,6031,"Kings County, California",2009,55819,2377,25435,2241,21748,2217,13624,1884,8124,1689,3687,793,1677,544,2010,732,0,294,0,294,0,294,0,294,30384,2221,22851,2516,4837,1065,18014,2395,7533,2503,1385,722,6148,2384,0,294,0,294,0,294,0,294
0500000US06037,6037,"Los Angeles County, California",2009,4388488,20534,2567201,21088,2492255,21753,1969395,19846,522860,12391,72782,4391,39202,3520,33580,3044,724,406,333,286,391,293,1440,606,1821287,16084,1749252,16323,771503,13946,977749,16715,70249,5178,34204,3218,36045,3740,264,229,96,157,168,169,1522,534
0500000US06039,6039,"Madera County, California",2009,44731,3035,18693,2573,13067,2240,9426,1991,3641,1050,5626,1263,3335,1036,2291,862,0,294,0,294,0,294,0,294,26038,2602,16129,1819,4061,1225,12068,1676,9291,1936,6550,1309,2741,1111,75,124,0,294,75,124,543,366
0500000US06041,6041,"Marin County, California",2009,121244,3170,28045,1958,27063,2082,18437,2242,8626,1430,982,524,715,453,267,293,0,294,0,294,0,294,0,294,93199,3379,86793,3415,37511,2531,49282,2781,6180,1393,3918,1189,2262,699,43,73,0,294,43,73,183,179
0500000US06047,6047,"Merced County, California",2009,84971,3466,26939,1942,23406,2053,17166,1882,6240,1265,3398,1082,2055,933,1343,636,48,79,0,294,48,79,87,98,58032,3406,41124,3580,9305,1409,31819,3290,16646,1964,5669,1269,10977,1858,150,245,0,294,150,245,112,133
0500000US06053,6053,"Monterey County, California",2009,175688,4466,62187,3498,56628,3351,36357,3370,20271,2973,5498,1287,2315,929,3183,1007,61,102,0,294,61,102,0,294,113501,3644,101683,3897,16724,2239,84959,3813,11494,2075,7571,1535,3923,1071,176,282,0,294,176,282,148,128
0500000US06055,6055,"Napa County, California",2009,62487,2205,36787,2123,29211,2107,18563,2148,10648,1841,7350,1599,3674,951,3676,1164,43,72,0,294,43,72,183,226,25700,1705,16161,1673,4498,975,11663,1494,9257,1580,5828,1367,3429,975,282,241,47,80,235,232,0,294
0500000US06059,6059,"Orange County, California",2009,1418167,9740,696203,10647,674485,10717,512345,11215,162140,8059,21056,2608,10567,2033,10489,1766,425,363,201,256,224,250,237,183,721964,8493,692200,8658,326894,8588,365306,8915,29194,2772,15196,1861,13998,2022,115,134,0,294,115,134,455,267
0500000US06061,6061,"Placer County, California",2009,157603,3666,52426,2909,50261,3279,33856,2761,16405,2407,2114,1008,1390,857,724,509,0,294,0,294,0,294,51,89,105177,3747,96006,3892,32346,2688,63660,3631,5885,1451,2645,822,3240,1096,2874,1180,1772,1011,1102,569,412,555
0500000US06065,6065,"Riverside County, California",2009,836155,11323,192139,6507,157251,6341,105729,5494,51522,4040,34488,3435,18834,2487,15654,2397,73,120,73,120,0,294,327,205,644016,9962,510379,9589,120173,6743,390206,9259,132380,5090,76127,4451,56253,4236,375,256,181,177,194,189,882,470
0500000US06067,6067,"Sacramento County, California",2009,590272,9085,292906,8701,279495,8373,206521,7538,72974,4418,12574,2148,6281,1378,6293,1567,289,204,192,186,97,84,548,385,297366,7479,275946,7293,156736,7042,119210,5363,20329,2965,9648,1914,10681,2250,232,189,57,94,175,164,859,458
0500000US06071,6071,"San Bernardino County, California",2009,791651,8857,262956,6621,205287,6527,130313,6377,74974,5175,57669,3984,29899,2959,27770,3176,0,294,0,294,0,294,0,294,528695,8220,410768,8911,136416,6673,274352,8774,117007,5655,57928,4295,59079,4573,342,338,65,107,277,323,578,339
0500000US06073,6073,"San Diego County, California",2009,1406411,15434,726850,10653,709345,10508,586483,11165,122862,5900,14997,2018,8927,1683,6070,1204,342,319,342,319,0,294,2166,752,679561,10708,652591,10694,277425,8008,375166,9909,23916,2520,11637,1856,12279,1549,433,321,119,147,314,284,2621,1048
0500000US06077,6077,"San Joaquin County, California",2009,256302,7138,104472,4393,86777,4556,63150,3784,23627,2590,16182,2421,8859,1851,7323,1906,367,391,0,294,367,391,1146,793,151830,6447,98250,5139,27767,3057,70483,4464,52695,4518,29693,3298,23002,2785,109,127,0,294,109,127,776,507
0500000US06079,6079,"San Luis Obispo County, California",2009,120185,3652,32524,2603,30354,2660,23085,2524,7269,1272,2170,795,914,482,1256,688,0,294,0,294,0,294,0,294,87661,3249,77200,3753,24505,2888,52695,3617,10397,2035,6690,1715,3707,904,64,107,0,294,64,107,0,294
0500000US06081,6081,"San Mateo County, California",2009,352698,6570,116150,3931,100420,3875,68653,3572,31767,2581,15666,2173,14027,2056,1639,586,0,294,0,294,0,294,64,107,236548,5721,194253,5312,99046,4952,95207,5535,41780,2899,35811,3214,5969,1239,66,107,0,294,66,107,449,379
0500000US06083,6083,"Santa Barbara County, California",2009,180458,4151,90790,3260,84082,3377,67597,3353,16485,2214,6416,1261,1987,657,4429,1094,94,113,45,77,49,83,198,193,89668,3719,84480,3674,38430,2875,46050,3917,5098,1239,1987,635,3111,1080,0,294,0,294,0,294,90,145
0500000US06085,6085,"Santa Clara County, California",2009,829662,10075,683835,9404,594504,9416,539637,10074,54867,4265,88224,4712,55789,3960,32435,3099,70,116,70,116,0,294,1037,562,145827,5058,130987,5113,74188,4036,56799,4059,14485,2129,8928,1689,5557,1242,0,294,0,294,0,294,355,286
0500000US06087,6087,"Santa Cruz County, California",2009,116061,4192,43611,3001,36328,3129,27567,2923,8761,1813,7283,1846,3918,1009,3365,1290,0,294,0,294,0,294,0,294,72450,3058,53729,3364,19527,2978,34202,2983,18634,2465,11837,1992,6797,1377,49,85,0,294,49,85,38,66
0500000US06089,6089,"Shasta County, California",2009,69140,3085,37281,2566,35259,2634,29731,2642,5528,1034,940,490,408,333,532,382,684,448,684,448,0,294,398,350,31859,1908,29402,1956,16049,1756,13353,1583,918,488,473,313,445,344,887,426,503,314,384,301,652,483
0500000US06095,6095,"Solano County, California",2009,181460,4498,95557,3292,49796,3119,38751,2877,11045,1663,45557,3281,23868,2531,21689,2116,32,52,0,294,32,52,172,209,85903,3415,55934,3093,22532,2884,33402,2816,29803,2363,15487,2123,14316,1723,0,294,0,294,0,294,166,198
0500000US06097,6097,"Sonoma County, California",2009,222386,4457,101369,4050,83539,3978,64716,4105,18823,2212,16381,2304,8043,1725,8338,1488,1391,811,194,315,1197,754,58,97,121017,3569,102034,3426,41573,3213,60461,3317,17837,2500,8345,1290,9492,1894,1146,544,292,250,854,470,0,294
0500000US06099,6099,"Stanislaus County, California",2009,193642,4258,76178,3288,63345,3034,43609,3068,19736,2238,12633,1779,4768,1071,7865,1452,200,272,0,294,200,272,0,294,117464,4388,87914,4518,28092,2958,59822,3965,28475,2765,12347,1866,16128,2329,500,300,124,202,376,228,575,380
0500000US06101,6101,"Sutter County, California",2009,35808,1809,23880,1961,17588,1893,11294,1687,6294,1194,6027,1540,2697,882,3330,1015,112,118,34,61,78,99,153,182,11928,1226,8255,1128,3266,742,4989,1012,3327,808,1852,731,1475,535,0,294,0,294,0,294,346,291
0500000US06107,6107,"Tulare County, California",2009,159921,5139,66863,3724,60025,3776,44863,3341,15162,2329,6838,1211,4057,1019,2781,878,0,294,0,294,0,294,0,294,93058,4001,80488,3658,23372,2290,57116,3305,12505,2000,4589,1152,7916,1413,0,294,0,294,0,294,65,85
0500000US06111,6111,"Ventura County, California",2009,367501,5619,218697,5293,176409,5101,143630,4701,32779,3398,42111,3555,23056,2844,19055,2699,0,294,0,294,0,294,177,177,148804,3984,104615,4418,41034,3316,63581,3490,44189,3148,31162,3133,13027,1584,0,294,0,294,0,294,0,294
0500000US06113,6113,"Yolo County, California",2009,86234,3444,24391,2111,22446,2142,13995,1818,8451,1594,1771,661,614,387,1157,544,0,294,0,294,0,294,174,228,61843,2855,55301,2807,21525,2170,33776,2382,6445,1339,3032,1010,3413,932,0,294,0,294,0,294,97,153
0500000US06001,6001,"Alameda County, California",2010,678334,9174,450774,6802,395205,7103,313942,7307,81263,4667,54654,3822,46828,3519,7826,1749,86,101,45,74,41,69,829,488,227560,6962,203784,6391,111882,6040,91902,4720,23118,2464,20610,2369,2508,794,0,294,0,294,0,294,658,404
0500000US06007,6007,"Butte County, California",2010,83746,3503,38964,2471,36236,2669,29649,2412,6587,1325,1200,652,950,600,250,225,805,516,279,270,526,428,723,359,44782,2899,39844,2815,11114,1904,28730,2957,3934,921,1835,703,2099,751,378,308,47,56,331,302,626,596
0500000US06013,6013,"Contra Costa County, California",2010,463732,8849,28119,1888,25944,1827,16941,1953,9003,1582,2063,749,1178,503,885,534,0,294,0,294,0,294,112,134,435613,8505,406046,8819,142986,6771,263060,8566,28664,3270,22583,2754,6081,1211,152,177,88,144,64,106,751,417
0500000US06019,6019,"Fresno County, California",2010,346889,7208,181596,5840,171021,5998,136841,5819,34180,3631,10575,1981,4573,1277,6002,1582,0,294,0,294,0,294,0,294,165293,5509,149088,5551,63370,4559,85718,4930,16032,2396,6786,1525,9246,1700,65,80,29,48,36,62,108,127
0500000US06025,6025,"Imperial County, California",2010,54001,2464,15621,1541,14882,1541,8626,1384,6256,1326,602,376,79,96,523,369,0,294,0,294,0,294,137,165,38380,2192,34961,2186,10873,1590,24088,2310,2300,876,678,400,1622,764,0,294,0,294,0,294,1119,720
0500000US06029,6029,"Kern County, California",2010,301281,6358,147579,5198,140497,4917,100760,4580,39737,3829,6870,1399,2942,759,3928,1271,0,294,0,294,0,294,212,307,153702,5275,140387,5196,48283,3882,92104,5184,13172,2035,4231,1281,8941,1787,96,111,0,294,96,111,47,77
0500000US06031,6031,"Kings County, California",2010,55163,2910,24767,2245,19908,2249,14458,2206,5450,1360,4819,1366,2198,871,2621,1047,40,67,0,294,40,67,0,294,30396,2685,23546,2829,6508,1316,17038,2763,6850,1589,2142,755,4708,1490,0,294,0,294,0,294,0,294
0500000US06037,6037,"Los Angeles County, California",2010,4283494,22485,2494273,18136,2421544,18851,1925605,19159,495939,10553,70176,4863,41129,4458,29047,2874,597,460,193,316,404,331,1956,593,1789221,16780,1715096,16393,769237,15962,945859,13491,72815,4606,31655,2886,41160,3901,349,404,349,404,0,294,961,469
0500000US06039,6039,"Madera County, California",2010,41928,3110,20788,2523,13698,2230,9788,1513,3910,1401,7036,1642,4567,1368,2469,953,0,294,0,294,0,294,54,91,21140,2200,12497,1788,3606,917,8891,1605,8201,1384,5980,1238,2221,811,0,294,0,294,0,294,442,355
0500000US06041,6041,"Marin County, California",2010,117025,3523,28630,2235,26919,2319,17672,2266,9247,2000,1711,919,952,540,759,780,0,294,0,294,0,294,0,294,88395,3206,80791,3046,38102,3051,42689,2563,7228,1677,4693,1258,2535,1198,140,227,0,294,140,227,236,219
0500000US06047,6047,"Merced County, California",2010,91846,4004,28351,2580,25014,2630,16152,2472,8862,1676,3261,1020,2023,747,1238,535,76,130,0,294,76,130,0,294,63495,3378,44126,3177,10972,1514,33154,3075,19196,2472,7466,1471,11730,2145,0,294,0,294,0,294,173,209
0500000US06053,6053,"Monterey County, California",2010,178998,4247,59459,3147,54822,3264,38254,2841,16568,2282,4637,1207,3040,976,1597,602,0,294,0,294,0,294,0,294,119539,3804,106520,4028,19028,2626,87492,4504,12863,2322,7910,1801,4953,1266,0,294,0,294,0,294,156,151
0500000US06055,6055,"Napa County, California",2010,61310,3470,33452,2385,28233,2474,17859,2104,10374,1681,5219,1186,3450,988,1769,600,0,294,0,294,0,294,0,294,27858,2677,20015,2303,5235,1333,14780,2259,7603,1693,4380,1362,3223,890,240,302,0,294,240,302,0,294
0500000US06059,6059,"Orange County, California",2010,1390898,12672,677787,10782,653987,10410,492366,10955,161621,6297,22833,2922,11082,1832,11751,2148,236,197,64,106,172,167,731,440,713111,8195,687395,8623,321595,7731,365800,7873,24699,2564,11671,1792,13028,1605,385,249,76,124,309,214,632,392
0500000US06061,6061,"Placer County, California",2010,149735,3410,52900,2860,51244,2846,37405,2725,13839,2178,1517,776,707,491,810,578,83,142,0,294,83,142,56,100,96835,3316,88857,3374,32977,2816,55880,3896,6095,1275,2777,801,3318,1099,1823,568,1035,447,788,460,60,103
0500000US06065,6065,"Riverside County, California",2010,832355,11145,201438,6943,160707,6524,98070,5723,62637,4938,40486,4238,23578,3094,16908,2598,117,142,0,294,117,142,128,153,630917,10014,493288,10666,144013,6765,349275,9947,136896,5937,81011,5185,55885,4104,153,254,0,294,153,254,580,333
0500000US06067,6067,"Sacramento County, California",2010,579753,8652,282721,7822,267293,7669,200230,5985,67063,4755,14141,2102,8050,1542,6091,1313,686,512,266,351,420,372,601,389,297032,8016,279581,8091,151077,6990,128504,6572,15911,2233,8215,1508,7696,1673,462,360,227,217,235,287,1078,502
0500000US06071,6071,"San Bernardino County, California",2010,781988,9610,258480,6997,207782,7591,131843,6802,75939,4918,50312,3814,22781,2991,27531,2711,0,294,0,294,0,294,386,320,523508,8376,405121,9274,133998,6286,271123,9068,117359,6023,61723,4976,55636,4167,333,544,0,294,333,544,695,407
0500000US06073,6073,"San Diego County, California",2010,1389165,15552,722805,11141,703856,10475,582910,10061,120946,5447,17271,2222,11259,1778,6012,1204,248,291,0,294,248,291,1430,691,666360,11590,643441,11412,289234,9162,354207,10703,19803,2310,9888,1645,9915,1837,203,262,50,82,153,250,2913,1090
0500000US06077,6077,"San Joaquin County, California",2010,255751,6473,106639,4622,90563,4276,63776,4176,26787,3322,15453,2080,8649,1559,6804,1652,335,343,229,283,106,123,288,242,149112,4624,98789,4680,28169,2942,70620,4251,49333,4120,26805,3141,22528,2896,507,395,133,219,374,333,483,344
0500000US06079,6079,"San Luis Obispo County, California",2010,115332,4153,35454,2393,32717,2425,22027,2626,10690,1696,2737,885,1297,563,1440,623,0,294,0,294,0,294,0,294,79878,3501,69644,3477,19942,2204,49702,3669,10234,1653,6772,1341,3462,951,0,294,0,294,0,294,0,294
0500000US06081,6081,"San Mateo County, California",2010,352684,5789,117798,4140,102691,4296,66058,3640,36633,3482,15058,1981,13795,1899,1263,442,0,294,0,294,0,294,49,81,234886,5205,199808,5435,104103,4405,95705,4746,34765,2778,28873,2711,5892,1260,71,122,0,294,71,122,242,253
0500000US06083,6083,"Santa Barbara County, California",2010,182446,3711,99073,3454,92770,3251,73006,3298,19764,2413,6196,1319,2975,978,3221,944,0,294,0,294,0,294,107,126,83373,3196,78841,3240,32072,2661,46769,3068,4437,1065,2639,884,1798,542,0,294,0,294,0,294,95,134
0500000US06085,6085,"Santa Clara County, California",2010,812674,8215,674258,7389,583727,9066,526810,9412,56917,4637,89155,5055,54610,4422,34545,3480,691,459,157,181,534,384,685,460,138416,4682,120817,4817,71686,3986,49131,4080,17309,2255,9807,1521,7502,1443,0,294,0,294,0,294,290,194
0500000US06087,6087,"Santa Cruz County, California",2010,114373,7397,46866,5222,39996,4557,30633,3981,9363,1913,6707,1674,4203,1177,2504,859,58,97,0,294,58,97,105,171,67507,4305,49070,3807,21240,2825,27830,2935,18321,2399,13534,1968,4787,1064,116,193,0,294,116,193,0,294
0500000US06089,6089,"Shasta County, California",2010,62567,3681,32487,3217,31234,3085,25917,2947,5317,1317,74,122,0,294,74,122,734,538,584,494,150,235,445,448,30080,2185,27857,2127,13947,2167,13910,1818,744,431,566,460,178,194,1245,691,509,472,736,489,234,204
0500000US06095,6095,"Solano County, California",2010,178631,5968,94493,3981,53546,4213,40416,3424,13130,2272,40799,3397,20609,2477,20190,2365,0,294,0,294,0,294,148,149,84138,4905,57944,3868,21416,2612,36528,3516,25967,2877,13888,2177,12079,2075,195,186,0,294,195,186,32,52
0500000US06097,6097,"Sonoma County, California",2010,219015,5553,99357,4114,81765,4445,60473,3615,21292,2668,17304,2247,6938,1131,10366,2031,288,264,127,152,161,218,0,294,119658,4178,100736,4026,38732,3028,62004,3758,18088,2195,9674,1784,8414,1563,743,360,217,210,526,314,91,150
0500000US06099,6099,"Stanislaus County, California",2010,193710,5531,74571,3662,60318,3059,41031,2920,19287,2078,14253,2326,5957,1452,8296,1724,0,294,0,294,0,294,0,294,119139,4392,93213,5047,28825,3047,64388,4093,24977,2944,8142,1539,16835,2421,819,497,0,294,819,497,130,152
0500000US06101,6101,"Sutter County, California",2010,35971,2436,24836,1893,18274,1895,11956,1609,6318,1433,5240,1259,2719,947,2521,862,808,493,167,194,641,437,514,427,11135,1492,6435,1351,2936,858,3499,1383,3598,948,1298,539,2300,886,168,212,71,125,97,165,934,693
0500000US06107,6107,"Tulare County, California",2010,166275,3965,69854,3414,59600,2864,42713,2978,16887,2110,10254,1952,6362,1233,3892,1375,0,294,0,294,0,294,0,294,96421,3233,83630,3312,22585,2303,61045,3605,12718,1669,5393,1120,7325,1387,0,294,0,294,0,294,73,125
0500000US06111,6111,"Ventura County, California",2010,380895,7353,226303,6889,188547,6188,151367,5768,37180,3805,37613,3369,20140,2570,17473,2416,0,294,0,294,0,294,143,111,154592,4563,110167,4548,45649,3789,64518,4561,44004,3834,30853,3015,13151,1969,0,294,0,294,0,294,421,367
0500000US06113,6113,"Yolo County, California",2010,84903,6535,24385,2100,21160,2145,13459,1688,7701,1640,3015,1095,801,544,2214,1029,53,86,53,86,0,294,157,253,60518,5640,53969,5217,19112,2196,34857,4143,6426,1530,3573,1126,2853,960,0,294,0,294,0,294,123,159
0500000US06001,6001,"Alameda County, California",2011,667682,9937,446235,7977,394912,8106,313990,8124,80922,4772,50412,3716,44277,3758,6135,1011,149,185,102,170,47,79,762,504,221447,5878,196751,5639,108684,4621,88067,4633,24401,2790,20211,2642,4190,866,115,134,115,134,0,208,180,173
0500000US06007,6007,"Butte County, California",2011,82842,3182,37968,2671,35488,2728,27890,2716,7598,1571,1307,732,785,555,522,429,518,445,71,108,447,421,655,359,44874,3373,40505,3084,12004,2199,28501,2519,3545,1251,1553,665,1992,812,303,260,20,35,283,256,521,310
0500000US06013,6013,"Contra Costa County, California",2011,471399,8863,32162,2660,30162,2601,20030,2236,10132,1947,1828,818,1129,617,699,482,0,208,0,208,0,208,172,181,439237,8646,409425,8802,145208,6136,264217,8328,28934,3395,21599,2616,7335,1741,138,133,31,50,107,123,740,568
0500000US06019,6019,"Fresno County, California",2011,340528,8282,180477,6096,167479,6191,133642,5965,33837,3632,12716,2064,5887,1282,6829,1511,215,201,69,91,146,178,67,113,160051,6362,143748,5989,61423,3827,82325,5467,16303,2761,5234,1182,11069,2320,0,208,0,208,0,208,0,208
0500000US06029,6029,"Kern County, California",2011,308929,7649,156399,5743,149026,5767,109285,5940,39741,3189,7188,1685,3453,1260,3735,1431,75,132,0,208,75,132,110,135,152530,5421,139621,5503,44686,3700,94935,5255,12220,2271,3787,1052,8433,2289,400,291,0,208,400,291,289,336
0500000US06031,6031,"Kings County, California",2011,53207,2400,26689,1886,20958,1962,13776,1964,7182,1597,5605,1315,2951,885,2654,959,0,208,0,208,0,208,126,217,26518,2004,22259,2247,5309,1027,16950,1993,4259,1169,1339,487,2920,945,0,208,0,208,0,208,0,208
0500000US06037,6037,"Los Angeles County, California",2011,4303073,19147,2513642,13781,2442439,14211,1930780,14820,511659,10724,68037,4330,39173,3441,28864,2483,1082,475,453,328,629,362,2084,676,1789431,16166,1714469,16394,769909,13315,944560,15165,72909,5397,36043,3722,36866,3027,662,405,272,295,390,238,1391,493
0500000US06039,6039,"Madera County, California",2011,41235,3176,20724,2276,14821,2043,11262,2032,3559,1008,5903,1475,3402,1026,2501,1141,0,208,0,208,0,208,0,208,20511,2452,13861,2170,4139,1017,9722,1887,6621,1514,4366,1211,2255,959,0,208,0,208,0,208,29,44
0500000US06041,6041,"Marin County, California",2011,118997,4261,28113,1781,26653,1885,18207,2021,8446,1874,1361,878,1073,826,288,291,34,57,0,208,34,57,65,113,90884,4066,85210,4005,34501,3119,50709,3413,5602,1281,3580,1116,2022,937,72,123,0,208,72,123,0,208
0500000US06047,6047,"Merced County, California",2011,91605,3776,29573,2241,25132,2060,18432,2051,6700,1486,4299,1335,2821,1222,1478,649,0,208,0,208,0,208,142,154,62032,3333,41789,3013,9549,1642,32240,2664,20243,2645,7118,1602,13125,2320,0,208,0,208,0,208,0,208
0500000US06053,6053,"Monterey County, California",2011,168252,5937,60483,3139,55259,3032,36217,3054,19042,2377,5224,1536,2125,867,3099,1271,0,208,0,208,0,208,0,208,107769,4935,96257,4685,16938,2017,79319,4576,11355,1885,7477,1600,3878,979,69,110,69,110,0,208,88,143
0500000US06055,6055,"Napa County, California",2011,63615,2915,37569,2256,31996,2148,21663,1989,10333,1650,5573,1413,2510,920,3063,874,0,208,0,208,0,208,0,208,26046,2139,18104,2023,4486,1056,13618,1850,7914,1330,4675,953,3239,865,28,36,19,32,9,17,0,208
0500000US06059,6059,"Orange County, California",2011,1412589,11191,685484,9557,667520,9603,510116,9017,157404,5099,17365,1960,8122,1170,9243,1664,155,163,32,53,123,154,444,344,727105,8285,699588,7897,335677,8237,363911,9718,26634,2681,11969,1757,14665,1965,161,162,41,70,120,146,722,349
0500000US06061,6061,"Placer County, California",2011,153121,4959,53947,3740,50497,3622,36282,3328,14215,2249,3081,1115,1135,589,1946,884,109,183,109,183,0,208,260,253,99174,3985,88475,4021,33185,2964,55290,4638,8751,1983,3310,1080,5441,1841,1948,808,996,302,952,726,0,208
0500000US06065,6065,"Riverside County, California",2011,840812,11476,202639,6961,162550,6712,103856,5707,58694,4913,40089,4432,23086,3798,17003,2981,0,208,0,208,0,208,0,208,638173,10376,502222,10930,145894,9070,356328,9749,134903,6884,78507,5144,56396,5064,183,220,183,220,0,208,865,531
0500000US06067,6067,"Sacramento County, California",2011,587883,10241,291798,7806,277599,7622,209360,8003,68239,4286,13261,2628,7026,1861,6235,1468,242,282,242,282,0,208,696,460,296085,7979,274441,7829,152222,7120,122219,6488,20601,2659,9869,1895,10732,2018,384,326,384,326,0,208,659,405
0500000US06071,6071,"San Bernardino County, California",2011,779457,13422,249925,8449,193740,7598,120988,6774,72752,4957,56042,5260,28141,4266,27901,3224,80,130,80,130,0,208,63,73,529532,12070,401683,12050,134604,7794,267079,9535,127015,8198,61364,4889,65651,6637,204,182,85,102,119,147,630,586
0500000US06073,6073,"San Diego County, California",2011,1416596,12803,744873,9598,728234,9786,587488,9281,140746,6815,14986,2296,9970,1842,5016,1021,267,215,53,88,214,197,1386,554,671723,10714,647305,10577,291503,9831,355802,9697,21989,2533,10523,1870,11466,1986,207,165,128,134,79,95,2222,861
0500000US06077,6077,"San Joaquin County, California",2011,256675,6353,104072,4387,85612,4307,60886,3718,24726,3075,17420,2422,9777,1747,7643,1538,511,651,0,208,511,651,529,405,152603,5542,103157,5708,26856,3380,76301,5568,48431,4265,28390,4183,20041,2552,251,209,80,95,171,187,764,481
0500000US06079,6079,"San Luis Obispo County, California",2011,117027,4097,36328,2495,34235,2606,20263,2298,13972,2424,2035,936,716,451,1319,866,0,208,0,208,0,208,58,92,80699,3662,71027,3692,22588,2457,48439,3731,9313,1821,5960,1543,3353,998,0,208,0,208,0,208,359,426
0500000US06081,6081,"San Mateo County, California",2011,356553,5610,120260,4125,103328,3771,69013,3946,34315,3273,16717,1937,12748,1653,3969,1484,215,294,215,294,0,208,0,208,236293,5535,196081,5227,103822,5436,92259,4803,39807,3024,31776,2836,8031,1587,124,148,73,120,51,87,281,221
0500000US06083,6083,"Santa Barbara County, California",2011,196607,4951,106453,4155,98365,4278,78025,4517,20340,2190,8088,1846,3184,898,4904,1457,0,208,0,208,0,208,0,208,90154,3890,84867,3972,40805,2709,44062,3471,5087,964,2388,657,2699,663,0,208,0,208,0,208,200,231
0500000US06085,6085,"Santa Clara County, California",2011,835675,9199,697191,9352,603406,9428,544012,9634,59394,3638,93268,4155,61020,3632,32248,2651,74,86,0,208,74,86,443,299,138484,4800,122659,4810,69621,4022,53038,3902,15576,2150,10610,1971,4966,1000,0,208,0,208,0,208,249,206
0500000US06087,6087,"Santa Cruz County, California",2011,125855,2798,51201,2717,41953,2833,33013,2693,8940,1594,9248,1804,4933,1395,4315,905,0,208,0,208,0,208,0,208,74654,2708,56077,2851,23159,2437,32918,2469,18425,2026,11635,1551,6790,1405,85,139,0,208,85,139,67,120
0500000US06089,6089,"Shasta County, California",2011,65841,3228,36058,2318,33466,2315,29181,2420,4285,1129,1315,563,708,487,607,347,617,333,178,178,439,295,660,468,29783,2142,27707,2110,14608,1750,13099,1733,635,315,174,204,461,242,858,546,575,484,283,234,583,353
0500000US06095,6095,"Solano County, California",2011,179002,4371,96666,3800,52478,3804,39697,3515,12781,2172,44188,3157,21963,2530,22225,2431,0,208,0,208,0,208,0,208,82336,3600,54886,3079,20537,2448,34349,2657,27329,2904,11487,2082,15842,2139,0,208,0,208,0,208,121,199
0500000US06097,6097,"Sonoma County, California",2011,226030,5055,101303,4330,83898,4081,60703,3855,23195,2648,16968,2251,8184,1623,8784,1802,322,232,104,127,218,195,115,193,124727,3567,105112,3556,41170,4127,63942,3534,18217,2466,9525,1936,8692,1652,1257,648,225,226,1032,589,141,224
0500000US06099,6099,"Stanislaus County, California",2011,193689,5189,75930,3696,59700,3520,40076,3368,19624,2670,16100,2032,7626,1727,8474,1413,130,127,0,208,130,127,0,208,117759,4195,87707,4810,26058,2661,61649,4366,29699,3180,12084,2583,17615,2805,141,99,5,11,136,98,212,198
0500000US06101,6101,"Sutter County, California",2011,34547,2659,24010,2450,18358,2420,12426,2250,5932,1189,4969,1084,3112,972,1857,685,156,155,44,73,112,132,527,434,10537,1184,7542,1333,3272,823,4270,937,2562,668,1671,530,891,471,188,214,144,209,44,57,245,183
0500000US06107,6107,"Tulare County, California",2011,160813,4368,69403,4182,60313,4018,43366,3334,16947,2515,9008,1765,4528,1289,4480,1594,47,83,0,208,47,83,35,57,91410,3736,73780,4084,21422,2464,52358,3707,17376,2469,6894,1385,10482,1970,169,191,91,156,78,107,85,117
0500000US06111,6111,"Ventura County, California",2011,383017,5536,226144,5895,187283,6025,152608,5613,34675,3244,38483,3229,22721,2737,15762,1980,257,196,257,196,0,208,121,150,156873,5121,107796,5092,41460,3794,66336,4462,48758,3517,33661,3148,15097,2075,257,263,174,221,83,136,62,76
0500000US06113,6113,"Yolo County, California",2011,84508,3544,25164,2215,22099,2048,14777,1885,7322,1501,2765,911,615,357,2150,786,0,208,0,208,0,208,300,294,59344,3343,52542,3514,15843,2058,36699,3105,6573,1503,3717,1218,2856,878,0,208,0,208,0,208,229,418
0500000US06001,6001,"Alameda County, California",2012,693790,8964,462486,7799,406258,7038,323860,6259,82398,3703,55478,3489,48951,3288,6527,1156,0,197,0,197,0,197,750,381,231304,5943,202868,6160,112975,5522,89893,4900,28208,2690,22902,2481,5306,1153,66,98,56,96,10,17,162,156
0500000US06007,6007,"Butte County, California",2012,82675,3014,37917,2526,34674,2427,30305,2508,4369,1054,1611,734,297,190,1314,741,677,433,184,246,493,368,955,501,44758,2744,40231,2608,12362,1886,27869,2434,3369,872,1702,628,1667,601,561,326,87,137,474,309,597,326
0500000US06013,6013,"Contra Costa County, California",2012,483078,7615,29442,2027,27614,2001,16660,2023,10954,1599,1828,635,1504,576,324,301,0,197,0,197,0,197,0,197,453636,7774,423509,8338,160766,6064,262743,7815,29537,2767,21449,2588,8088,1439,161,232,161,232,0,197,429,351
0500000US06019,6019,"Fresno County, California",2012,348437,6167,185685,5552,170974,5649,134080,5498,36894,3245,14325,2437,7184,1774,7141,1673,386,477,298,473,88,72,0,197,162752,5062,145076,4909,61777,3572,83299,3420,17478,2214,5572,1170,11906,2105,60,97,0,197,60,97,138,174
0500000US06025,6025,"Imperial County, California",2012,54779,2874,15683,1566,14468,1640,9482,1840,4986,1072,1127,638,696,568,431,338,0,197,0,197,0,197,88,101,39096,2615,36377,2649,12175,2299,24202,2400,2442,785,960,434,1482,611,0,197,0,197,0,197,277,245
0500000US06029,6029,"Kern County, California",2012,311324,7141,158387,5616,151080,6139,105919,5189,45161,3919,7091,1678,3389,1152,3702,1128,123,125,0,197,123,125,93,117,152937,5517,139634,5180,45041,3700,94593,4775,12868,2318,3912,1245,8956,2000,317,251,41,67,276,239,118,113
0500000US06031,6031,"Kings County, California",2012,53332,2432,25646,2100,18870,1665,9944,1171,8926,1639,6776,1542,2508,844,4268,1110,0,197,0,197,0,197,0,197,27686,1580,19420,1459,4711,945,14709,1460,8266,1490,1877,702,6389,1431,0,197,0,197,0,197,0,197
0500000US06037,6037,"Los Angeles County, California",2012,4399526,21520,2561296,18523,2484642,18926,1958248,18686,526394,9890,74122,4098,39198,2934,34924,2941,439,221,307,182,132,129,2093,1230,1838230,14940,1763566,14577,788870,10919,974696,13825,72063,3939,33696,2483,38367,3365,606,367,236,327,370,169,1995,681
0500000US06039,6039,"Madera County, California",2012,41718,3130,18304,2618,13615,2269,9783,2023,3832,1194,4689,1454,2870,1091,1819,746,0,197,0,197,0,197,0,197,23414,2707,16765,2390,5325,1624,11440,1723,6487,1348,5076,1286,1411,532,113,145,113,145,0,197,49,83
0500000US06041,6041,"Marin County, California",2012,125801,2906,29428,1552,27845,1636,17339,2124,10506,1840,1388,495,961,474,427,394,195,221,0,197,195,221,0,197,96373,2986,89888,2996,37761,2642,52127,3452,6402,1158,4426,913,1976,733,83,101,37,63,46,76,0,197
0500000US06047,6047,"Merced County, California",2012,93510,3589,28225,2205,24486,2259,16936,2160,7550,1357,3559,954,1545,604,2014,783,29,52,0,197,29,52,151,152,65285,3155,43588,3040,11313,1945,32275,2774,21542,2691,8475,2128,13067,1834,155,253,0,197,155,253,0,197
0500000US06053,6053,"Monterey County, California",2012,181340,4311,63758,2995,57001,2740,37463,2861,19538,2656,6757,1980,2322,756,4435,1718,0,197,0,197,0,197,0,197,117582,3842,102614,4342,17875,2415,84739,4165,14960,2762,8874,1968,6086,1841,8,14,0,197,8,14,0,197
0500000US06055,6055,"Napa County, California",2012,66527,2446,38610,1984,32080,2086,17844,1808,14236,1899,6113,1065,3269,819,2844,736,0,197,0,197,0,197,417,321,27917,1760,19521,1570,6043,1459,13478,1858,8249,1061,5079,838,3170,826,80,81,0,197,80,81,67,92
0500000US06059,6059,"Orange County, California",2012,1450474,10338,712168,8139,691628,8760,532537,8857,159091,6219,20127,2222,10992,1790,9135,1592,265,233,232,227,33,55,148,146,738306,8786,711531,8697,334276,7175,377255,9409,26182,2553,12511,1935,13671,1727,104,121,104,121,0,197,489,311
0500000US06061,6061,"Placer County, California",2012,155238,3724,56532,2707,53895,2724,39094,2628,14801,1816,2509,727,751,369,1758,671,128,105,83,69,45,79,0,197,98706,3450,89771,3289,31399,2820,58372,3160,6000,1304,2493,732,3507,837,2771,798,1512,559,1259,549,164,189
0500000US06065,6065,"Riverside County, California",2012,864292,11019,213171,6622,172965,6544,106910,5747,66055,4072,39861,3464,24342,3032,15519,2233,92,117,0,197,92,117,253,191,651121,9476,514127,10447,155180,6304,358947,9067,135738,6558,78694,4947,57044,4580,217,287,179,281,38,64,1039,475
0500000US06067,6067,"Sacramento County, California",2012,598343,7192,291347,6047,274380,6017,208058,6730,66322,4251,15711,2010,8939,1499,6772,1402,578,361,309,224,269,316,678,503,306996,7454,287346,7331,154046,6174,133300,5796,18571,2373,8602,1479,9969,1739,315,213,71,83,244,193,764,420
0500000US06071,6071,"San Bernardino County, California",2012,789427,9725,258200,6780,201744,6557,124519,5169,77225,4780,56365,3823,27118,2755,29247,3354,91,107,47,77,44,75,0,197,531227,9358,408074,9733,138410,6888,269664,7557,122460,5694,60102,4284,62358,3950,211,227,0,197,211,227,482,268
0500000US06073,6073,"San Diego County, California",2012,1457139,13277,770139,10857,752568,11024,609664,9776,142904,6331,15882,2206,9984,1676,5898,1391,618,603,305,403,313,398,1071,576,687000,10205,663765,10290,302415,8129,361350,10388,21697,2167,11221,1715,10476,1724,237,217,0,197,237,217,1301,633
0500000US06077,6077,"San Joaquin County, California",2012,258150,4873,102184,3523,85666,3567,57411,3195,28255,2742,15663,2367,8800,1498,6863,1503,457,407,0,197,457,407,398,336,155966,4015,100999,4169,27197,2980,73802,4408,53641,3719,29115,2892,24526,2299,247,313,38,64,209,306,1079,664
0500000US06079,6079,"San Luis Obispo County, California",2012,127158,3804,39038,2182,36124,2237,23445,2459,12679,1877,2914,791,1781,734,1133,411,0,197,0,197,0,197,0,197,88120,3659,73361,3527,24040,2609,49321,3276,14519,2079,8744,1483,5775,1586,128,209,0,197,128,209,112,131
0500000US06081,6081,"San Mateo County, California",2012,370638,5803,125818,3120,106863,3566,74935,3330,31928,2217,18795,2484,15379,2233,3416,924,0,197,0,197,0,197,160,153,244820,5123,205481,5540,103746,4018,101735,5177,38950,2871,33109,2636,5841,1249,0,197,0,197,0,197,389,304
0500000US06083,6083,"Santa Barbara County, California",2012,190072,4464,102381,3641,94641,3757,76758,4072,17883,2188,7574,1442,3787,1047,3787,971,58,93,58,93,0,197,108,133,87691,3536,83164,3678,39089,3371,44075,2977,4484,941,2273,729,2211,693,17,29,0,197,17,29,26,45
0500000US06085,6085,"Santa Clara County, California",2012,862241,8429,716343,8005,617849,7424,554678,8035,63171,3917,97766,5178,61487,4314,36279,2787,0,197,0,197,0,197,728,407,145898,3791,130017,3612,75514,3307,54503,3963,15592,2120,9256,1761,6336,1240,61,102,61,102,0,197,228,202
0500000US06087,6087,"Santa Cruz County, California",2012,130774,3787,53891,2566,44716,3016,33106,2903,11610,2017,9020,1767,3941,1272,5079,1373,110,183,110,183,0,197,45,76,76883,2916,55304,2944,23686,2280,31618,2409,21107,2203,13715,1832,7392,1199,190,305,0,197,190,305,282,373
0500000US06089,6089,"Shasta County, California",2012,67758,2398,36239,2129,33692,2154,28513,2179,5179,1135,1089,518,509,279,580,441,1230,580,553,376,677,545,228,175,31519,2220,28993,2205,15889,1891,13104,1629,765,418,355,275,410,272,949,476,430,353,519,242,812,476
0500000US06095,6095,"Solano County, California",2012,179822,4311,93694,2816,50812,3589,39789,3077,11023,1677,42837,2951,21877,2382,20960,2227,0,197,0,197,0,197,45,80,86128,3597,56359,3498,19702,2495,36657,2606,29407,2344,13061,1550,16346,2017,234,183,107,131,127,127,128,124
0500000US06097,6097,"Sonoma County, California",2012,226882,5189,106325,3752,88024,3813,60070,3769,27954,2413,17975,1734,9205,1273,8770,1232,326,266,248,223,78,112,0,197,120557,4297,100453,4342,34357,2895,66096,4132,19162,2045,10121,1460,9041,1387,721,380,180,231,541,313,221,167
0500000US06099,6099,"Stanislaus County, California",2012,196684,5559,77781,3483,60756,3579,40163,3382,20593,2548,16419,2172,6507,1085,9912,1961,570,360,65,110,505,388,36,59,118903,4019,87898,3872,28823,2734,59075,3372,30293,2906,9577,1817,20716,2565,637,423,0,197,637,423,75,127
0500000US06101,6101,"Sutter County, California",2012,36958,2052,25401,1678,18812,1639,11466,1245,7346,1078,5855,1173,3524,810,2331,848,122,122,69,84,53,88,612,408,11557,1065,7945,1194,2706,632,5239,899,3299,823,1632,577,1667,597,93,147,8,13,85,147,220,157
0500000US06107,6107,"Tulare County, California",2012,164964,4525,71484,3767,62792,4064,45215,3385,17577,2428,8498,1851,4771,1420,3727,1113,128,161,0,197,128,161,66,104,93480,3657,79046,3262,20736,2311,58310,3056,14347,1844,5723,1110,8624,1296,0,197,0,197,0,197,87,141
0500000US06111,6111,"Ventura County, California",2012,386193,6171,232555,4261,191156,4510,153838,4356,37318,3238,41218,3245,23208,2473,18010,2363,141,178,45,76,96,128,40,66,153638,5094,110572,4951,42472,3395,68100,4921,42998,3280,29377,2816,13621,1712,0,197,0,197,0,197,68,111
0500000US06113,6113,"Yolo County, California",2012,87780,2999,23541,1743,21214,1842,15518,1774,5696,1268,2032,547,827,354,1205,464,43,71,43,71,0,197,252,261,64239,2376,57416,2337,20620,1984,36796,2942,6499,1271,3038,903,3461,947,0,197,0,197,0,197,324,213
0500000US06001,6001,"Alameda County, California",2013,710295,8971,394084,7086,367077,7057,274633,7651,92444,4434,26273,2751,21588,2492,4685,975,455,335,157,203,298,246,279,263,316211,7975,258696,7497,126971,5774,131725,6561,57257,4287,50825,4200,6432,1051,167,208,0,203,167,208,91,110
0500000US06007,6007,"Butte County, California",2013,88305,3790,42956,2673,39432,2609,32896,2373,6536,1352,1881,613,584,407,1297,625,801,419,251,215,550,352,842,393,45349,3424,41253,3546,12363,1903,28890,3453,3118,856,1065,529,2053,620,364,252,116,107,248,227,614,402
0500000US06013,6013,"Contra Costa County, California",2013,493547,7455,64216,2939,58032,3043,37667,3042,20365,2471,6102,1060,4862,934,1240,467,0,203,0,203,0,203,82,133,429331,7680,400280,7483,166331,6069,233949,7790,28461,2447,19346,2361,9115,1476,93,110,48,79,45,75,497,365
0500000US06019,6019,"Fresno County, California",2013,358739,6672,190110,5822,176807,6107,139371,5259,37436,3701,12612,1996,4638,942,7974,1726,545,475,141,229,404,403,146,182,168629,5925,150197,5802,65488,4557,84709,4219,18391,2260,6345,1529,12046,1998,0,203,0,203,0,203,41,68
0500000US06029,6029,"Kern County, California",2013,316140,7066,142706,4338,137947,4550,93255,4488,44692,3471,4594,1232,2495,894,2099,866,128,214,128,214,0,203,37,62,173434,5889,158065,6240,49666,4259,108399,5781,15070,2831,2983,938,12087,2513,0,203,0,203,0,203,299,307
0500000US06031,6031,"Kings County, California",2013,54089,2267,24349,2183,19042,1896,10979,1419,8063,1500,5307,1160,1571,532,3736,1065,0,203,0,203,0,203,0,203,29740,2281,22899,2132,5945,1340,16954,2118,6841,1463,2324,832,4517,1177,0,203,0,203,0,203,0,203
0500000US06037,6037,"Los Angeles County, California",2013,4492244,21728,2465619,20040,2407662,20030,1893797,19231,513865,11074,55537,3623,30776,3263,24761,2449,317,248,192,188,125,121,2103,760,2026625,15611,1934709,15939,823436,13651,1111273,16066,89164,4593,47632,3450,41532,3069,813,453,149,149,664,425,1939,616
0500000US06039,6039,"Madera County, California",2013,40507,3139,16945,2187,13046,2263,7678,1758,5368,1350,3899,1271,2642,811,1257,914,0,203,0,203,0,203,0,203,23562,2306,15450,1982,3550,1142,11900,1919,7279,1361,5842,1262,1437,506,39,65,0,203,39,65,794,666
0500000US06041,6041,"Marin County, California",2013,122716,3189,27045,1782,25710,1647,16703,1712,9007,1529,1335,605,573,352,762,478,0,203,0,203,0,203,0,203,95671,2899,89999,3090,38410,2881,51589,2871,5558,1260,2266,728,3292,1045,0,203,0,203,0,203,114,141
0500000US06047,6047,"Merced County, California",2013,87776,4078,24917,2647,22011,2567,13744,2083,8267,1735,2906,1021,1500,827,1406,635,0,203,0,203,0,203,0,203,62859,3282,43250,3167,10991,2112,32259,3012,19537,2138,7999,1640,11538,1839,0,203,0,203,0,203,72,122
0500000US06053,6053,"Monterey County, California",2013,175387,4322,62066,3170,55013,2909,33764,2764,21249,2191,7027,1920,4109,1634,2918,1029,0,203,0,203,0,203,26,44,113321,3891,98581,3943,17156,2325,81425,4001,14740,2934,7939,1878,6801,1932,0,203,0,203,0,203,0,203
0500000US06055,6055,"Napa County, California",2013,68118,2083,39935,2003,32776,2168,22565,1933,10211,1661,6980,1315,3286,947,3694,961,179,167,0,203,179,167,0,203,28183,1986,20229,1657,6216,924,14013,1385,7832,1129,4340,933,3492,881,36,59,0,203,36,59,86,130
0500000US06059,6059,"Orange County, California",2013,1477283,10654,661233,7958,639269,8503,466914,9081,172355,7188,21191,2705,13441,2289,7750,1713,114,136,46,75,68,112,659,343,816050,9211,788343,9542,349929,8516,438414,9764,26982,2710,16148,1994,10834,1656,456,356,110,131,346,333,269,286
0500000US06061,6061,"Placer County, California",2013,163498,3614,59531,2387,55304,2439,38116,2405,17188,1977,3715,1040,1343,610,2372,800,512,372,89,112,423,344,0,203,103967,3229,93890,3077,37846,3207,56044,3485,7249,1361,3027,823,4222,1052,2682,873,1130,478,1552,781,146,209
0500000US06065,6065,"Riverside County, California",2013,897752,9016,246251,5789,183531,6015,131960,5940,51571,3485,62604,3645,34646,2965,27958,2319,71,118,0,203,71,118,45,76,651501,8984,537895,9258,136289,6056,401606,9314,112086,6304,59394,4735,52692,4284,248,199,174,181,74,85,1272,657
0500000US06067,6067,"Sacramento County, California",2013,599795,8421,295017,7321,278766,7233,205572,6545,73194,4830,15471,1867,7404,1221,8067,1520,396,267,310,244,86,101,384,347,304778,6554,285760,6247,146830,5159,138930,6112,17437,2211,8795,1505,8642,1399,159,166,0,203,159,166,1422,1099
0500000US06071,6071,"San Bernardino County, California",2013,804483,10759,233260,6405,180372,6527,105117,5203,75255,5041,52637,3827,19033,2683,33604,2812,251,342,43,73,208,333,0,203,571223,10243,442351,10618,147015,6844,295336,8794,128562,5314,51311,3755,77251,4648,117,129,49,81,68,80,193,168
0500000US06073,6073,"San Diego County, California",2013,1477348,11880,707895,10091,691422,10390,561496,10481,129926,5955,14544,1711,8619,1390,5925,1284,264,218,72,118,192,184,1665,698,769453,11847,744892,11589,309103,9290,435789,9485,22345,2993,11300,1859,11045,2387,408,344,273,268,135,221,1808,891
0500000US06077,6077,"San Joaquin County, California",2013,269088,6509,132469,5165,108481,5000,82171,4097,26310,2818,22675,2400,13362,1891,9313,1503,120,151,120,151,0,203,1193,651,136619,4759,86759,5145,27099,2916,59660,4435,49473,3340,24873,2834,24600,2383,233,198,119,138,114,144,154,170
0500000US06079,6079,"San Luis Obispo County, California",2013,127740,4055,46296,3016,43294,2968,28697,2868,14597,2345,3002,953,2056,918,946,367,0,203,0,203,0,203,0,203,81444,3584,71869,4360,27049,2685,44820,4311,9330,1845,5869,1435,3461,1092,0,203,0,203,0,203,245,390
0500000US06081,6081,"San Mateo County, California",2013,379132,5517,77295,3449,66282,3232,37284,2841,28998,2537,10969,1670,9773,1686,1196,566,44,72,0,203,44,72,0,203,301837,4994,252741,5786,112817,5268,139924,5149,48607,3517,42115,3319,6492,1303,84,138,84,138,0,203,405,253
0500000US06083,6083,"Santa Barbara County, California",2013,201152,4537,90451,3179,82871,3311,56520,3835,26351,3067,7580,1443,3243,1072,4337,1078,0,203,0,203,0,203,0,203,110701,4051,103679,4034,34721,2880,68958,4125,6844,1312,3938,950,2906,808,0,203,0,203,0,203,178,171
0500000US06085,6085,"Santa Clara County, California",2013,890162,7889,742180,8102,642441,8410,579765,8352,62676,4023,99366,4675,42062,3369,57304,3542,210,221,108,178,102,130,163,140,147982,4104,130177,4325,81359,3390,48818,3595,17611,1851,7621,1254,9990,1286,84,140,40,67,44,73,110,133
0500000US06087,6087,"Santa Cruz County, California",2013,126863,4362,54447,3025,43840,3414,31627,2933,12213,1835,10544,2280,5220,1501,5324,1540,0,203,0,203,0,203,63,100,72416,3579,51742,3330,24540,2965,27202,2729,20564,1779,13457,1474,7107,1434,30,50,30,50,0,203,80,136
0500000US06089,6089,"Shasta County, California",2013,65333,3285,35178,2432,33971,2293,28394,2105,5577,1176,352,239,100,119,252,195,464,250,278,183,186,147,391,392,30155,2274,27793,2223,15790,1689,12003,1501,1067,565,725,479,342,249,1095,459,408,276,687,382,200,160
0500000US06095,6095,"Solano County, California",2013,182571,4224,96064,3994,52754,3381,39194,3059,13560,1891,43154,3135,20532,2030,22622,2596,156,189,81,133,75,130,0,203,86507,3152,54899,3394,20791,2418,34108,2931,31149,2647,14957,1627,16192,1919,69,119,0,203,69,119,390,351
0500000US06097,6097,"Sonoma County, California",2013,234304,4789,81645,2949,73739,2760,47503,3218,26236,2686,7353,1447,4388,1120,2965,825,553,368,134,129,419,345,0,203,152659,4437,121734,4211,29603,2802,92131,3999,29322,2884,15467,1979,13855,1920,1325,720,727,601,598,415,278,202
0500000US06099,6099,"Stanislaus County, California",2013,203044,5076,80326,3773,64278,3651,44826,3120,19452,2273,15822,2127,6303,1704,9519,1507,226,245,45,75,181,236,0,203,122718,3826,91473,3764,27626,2679,63847,3783,30376,2910,11448,2115,18928,2769,581,346,41,70,540,343,288,233
0500000US06101,6101,"Sutter County, California",2013,36317,1690,24980,1823,17517,1637,11415,1692,6102,1116,6491,1368,2675,1044,3816,975,377,458,377,458,0,203,595,551,11337,1251,8439,1174,3470,740,4969,993,2599,599,1456,549,1143,458,58,91,0,203,58,91,241,190
0500000US06107,6107,"Tulare County, California",2013,160098,4540,66617,3641,58647,3647,44449,3658,14198,2036,7900,1597,3616,974,4284,1459,70,116,70,116,0,203,0,203,93481,4226,77197,4048,21185,2272,56012,3456,16142,2176,4517,1158,11625,1888,142,182,0,203,142,182,0,203
0500000US06111,6111,"Ventura County, California",2013,393707,6420,237264,5598,197325,5349,165294,5616,32031,2896,39152,3243,19333,2533,19819,2287,47,78,0,203,47,78,740,486,156443,4634,109619,4873,46357,3305,63262,4068,46682,3454,30928,2528,15754,2327,0,203,0,203,0,203,142,135
