Id,Id2,Geography,,Estimate; Total:,Margin of Error; Total:,"Estimate; Car, truck, or van:","Margin of Error; Car, truck, or van:","Estimate; Car, truck, or van: - Drove alone","Margin of Error; Car, truck, or van: - Drove alone","Estimate; Car, truck, or van: - Carpooled:","Margin of Error; Car, truck, or van: - Carpooled:","Estimate; Car, truck, or van: - Carpooled: - In 2-person carpool","Margin of Error; Car, truck, or van: - Carpooled: - In 2-person carpool","Estimate; Car, truck, or van: - Carpooled: - In 3-person carpool","Margin of Error; Car, truck, or van: - Carpooled: - In 3-person carpool","Estimate; Car, truck, or van: - Carpooled: - In 4-person carpool","Margin of Error; Car, truck, or van: - Carpooled: - In 4-person carpool","Estimate; Car, truck, or van: - Carpooled: - In 5- or 6-person carpool","Margin of Error; Car, truck, or van: - Carpooled: - In 5- or 6-person carpool","Estimate; Car, truck, or van: - Carpooled: - In 7-or-more-person carpool","Margin of Error; Car, truck, or van: - Carpooled: - In 7-or-more-person carpool",Estimate; Public transportation (excluding taxicab):,Margin of Error; Public transportation (excluding taxicab):,Estimate; Public transportation (excluding taxicab): - Bus or trolley bus,Margin of Error; Public transportation (excluding taxicab): - Bus or trolley bus,Estimate; Public transportation (excluding taxicab): - Streetcar or trolley car (carro publico in Puerto Rico),Margin of Error; Public transportation (excluding taxicab): - Streetcar or trolley car (carro publico in Puerto Rico),Estimate; Public transportation (excluding taxicab): - Subway or elevated,Margin of Error; Public transportation (excluding taxicab): - Subway or elevated,Estimate; Public transportation (excluding taxicab): - Railroad,Margin of Error; Public transportation (excluding taxicab): - Railroad,Estimate; Public transportation (excluding taxicab): - Ferryboat,Margin of Error; Public transportation (excluding taxicab): - Ferryboat,Estimate; Taxicab,Margin of Error; Taxicab,Estimate; Motorcycle,Margin of Error; Motorcycle,Estimate; Bicycle,Margin of Error; Bicycle,Estimate; Walked,Margin of Error; Walked,Estimate; Other means,Margin of Error; Other means,Estimate; Worked at home,Margin of Error; Worked at home
0500000US06001,6001,"Alameda County, California",2006,705160,12140,571713,12252,496587,11955,75126,6045,58565,5292,10845,2117,3375,936,1204,834,1137,437,51212,4252,25610,3142,310,308,22580,2672,2575,856,137,227,380,393,1360,552,11725,2164,24652,3041,8890,2444,35228,3034
0500000US06007,6007,"Butte County, California",2006,89362,4110,77713,4256,68745,3682,8968,1588,6899,1452,1559,859,349,215,83,137,78,97,1788,780,1788,780,0,265,0,265,0,265,0,265,0,265,175,223,1521,591,3250,1064,414,321,4501,1188
0500000US06013,6013,"Contra Costa County, California",2006,386342,9106,334968,9210,293803,7827,41165,3977,30290,3438,7704,1974,1319,587,844,615,1008,559,12618,2051,8411,1523,70,116,3777,1437,360,295,0,265,180,219,1207,435,1861,704,7686,1729,2558,852,25264,2746
0500000US06017,6017,"El Dorado County, California",2006,57729,3788,49620,3382,42657,3365,6963,1434,5172,1174,504,298,488,461,643,754,156,247,402,367,402,367,0,265,0,265,0,265,0,265,0,265,214,214,501,378,1125,549,40,66,5827,1168
0500000US06019,6019,"Fresno County, California",2006,360549,8245,326089,8033,274273,7671,51816,5677,35675,3786,8085,2013,4260,1698,2140,1034,1656,839,5170,1293,4861,1234,235,278,0,265,74,123,0,265,0,265,816,365,2587,1255,7028,1367,7140,2042,11719,1721
0500000US06023,6023,"Humboldt County, California",2006,59335,2335,50683,2217,43753,2456,6930,1542,4453,898,1766,1157,271,219,282,387,158,184,246,224,246,224,0,265,0,265,0,265,0,265,0,265,55,97,722,362,3382,1006,474,300,3773,735
0500000US06029,6029,"Kern County, California",2006,302947,7391,278648,7120,220781,5971,57867,4691,36731,3662,9047,2022,6482,2138,3163,1062,2444,1080,3383,1099,2803,1050,165,203,0,265,415,470,0,265,313,505,1039,565,987,686,4089,1348,5943,1645,8545,1518
0500000US06031,6031,"Kings County, California",2006,55040,3299,49590,3680,40132,3234,9458,1839,5072,1117,2340,1081,1417,981,392,320,237,196,972,515,972,515,0,265,0,265,0,265,0,265,0,265,467,289,60,77,1244,555,690,441,2017,666
0500000US06037,6037,"Los Angeles County, California",2006,4533604,33986,3817032,32795,3268357,30063,548675,14052,423485,11310,75082,5041,25495,3246,12099,2685,12514,1507,315969,12151,287322,11518,2384,928,11092,1828,14674,1826,497,469,2805,813,10321,1857,25320,3568,123886,7204,52306,4401,185965,7289
0500000US06039,6039,"Madera County, California",2006,47245,3637,43909,3662,35765,3009,8144,1974,3789,1322,1431,843,1750,1398,558,443,616,483,139,239,139,239,0,265,0,265,0,265,0,265,0,265,0,265,49,84,580,522,359,311,2209,813
0500000US06041,6041,"Marin County, California",2006,128779,6115,106634,6002,88598,5430,18036,3203,12428,2666,3742,1511,1206,625,388,354,272,249,4951,1205,4558,1152,0,265,0,265,0,265,393,301,0,265,180,178,934,549,3321,973,929,465,11830,1468
0500000US06047,6047,"Merced County, California",2006,81846,4319,70529,4114,57568,4158,12961,2893,8630,1894,2172,1238,579,339,1418,1610,162,148,663,508,663,508,0,265,0,265,0,265,0,265,193,288,259,277,1005,470,3348,1038,946,673,4903,1136
0500000US06053,6053,"Monterey County, California",2006,171046,5935,146893,5327,117698,5491,29195,3691,19748,3048,4430,1504,3934,1801,724,471,359,306,5131,1448,5065,1427,0,265,0,265,0,265,66,107,0,265,315,229,608,286,9192,1541,928,440,7979,1593
0500000US06055,6055,"Napa County, California",2006,70181,3166,60622,3347,50409,2919,10213,1927,6997,1639,2668,1005,359,304,189,194,0,265,819,543,819,543,0,265,0,265,0,265,0,265,0,265,33,55,451,331,2702,942,1144,761,4410,1290
0500000US06059,6059,"Orange County, California",2006,1524949,18681,1365741,18187,1186699,16372,179042,8461,137638,7509,25226,2953,10228,2446,3953,1246,1997,598,48392,4423,44949,4299,101,166,153,148,3085,740,104,122,104,121,2843,825,10675,2465,27932,2967,9075,1652,60187,4313
0500000US06061,6061,"Placer County, California",2006,152122,5895,134812,5613,120091,5610,14721,2288,11900,1989,1339,549,332,261,958,1147,192,181,746,485,700,464,0,265,0,265,0,265,46,77,0,265,580,388,279,231,2021,1114,1789,845,11895,1849
0500000US06065,6065,"Riverside County, California",2006,735084,13324,660017,14131,546607,12974,113410,6820,88466,6532,17511,2669,4213,1238,1752,914,1468,659,8810,1632,8379,1570,148,243,0,265,283,247,0,265,0,265,1846,584,4154,1378,15835,2575,5076,1241,39346,3270
0500000US06067,6067,"Sacramento County, California",2006,633463,10484,561962,11297,477001,11088,84961,5808,65080,5116,13011,2253,2983,1528,1295,709,2592,945,20027,2256,14933,2144,1680,672,1495,458,1767,700,152,253,599,467,2097,618,5117,1190,12556,2556,4138,1205,26967,2965
0500000US06071,6071,"San Bernardino County, California",2006,755572,11657,689244,12019,586835,12027,102409,6308,72705,5270,17583,2628,7684,2500,2546,965,1891,600,9365,1910,9113,1910,137,167,69,111,46,77,0,265,127,189,1793,810,1921,705,13926,2306,7396,2133,31800,3084
0500000US06073,6073,"San Diego County, California",2006,1415721,11870,1216038,13314,1059444,13468,156594,7779,125155,6739,19074,2683,5933,1552,3263,1347,3169,739,42591,3650,36593,3568,2541,817,163,157,3294,910,0,265,658,394,6131,1390,7919,1464,37829,3408,13689,2140,90866,4675
0500000US06075,6075,"San Francisco County, California",2006,552083,10327,266040,7798,208286,6773,57754,4153,37605,3517,14521,2032,3413,1072,554,366,1661,724,197778,7310,97915,5717,9908,1958,73762,4154,12317,2190,3876,1007,1158,709,5368,1459,8089,1309,38363,3601,5455,1142,29832,3109
0500000US06077,6077,"San Joaquin County, California",2006,244326,7106,225484,7305,192389,6716,33095,3441,25710,2583,4076,1062,2431,1336,407,245,471,347,1551,993,1399,968,0,265,0,265,0,265,152,267,126,122,156,154,1654,732,4585,1061,1198,584,9572,1803
0500000US06079,6079,"San Luis Obispo County, California",2006,116205,3676,100387,3843,82937,3606,17450,2609,11907,2044,2467,1215,1163,636,811,622,1102,988,1383,462,1383,462,0,265,0,265,0,265,0,265,0,265,1231,669,2408,767,4277,1149,1262,980,5257,1083
0500000US06081,6081,"San Mateo County, California",2006,348731,9586,296154,8602,253410,7383,42744,4186,28845,3339,9224,2004,2464,893,852,709,1359,527,18244,3087,10379,2647,532,425,3725,1207,3608,1139,0,265,0,265,1188,623,2430,791,9351,2358,5497,1619,15867,2327
0500000US06083,6083,"Santa Barbara County, California",2006,194037,5720,161093,5583,130718,5083,30375,3881,19954,2509,4639,1443,2456,1199,2979,1481,347,290,6720,1291,6720,1291,0,265,0,265,0,265,0,265,88,66,920,412,6398,1374,7897,1369,829,467,10092,1475
0500000US06085,6085,"Santa Clara County, California",2006,903671,12917,793551,13215,698222,12743,95329,6738,77019,6176,11513,2053,3419,1154,2331,1001,1047,584,30090,3689,21507,3293,683,366,1084,507,6816,1376,0,265,258,239,2714,810,9438,1796,19669,2082,10806,2417,37145,3594
0500000US06087,6087,"Santa Cruz County, California",2006,108799,4395,86977,4344,74225,4025,12752,2118,8928,1625,1791,674,1463,1079,255,218,315,227,3791,1120,3609,1068,0,265,0,265,182,291,0,265,53,89,467,281,3645,1329,4059,1030,796,709,9011,1535
0500000US06089,6089,"Shasta County, California",2006,74315,3493,67830,3150,59118,3130,8712,1675,7152,1623,1323,751,198,138,19,31,20,33,917,714,917,714,0,265,0,265,0,265,0,265,89,150,390,331,0,265,1892,879,477,356,2720,770
0500000US06095,6095,"Solano County, California",2006,140232,4380,127911,4276,108913,3737,18998,2458,15182,1893,2567,1345,517,330,270,283,462,378,1094,531,993,541,0,265,0,265,52,85,49,83,0,265,629,412,511,302,2322,779,984,669,6781,1274
0500000US06097,6097,"Sonoma County, California",2006,208427,5592,180664,5900,154580,5652,26084,3351,18449,2948,4522,1482,1366,615,714,414,1033,669,3156,1037,3071,1043,0,265,0,265,0,265,85,142,0,265,702,449,2194,763,6116,1294,957,550,14638,2002
0500000US06099,6099,"Stanislaus County, California",2006,184581,5854,165475,5904,144402,5950,21073,2388,15924,2182,3312,1154,936,548,543,491,358,295,1567,555,1406,511,92,162,0,265,69,114,0,265,0,265,563,350,799,380,3396,1076,2287,1125,10494,1837
0500000US06107,6107,"Tulare County, California",2006,156239,5300,141338,5089,113486,5196,27852,3580,17560,2556,5582,1984,1328,709,1671,1023,1711,837,1567,605,1567,605,0,265,0,265,0,265,0,265,80,132,693,367,750,525,3158,930,2962,1043,5691,1056
0500000US06111,6111,"Ventura County, California",2006,342316,6577,308738,6810,265749,6894,42989,3622,31495,3355,8214,1838,2315,880,361,320,604,315,4769,1221,4347,1157,218,333,0,265,204,308,0,265,106,125,780,407,2079,578,7547,1479,1404,540,16893,2072
0500000US06001,6001,"Alameda County, California",2007,700286,13324,570967,13164,499713,12550,71254,5284,53575,5087,10936,1891,4024,1105,1115,524,1604,636,50682,4254,23977,3106,625,370,23194,2873,2886,920,0,267,160,195,2781,953,9440,1526,23086,2676,9266,1939,33904,3733
0500000US06013,6013,"Contra Costa County, California",2007,375843,9370,321858,8099,279426,8004,42432,4445,32313,3822,5995,1470,1889,721,1092,944,1143,654,12315,2250,8359,1974,0,267,3155,953,801,420,0,267,0,267,712,351,3233,1451,9669,2163,2861,907,25195,2488
0500000US06019,6019,"Fresno County, California",2007,372124,8037,332706,7641,280764,7873,51942,4629,33889,3821,9041,2035,3297,1905,2524,1019,3191,1112,5508,1541,5446,1548,0,267,0,267,0,267,62,101,0,267,1105,563,1756,617,7642,1400,10790,2704,12617,1949
0500000US06025,6025,"Imperial County, California",2007,51236,3258,46025,3082,39828,3016,6197,1406,4457,1362,787,496,618,304,56,92,279,220,621,406,549,390,72,118,0,267,0,267,0,267,123,141,80,130,194,294,1996,1021,374,277,1823,696
0500000US06029,6029,"Kern County, California",2007,297208,6878,275158,6671,223598,6743,51560,4422,35331,3846,6994,1484,5216,1348,1894,948,2125,833,3373,1120,3373,1120,0,267,0,267,0,267,0,267,0,267,1080,560,1223,558,5556,1247,3461,1216,7357,1302
0500000US06031,6031,"Kings County, California",2007,52095,3342,45953,3935,38067,3567,7886,2057,3377,1312,2099,1505,355,308,1317,863,738,630,382,295,216,210,55,93,0,267,111,192,0,267,0,267,824,1045,256,264,2221,1235,507,384,1952,1166
0500000US06037,6037,"Los Angeles County, California",2007,4548336,25708,3814994,25730,3316267,24086,498727,12852,376708,10761,75195,6074,26616,3781,11244,1876,8964,1295,324980,12144,291941,11727,2644,955,13961,1953,16043,2013,391,315,2197,800,10794,1809,28132,3478,128261,7012,49441,3579,189537,9068
0500000US06039,6039,"Madera County, California",2007,50564,3260,45255,3487,36284,3175,8971,1847,4118,1192,1389,1067,480,259,898,843,2086,1403,414,651,414,651,0,267,0,267,0,267,0,267,0,267,235,217,131,227,1609,834,298,233,2622,853
0500000US06041,6041,"Marin County, California",2007,128639,6251,102298,6177,89562,5466,12736,2122,8815,1714,1893,684,1108,496,265,266,655,512,4086,1368,3620,1293,0,267,180,293,286,406,0,267,0,267,1349,811,2012,1006,5086,1436,1370,873,12438,1694
0500000US06047,6047,"Merced County, California",2007,77344,4121,65568,4274,56024,4331,9544,2045,7274,1710,683,369,624,486,510,433,453,413,745,526,745,526,0,267,0,267,0,267,0,267,0,267,202,304,824,630,3890,1303,3241,1644,2874,765
0500000US06053,6053,"Monterey County, California",2007,183068,6464,153153,6142,122627,5356,30526,3979,18356,2583,5815,2014,3877,1468,973,463,1505,1889,8126,2398,8006,2368,0,267,0,267,120,204,0,267,0,267,619,445,2182,792,9441,1522,2040,874,7507,1398
0500000US06055,6055,"Napa County, California",2007,67731,3059,58579,3050,47367,2709,11212,2413,9183,2214,548,340,421,299,1060,819,0,267,835,678,835,678,0,267,0,267,0,267,0,267,188,292,0,267,629,494,3311,800,255,308,3934,1056
0500000US06059,6059,"Orange County, California",2007,1527656,16427,1363729,16883,1187440,15850,176289,9418,135763,8032,27130,3388,7739,1616,3213,933,2444,759,38368,3942,35446,3877,47,77,75,126,2800,617,0,267,318,251,5566,1567,12372,2920,25845,3303,10829,1948,70629,4227
0500000US06061,6061,"Placer County, California",2007,154703,7140,136312,6913,115667,5778,20645,3814,16366,3209,2426,1016,1057,766,749,890,47,92,2361,1123,2309,1110,0,267,0,267,52,86,0,267,0,267,293,216,741,616,2649,833,1437,758,10910,1612
0500000US06065,6065,"Riverside County, California",2007,741229,15229,669141,14990,568801,14565,100340,6254,77512,5430,13170,2376,6370,2139,2203,880,1085,518,7353,1923,7010,1880,244,298,46,76,53,86,0,267,63,105,1456,597,2861,917,11003,1898,4928,1209,44424,4341
0500000US06067,6067,"Sacramento County, California",2007,640911,10133,571002,10301,484940,9195,86062,5946,68524,5538,11389,2158,3057,871,1474,708,1618,656,17747,2055,13515,1913,1707,885,1088,463,1437,491,0,267,57,92,1873,621,7444,1507,12959,1719,4993,1313,24836,2616
0500000US06071,6071,"San Bernardino County, California",2007,761915,15261,687850,14204,584504,12968,103346,6606,78978,5862,15221,2143,5083,1586,2694,1688,1370,591,8886,2102,8608,2084,0,267,41,69,169,283,68,109,167,274,2054,699,3126,1297,19549,2542,5943,2009,34340,3176
0500000US06073,6073,"San Diego County, California",2007,1417004,12184,1217488,13456,1061073,12839,156415,7703,125716,7194,18976,2550,4232,1215,4455,1981,3036,950,49578,4421,43112,4186,2926,943,718,547,2627,885,195,240,329,231,5146,1020,7877,1810,41048,3746,8913,1711,86625,4511
0500000US06075,6075,"San Francisco County, California",2007,577668,11101,269432,9375,213366,8072,56066,4671,34945,3581,14914,2519,4443,1927,891,437,873,390,213944,9918,112505,7091,9368,1480,76235,4915,11303,1580,4533,1109,2338,1084,3942,1142,10722,2249,41326,3402,7702,2741,28262,3337
0500000US06077,6077,"San Joaquin County, California",2007,238344,6625,219137,6536,179802,6505,39335,4211,27093,3106,6387,1503,1451,615,3383,1992,1021,655,1331,674,1272,662,59,102,0,267,0,267,0,267,0,267,405,359,1196,614,5207,974,2037,1056,9031,1662
0500000US06079,6079,"San Luis Obispo County, California",2007,118892,4163,98738,4559,83055,4498,15683,2643,12388,2246,1660,599,1246,786,60,96,329,377,1194,597,1194,597,0,267,0,267,0,267,0,267,0,267,446,287,3399,1134,6537,1589,601,509,7977,1533
0500000US06081,6081,"San Mateo County, California",2007,348896,10138,296220,9364,256638,8908,39582,3571,31277,2906,4932,1628,1119,675,704,484,1550,697,19183,2887,11139,2261,293,288,3214,1006,4522,1602,15,27,63,106,1748,768,2826,879,9495,2279,3254,923,16107,1992
0500000US06083,6083,"Santa Barbara County, California",2007,192953,4477,157350,4496,130183,4293,27167,2941,18401,2328,4892,1313,3461,1370,259,217,154,219,8314,1861,8299,1859,0,267,0,267,0,267,15,25,0,267,515,388,6117,1408,7262,1638,1499,815,11896,1654
0500000US06085,6085,"Santa Clara County, California",2007,937270,12613,821285,11398,720123,12168,101162,5932,80983,5471,11100,1928,6037,1866,1604,741,1438,492,34071,3716,23817,3298,2422,1036,1290,597,6542,1439,0,267,433,415,3264,897,11578,2034,18870,2559,14201,3305,33568,3034
0500000US06087,6087,"Santa Cruz County, California",2007,109955,4617,88015,4373,75807,4167,12208,2019,9143,1467,1446,788,1079,611,400,409,140,167,4874,1539,4826,1543,0,267,0,267,48,80,0,267,0,267,554,370,3066,874,5159,1435,242,205,8045,1352
0500000US06089,6089,"Shasta County, California",2007,78218,3787,71947,4034,61866,3881,10081,2182,7740,2114,1347,707,765,546,95,160,134,161,248,246,248,246,0,267,0,267,0,267,0,267,0,267,471,411,217,304,1285,755,831,573,3219,947
0500000US06095,6095,"Solano County, California",2007,143430,6144,131233,5828,114540,5251,16693,2667,13619,2347,1260,652,1223,669,442,292,149,245,1567,622,1294,566,0,267,218,273,55,93,0,267,0,267,647,453,633,512,2604,1106,1278,898,5468,1239
0500000US06097,6097,"Sonoma County, California",2007,208022,5647,176132,5815,151207,6559,24925,3268,17259,2517,6088,2125,1209,782,235,276,134,155,3669,1247,3549,1210,0,267,75,122,45,76,0,267,109,127,493,382,1804,771,8667,2011,715,437,16433,2415
0500000US06099,6099,"Stanislaus County, California",2007,182600,6534,164853,6532,148054,6000,16799,2463,12802,2191,2063,747,924,511,871,497,139,160,984,542,934,537,50,84,0,267,0,267,0,267,44,76,243,203,1131,586,4197,1175,2121,1106,9027,1510
0500000US06107,6107,"Tulare County, California",2007,148984,5707,137986,5704,111822,5646,26164,3363,14215,2039,6031,2298,3299,1554,2238,1030,381,274,635,421,635,421,0,267,0,267,0,267,0,267,0,267,611,362,365,302,2562,1102,2003,969,4822,1225
0500000US06111,6111,"Ventura County, California",2007,337860,8372,302827,8095,262170,7791,40657,3691,29533,3091,6399,1915,1824,927,2167,1318,734,429,3633,1205,3396,1170,0,267,189,279,48,81,0,267,0,267,1107,453,2294,933,7061,1442,2790,1034,18148,2184
0500000US06113,6113,"Yolo County, California",2007,103781,5393,85923,5246,75912,4942,10011,1833,8033,1690,1266,611,453,353,151,182,108,127,3197,1094,2831,1077,56,94,0,267,310,233,0,267,279,321,425,279,6569,1411,3693,1265,608,381,3087,866
0500000US06001,6001,"Alameda County, California",2008,721949,12673,587088,12867,514444,12320,72644,5239,57343,5144,7881,1575,4634,1206,1384,625,1402,613,52059,4068,26156,3083,987,567,22214,2639,2549,844,153,182,246,256,1837,669,9839,1517,25886,4154,11087,2791,33907,2958
0500000US06007,6007,"Butte County, California",2008,88606,4078,76558,3885,66117,3747,10441,2116,9302,2043,879,490,92,121,0,271,168,259,999,542,999,542,0,271,0,271,0,271,0,271,0,271,385,213,2912,1026,3392,903,354,239,4006,901
0500000US06013,6013,"Contra Costa County, California",2008,376032,8532,326475,8005,285820,8767,40655,4275,32583,3839,4981,1299,2029,862,524,313,538,346,12571,2340,6257,1453,375,459,5271,1489,668,426,0,271,0,271,961,508,2328,952,7940,1870,2649,1069,23108,2136
0500000US06017,6017,"El Dorado County, California",2008,61650,4168,52746,3966,46981,3633,5765,1598,4772,1453,544,356,50,83,87,108,312,267,407,387,343,384,0,271,64,98,0,271,0,271,0,271,396,257,888,775,1247,583,268,251,5698,1423
0500000US06019,6019,"Fresno County, California",2008,362905,8361,326891,7978,280041,8241,46850,6327,30941,3614,5459,1484,3261,1083,1490,911,5699,5141,5202,1285,5129,1281,0,271,0,271,73,99,0,271,0,271,1839,705,1787,856,5867,1496,9067,1968,12252,1762
0500000US06023,6023,"Humboldt County, California",2008,56584,3204,46753,3115,39416,2513,7337,2009,5136,1407,1373,1085,205,213,197,195,426,659,606,445,606,445,0,271,0,271,0,271,0,271,116,191,110,127,2287,1232,2210,891,516,389,3986,1446
0500000US06025,6025,"Imperial County, California",2008,55021,2452,48573,2755,41293,2656,7280,1624,4670,1215,1960,861,214,185,96,158,340,230,378,264,378,264,0,271,0,271,0,271,0,271,206,252,308,365,14,23,3087,1110,387,268,2068,793
0500000US06029,6029,"Kern County, California",2008,308705,7107,287831,6527,234713,6314,53118,4334,34353,3574,9213,1938,4883,1399,2264,1086,2405,882,2749,939,2401,887,230,378,118,201,0,271,0,271,310,238,748,321,816,426,4698,1172,3539,1352,8014,1415
0500000US06031,6031,"Kings County, California",2008,59907,5255,51999,4636,43566,3611,8433,2304,4694,1333,958,469,743,694,1100,1576,938,424,1711,1351,1637,1352,0,271,0,271,74,132,0,271,0,271,429,276,842,589,1861,901,1078,619,1987,691
0500000US06037,6037,"Los Angeles County, California",2008,4664273,30680,3892133,29034,3346950,28673,545183,14593,424427,13215,72976,5175,24345,3015,11818,1903,11617,1677,340474,10891,299369,10054,1651,722,17626,2599,21564,2221,264,220,2428,974,14260,1996,34140,3877,129794,6892,50642,5092,200402,7410
0500000US06039,6039,"Madera County, California",2008,46868,4185,41844,4390,34383,3813,7461,1832,4401,1351,828,521,859,855,1061,726,312,225,76,110,76,110,0,271,0,271,0,271,0,271,0,271,90,105,97,161,1385,1025,633,475,2743,1072
0500000US06041,6041,"Marin County, California",2008,129425,5010,109016,4915,95072,4923,13944,2505,10567,2041,1627,608,459,329,461,339,830,743,3823,1220,3664,1186,0,271,83,136,0,271,76,124,89,147,577,340,1536,826,3028,1044,299,283,11057,1841
0500000US06047,6047,"Merced County, California",2008,78237,4713,67436,4425,58990,4360,8446,1794,5148,1493,1776,750,1099,647,214,183,209,352,430,352,378,337,0,271,0,271,52,84,0,271,0,271,378,280,598,402,2655,1214,2970,1231,3770,1097
0500000US06053,6053,"Monterey County, California",2008,177574,5076,147845,5604,122736,5160,25109,3091,18425,2662,4053,1195,1547,584,645,421,439,441,5469,1485,5351,1501,118,137,0,271,0,271,0,271,65,107,441,266,2266,738,6628,1484,6296,2061,8564,1668
0500000US06059,6059,"Orange County, California",2008,1560561,14492,1382861,15846,1199505,15959,183356,7401,139681,6112,27263,3677,8487,1844,4415,2206,3510,1159,51251,5018,45309,4800,162,155,305,239,5475,1382,0,271,350,277,5650,1137,13976,2545,31004,4452,6855,1467,68614,4745
0500000US06061,6061,"Placer County, California",2008,161548,6154,143352,6175,129967,5844,13385,2281,10619,1907,1507,498,795,508,206,326,258,262,1189,642,1189,642,0,271,0,271,0,271,0,271,60,102,1300,692,875,388,2455,895,1418,902,10899,1936
0500000US06065,6065,"Riverside County, California",2008,720248,14224,639306,13747,544257,12512,95049,6018,74804,5434,12007,2130,4764,1885,1404,631,2070,773,9567,2588,8836,2513,423,480,66,110,242,256,0,271,80,120,2466,811,4066,1412,17121,3859,4253,1130,43389,4825
0500000US06067,6067,"Sacramento County, California",2008,645924,10285,562217,9687,475938,9400,86279,5421,69731,4618,9099,1685,4004,1535,1040,697,2405,846,23166,2615,16660,2301,2953,1028,1609,587,1893,619,51,86,322,425,2678,705,8693,1748,13699,2029,5335,1222,29814,3176
0500000US06071,6071,"San Bernardino County, California",2008,794042,18169,722308,17752,621442,15036,100866,6611,76074,5674,13433,2935,6518,1455,2972,1121,1869,539,10129,1802,9056,1547,728,835,32,53,222,310,91,148,47,80,3640,1215,3050,1254,16473,3361,4787,1413,33608,2907
0500000US06073,6073,"San Diego County, California",2008,1446423,15013,1242719,15554,1074096,14496,168623,8144,131662,6909,21628,2401,7841,1964,3827,961,3665,978,47402,4546,38741,3608,4435,2386,447,290,3427,841,352,361,219,185,8106,1420,8990,1877,46234,4743,9676,1990,83077,6365
0500000US06075,6075,"San Francisco County, California",2008,620288,12536,295154,9534,226183,7729,68971,5185,45188,4769,17001,2283,3569,1380,1141,527,2072,781,225511,8488,114540,6424,13708,2328,78259,4917,15116,2087,3888,965,1504,649,4777,1325,12464,2252,41353,4180,6375,1349,33150,3795
0500000US06077,6077,"San Joaquin County, California",2008,248009,7416,223700,7638,191061,7434,32639,3988,22850,3514,5443,1465,1765,801,1275,882,1306,1614,1623,694,1572,693,0,271,51,86,0,271,0,271,0,271,1441,709,1163,585,5029,1575,3799,1960,11254,1972
0500000US06079,6079,"San Luis Obispo County, California",2008,122699,5131,102778,5210,90500,4721,12278,1871,8812,1729,2329,712,803,471,34,45,300,289,1904,949,1474,709,0,271,430,678,0,271,0,271,0,271,662,388,3022,994,5502,1615,1140,639,7691,1312
0500000US06081,6081,"San Mateo County, California",2008,367402,8700,314086,7831,266987,7505,47099,4554,33180,3411,7159,1840,2840,1041,2246,1842,1674,731,17598,2989,8788,2103,82,98,5630,1621,3098,925,0,271,100,174,1674,598,4123,1172,10164,1997,4387,1261,15270,1962
0500000US06083,6083,"Santa Barbara County, California",2008,204262,5761,167890,5746,132212,5630,35678,3909,24795,3424,7337,2359,1833,872,851,501,862,516,6633,1331,6546,1335,0,271,0,271,87,142,0,271,42,71,1581,697,6515,1923,7914,1696,1608,940,12079,2090
0500000US06085,6085,"Santa Clara County, California",2008,965288,12349,834995,10587,739834,10101,95161,5419,75243,5060,13321,2200,3538,849,990,512,2069,787,37045,4306,24580,3611,2703,973,1314,643,8448,1499,0,271,506,395,4057,925,16511,2452,21424,3626,12967,3323,37783,3646
0500000US06087,6087,"Santa Cruz County, California",2008,114104,5377,91278,4861,79157,4562,12121,2080,8613,1717,2240,1086,807,697,353,375,108,137,3233,1169,3233,1169,0,271,0,271,0,271,0,271,49,82,265,213,5115,1607,5972,1518,691,390,7501,1623
0500000US06089,6089,"Shasta County, California",2008,75090,3483,67787,3635,59950,3467,7837,1632,5897,1341,677,433,1059,921,0,271,204,193,329,317,329,317,0,271,0,271,0,271,0,271,0,271,68,102,440,314,1711,871,1027,671,3728,1230
0500000US06095,6095,"Solano County, California",2008,142979,6000,126486,5505,109468,5036,17018,2651,12928,2491,3075,1094,638,457,129,110,248,231,3550,1489,3293,1543,112,185,0,271,16,28,129,214,503,546,307,188,388,292,2465,813,2850,1685,6430,1675
0500000US06097,6097,"Sonoma County, California",2008,214228,6764,180205,6598,158080,6502,22125,2960,18548,2893,2422,951,680,432,50,80,425,286,3718,1480,3718,1480,0,271,0,271,0,271,0,271,69,86,737,347,4096,1535,7206,1883,2620,1064,15577,2056
0500000US06099,6099,"Stanislaus County, California",2008,189384,6338,168730,6219,153136,6286,15594,2521,12091,2140,2736,1087,424,253,299,279,44,72,1318,594,1318,594,0,271,0,271,0,271,0,271,0,271,985,457,1984,852,5556,1298,3079,1035,7732,1295
0500000US06107,6107,"Tulare County, California",2008,162953,5766,150209,6010,117153,4727,33056,4176,21499,3659,6543,1858,1373,504,2198,847,1443,868,1282,479,1282,479,0,271,0,271,0,271,0,271,0,271,655,454,633,367,3058,915,1013,525,6103,1182
0500000US06111,6111,"Ventura County, California",2008,336958,7909,302778,7887,261542,8202,41236,4716,25251,2999,8041,2109,4036,1668,3549,2319,359,260,2904,960,2740,952,0,271,43,72,121,143,0,271,121,141,1130,599,1849,952,6428,1542,2397,923,19351,2450
0500000US06113,6113,"Yolo County, California",2008,101775,5992,84797,5801,72659,5194,12138,2252,9746,2004,1654,680,279,228,24,39,435,265,3083,1015,2460,902,183,248,0,271,440,290,0,271,57,97,317,214,6677,1318,2665,880,1610,832,2569,829
0500000US06001,6001,"Alameda County, California",2009,688040,12255,551983,11010,481423,10878,70560,4773,55010,3978,10643,2298,2199,770,1161,518,1547,908,55173,4568,24821,3192,342,370,27306,3272,2479,726,225,227,53,89,3045,872,11967,1950,22927,2426,7157,2132,35735,3519
0500000US06007,6007,"Butte County, California",2009,84496,4293,70899,4761,61544,4216,9355,1853,7344,1710,1442,564,466,364,103,104,0,271,731,436,731,436,0,271,0,271,0,271,0,271,48,78,110,122,2417,1008,5004,1817,248,201,5039,1168
0500000US06013,6013,"Contra Costa County, California",2009,374409,9414,323956,9632,281699,8618,42257,4079,33873,3664,4592,1100,2090,776,703,431,999,529,10726,2022,6269,1536,417,509,3447,1164,593,344,0,271,261,219,986,471,2017,782,8545,1849,1921,861,25997,3145
0500000US06017,6017,"El Dorado County, California",2009,58080,3424,49202,3522,42005,3149,7197,2034,4305,1421,1042,546,1382,1370,199,201,269,378,59,98,59,98,0,271,0,271,0,271,0,271,429,690,108,104,355,281,1420,630,450,359,6057,1301
0500000US06019,6019,"Fresno County, California",2009,338019,8134,299639,8133,260936,8147,38703,4287,27393,3333,4971,1307,3272,1636,1593,732,1474,772,4307,1279,3928,1114,141,170,186,301,52,84,0,271,122,196,669,347,2399,747,8037,1663,9707,2705,13139,1836
0500000US06025,6025,"Imperial County, California",2009,54394,2919,47985,3054,42785,3072,5200,1236,3903,1153,480,292,626,433,34,55,157,158,983,664,983,664,0,271,0,271,0,271,0,271,240,225,55,88,296,274,1356,568,562,525,2917,1054
0500000US06029,6029,"Kern County, California",2009,291763,6975,271278,6514,219488,6717,51790,3628,31711,2942,7555,1605,6933,1956,3529,1567,2062,868,1911,734,1849,716,62,103,0,271,0,271,0,271,125,150,1268,622,1322,758,4738,1470,2409,858,8712,1644
0500000US06031,6031,"Kings County, California",2009,54474,3187,49345,3133,41392,2788,7953,1742,3914,1383,814,432,1119,849,483,295,1623,818,787,571,787,571,0,271,0,271,0,271,0,271,0,271,207,179,445,398,1145,513,577,336,1968,900
0500000US06037,6037,"Los Angeles County, California",2009,4542488,23059,3798095,23578,3285728,26454,512367,15798,392522,15110,71587,5593,23499,3311,13712,2592,11047,1660,325389,12247,287785,11153,2852,918,18169,2440,16145,2191,438,358,1987,893,13014,1868,34059,3317,121273,6208,39051,3796,209620,8922
0500000US06041,6041,"Marin County, California",2009,122863,4554,100574,4664,88292,4455,12282,1910,9108,1703,1907,735,648,474,400,355,219,186,4232,1295,4232,1295,0,271,0,271,0,271,0,271,0,271,105,123,969,543,4035,1104,831,536,12117,1826
0500000US06047,6047,"Merced County, California",2009,76054,3863,67441,4075,58926,3577,8515,1757,5395,1326,1544,724,339,319,393,385,844,1039,222,208,161,180,0,271,0,271,61,101,0,271,0,271,66,110,266,233,2015,587,1691,841,4353,1110
0500000US06053,6053,"Monterey County, California",2009,176336,5280,149853,5331,126987,5137,22866,2740,15259,2076,4144,1145,1598,823,934,542,931,625,3003,995,2899,996,70,114,0,271,34,64,0,271,0,271,776,560,1585,605,5386,1543,6212,1668,9521,1993
0500000US06055,6055,"Napa County, California",2009,67085,3625,59725,3511,52401,3702,7324,1450,5741,1304,998,661,336,284,109,122,140,128,737,423,737,423,0,271,0,271,0,271,0,271,0,271,171,164,587,436,2851,1235,362,356,2652,759
0500000US06059,6059,"Orange County, California",2009,1488380,15805,1317519,15847,1154814,14718,162705,7739,123790,7128,22209,3025,8973,1479,4496,1065,3237,997,41606,3812,38704,3828,139,116,108,124,2655,852,0,271,140,193,4566,980,15342,2628,30728,3206,9504,1936,68975,4647
0500000US06061,6061,"Placer County, California",2009,146868,6551,128166,6110,115389,5255,12777,2416,9345,2119,1904,614,363,316,934,998,231,251,822,531,822,531,0,271,0,271,0,271,0,271,55,94,454,264,1002,675,2588,1017,525,454,13256,1886
0500000US06065,6065,"Riverside County, California",2009,681787,11018,599706,10907,512482,9289,87224,5816,64303,4861,14589,2685,4738,2042,2322,1050,1272,622,9032,2032,8735,2033,164,160,0,271,133,156,0,271,0,271,1033,451,2481,956,14716,2230,7710,2079,47109,4321
0500000US06067,6067,"Sacramento County, California",2009,616342,10977,544379,10937,470277,10064,74102,5287,57667,4490,9407,1858,3180,1199,1984,1318,1864,614,22579,3440,16248,2941,2011,912,1689,695,2631,852,0,271,55,93,2052,720,6173,1453,10847,1596,3956,1072,26301,2929
0500000US06071,6071,"San Bernardino County, California",2009,722108,12689,654928,13328,542040,12518,112888,7062,92654,6023,11659,2285,4886,1482,1588,693,2101,894,12496,2145,12110,2137,171,213,0,271,138,163,77,127,247,420,1991,724,2089,872,18012,2624,4369,1202,27976,3404
0500000US06073,6073,"San Diego County, California",2009,1431802,15584,1231564,15396,1086500,13848,145064,6779,116931,6480,16160,2467,5688,1743,2631,911,3654,1031,42214,3688,36122,3405,2935,1077,335,311,2564,723,258,280,337,285,7220,1460,8663,1720,40219,4407,8618,1649,92967,5508
0500000US06075,6075,"San Francisco County, California",2009,614524,12419,292506,10334,224785,9623,67721,4921,45683,4828,15106,2214,3959,962,1586,710,1387,657,218944,8562,112591,7034,11945,2014,75692,4607,14020,2057,4696,978,1183,617,5048,1258,13437,2391,46544,4312,7349,1613,29513,3433
0500000US06077,6077,"San Joaquin County, California",2009,223399,7215,203217,6902,176131,6948,27086,3182,19566,2762,3844,1293,1606,1116,1197,801,873,702,2384,2070,2271,2060,113,187,0,271,0,271,0,271,0,271,723,501,1259,597,3621,919,1996,737,10199,1920
0500000US06079,6079,"San Luis Obispo County, California",2009,116678,4388,98434,4284,83291,4480,15143,2386,11767,2164,1582,748,710,385,629,479,455,280,1728,950,1728,950,0,271,0,271,0,271,0,271,0,271,486,254,1874,707,5157,1534,388,276,8611,1788
0500000US06081,6081,"San Mateo County, California",2009,350021,9766,294962,8576,253679,8008,41283,3513,29350,2709,7067,1808,2283,915,1300,840,1283,548,17190,2625,10119,2143,83,136,3024,851,3964,1078,0,271,0,271,1106,549,2450,782,9350,1916,3297,969,21666,3178
0500000US06083,6083,"Santa Barbara County, California",2009,192492,4576,156402,4806,128232,4409,28170,2875,20986,2422,4082,1335,2266,1061,412,304,424,324,7867,1873,7867,1873,0,271,0,271,0,271,0,271,0,271,685,371,7040,1519,9024,1778,1240,732,10234,1700
0500000US06085,6085,"Santa Clara County, California",2009,933910,13112,814326,12923,710289,13043,104037,6769,81959,5475,13981,2339,4687,1770,2210,1047,1200,557,31301,3344,21684,2940,986,379,544,360,8087,1498,0,271,222,216,3028,1026,13308,2114,18326,2981,15803,3336,37596,3361
0500000US06087,6087,"Santa Cruz County, California",2009,105363,4894,85949,4654,75304,4338,10645,1638,8605,1602,1119,436,453,288,67,112,401,240,3611,1419,3611,1419,0,271,0,271,0,271,0,271,0,271,141,160,3192,1158,5087,1247,419,353,6964,1244
0500000US06089,6089,"Shasta County, California",2009,70035,3547,61129,3722,55816,3857,5313,1138,3212,856,1294,581,388,369,81,135,338,435,650,631,379,338,0,271,0,271,271,426,0,271,0,271,679,348,568,462,1671,678,949,656,4389,1284
0500000US06095,6095,"Solano County, California",2009,138155,5861,126060,5789,110769,5259,15291,2805,11947,2735,2619,874,449,254,69,117,207,183,1761,727,1596,689,0,271,0,271,112,180,53,86,49,85,316,339,786,452,2607,868,684,526,5892,1269
0500000US06097,6097,"Sonoma County, California",2009,200314,5037,169014,4943,148407,4304,20607,2777,14641,2400,2605,1332,1586,1237,575,425,1200,937,3827,1007,3554,1061,0,271,83,138,190,311,0,271,0,271,510,333,3168,906,7260,1782,788,513,15747,1986
0500000US06099,6099,"Stanislaus County, California",2009,178045,5434,162207,5925,144493,5316,17714,2425,13599,2021,2893,1288,620,352,395,336,207,152,1183,665,1183,665,0,271,0,271,0,271,0,271,0,271,197,188,786,469,3212,942,2470,1033,7990,1332
0500000US06107,6107,"Tulare County, California",2009,152695,6387,136804,6267,116523,5320,20281,2638,13639,2137,3684,1252,1055,541,730,368,1173,669,1096,526,1096,526,0,271,0,271,0,271,0,271,0,271,293,228,884,581,3209,1073,3805,2681,6604,1191
0500000US06111,6111,"Ventura County, California",2009,325433,7550,288115,7074,246194,6938,41921,3466,31974,3040,4650,1156,3302,1470,1411,704,584,281,3909,1107,3485,1013,0,271,40,67,384,368,0,271,0,271,1393,587,2901,1040,8535,1644,1984,860,18596,2219
0500000US06113,6113,"Yolo County, California",2009,97678,4560,80703,4484,67861,4443,12842,2053,9758,1957,2222,791,486,385,224,189,152,183,2508,1024,2225,1026,0,271,0,271,283,242,0,271,0,271,649,409,7614,1503,2123,776,433,283,3648,1020
0500000US06001,6001,"Alameda County, California",2010,689338,14064,562450,13372,492194,12375,70256,4779,55977,4281,9417,1503,3082,827,672,401,1108,475,50109,4203,21844,3156,850,574,24378,2920,2957,866,80,131,292,299,1414,529,8801,1281,21204,3462,4816,1207,40252,3780
0500000US06007,6007,"Butte County, California",2010,82784,4029,71381,3710,59178,3671,12203,1876,9704,1726,1636,644,234,198,583,559,46,85,1109,927,1109,927,0,273,0,273,0,273,0,273,157,252,711,671,2292,1027,2504,963,256,223,4374,884
0500000US06013,6013,"Contra Costa County, California",2010,355438,9830,304197,9078,263270,8476,40927,3987,32782,3847,5037,1304,1213,489,908,633,987,626,10226,1696,5755,1447,61,105,4067,1065,343,312,0,273,0,273,410,312,3483,1153,6446,1383,1931,734,28745,3527
0500000US06019,6019,"Fresno County, California",2010,354114,8030,310822,8261,273486,8311,37336,3896,26089,3627,4500,1161,3048,1369,2211,1004,1488,591,4956,1718,4871,1754,34,56,0,273,0,273,51,82,0,273,1184,645,1956,770,8593,1896,12380,2987,14223,2478
0500000US06023,6023,"Humboldt County, California",2010,59948,3000,50013,3029,44366,2815,5647,1484,4429,1315,748,461,231,217,239,350,0,273,654,501,654,501,0,273,0,273,0,273,0,273,0,273,131,156,1128,655,3899,1005,940,608,3183,912
0500000US06025,6025,"Imperial County, California",2010,54357,2811,50930,2635,45435,2729,5495,1250,4046,1095,620,371,456,287,232,231,141,120,336,245,336,245,0,273,0,273,0,273,0,273,0,273,56,64,141,226,288,254,440,350,2166,770
0500000US06029,6029,"Kern County, California",2010,303242,6475,275523,6444,228196,6487,47327,4257,30448,3184,7500,2590,4764,1393,2791,1129,1824,857,3128,1160,3101,1163,27,45,0,273,0,273,0,273,126,151,648,415,1038,564,7119,2642,5248,1843,10412,1803
0500000US06031,6031,"Kings County, California",2010,53263,3573,48890,3563,43212,3529,5678,1374,2972,884,1022,576,451,387,704,509,529,542,995,892,952,889,0,273,0,273,43,69,0,273,0,273,167,274,172,158,995,497,506,379,1538,1026
0500000US06037,6037,"Los Angeles County, California",2010,4452745,23638,3703166,24999,3214439,25147,488727,11868,378730,10819,67053,5022,19639,2218,12021,2169,11284,2038,319496,12032,281124,11706,3270,1109,17823,2408,16990,2199,289,304,1497,511,11403,1631,36716,3316,124819,6582,40404,3539,215244,8908
0500000US06041,6041,"Marin County, California",2010,118051,5385,95106,4759,82216,4450,12890,2382,9364,1855,2040,1079,615,469,433,291,438,377,3858,1128,3107,1010,0,273,751,743,0,273,0,273,0,273,280,232,1735,652,6448,2525,343,308,10281,1820
0500000US06047,6047,"Merced County, California",2010,80809,4294,72045,3771,64848,3738,7197,1394,5226,1198,959,591,452,293,273,286,287,295,203,199,203,199,0,273,0,273,0,273,0,273,0,273,296,267,466,382,2207,1009,2501,1220,3091,933
0500000US06053,6053,"Monterey County, California",2010,176743,5500,148769,6270,126473,5576,22296,3081,15450,2545,3084,1127,2103,843,947,455,712,778,2862,1057,2813,1064,0,273,49,81,0,273,0,273,51,88,438,260,886,408,5987,1484,7349,2002,10401,3730
0500000US06055,6055,"Napa County, California",2010,64724,3930,57654,3798,50534,3604,7120,1334,5347,1250,1001,566,309,362,127,197,336,270,771,433,699,422,0,273,0,273,72,126,0,273,0,273,105,129,249,208,2126,639,653,403,3166,878
0500000US06059,6059,"Orange County, California",2010,1448816,16184,1290448,16308,1129070,15023,161378,8865,125161,7897,21526,2877,6808,1715,5271,2045,2612,1066,40404,3415,36433,3258,237,194,334,391,3400,960,0,273,449,299,5327,1312,12665,2016,24519,2765,8368,1410,66636,4587
0500000US06061,6061,"Placer County, California",2010,141618,5958,124521,5976,111766,5581,12755,2379,10569,2174,1217,719,594,408,181,244,194,207,332,246,332,246,0,273,0,273,0,273,0,273,59,94,589,321,583,458,2809,1242,1237,749,11488,2135
0500000US06065,6065,"Riverside County, California",2010,667308,14884,597181,13864,517996,12178,79185,6241,59740,5287,12309,2798,4265,1267,2409,1251,462,308,8892,2390,8164,2430,184,304,301,384,243,236,0,273,0,273,2760,917,3282,1371,13024,2505,8692,2072,33477,2738
0500000US06067,6067,"Sacramento County, California",2010,601412,9842,526379,9340,455009,9181,71370,4810,59480,4581,7313,1646,2298,674,845,432,1434,525,21432,2893,14629,2210,2499,1063,2270,779,2034,734,0,273,122,141,2243,778,7406,1449,10128,1920,4459,1046,29243,2842
0500000US06071,6071,"San Bernardino County, California",2010,716895,13651,655382,13318,541531,14209,113851,6983,92944,6390,11139,2020,5419,1912,2074,812,2275,856,7651,1692,6584,1487,52,86,48,80,902,607,65,107,0,273,1362,643,3219,1442,15424,3016,6144,1805,27713,3439
0500000US06073,6073,"San Diego County, California",2010,1419548,15039,1229323,15443,1083163,15079,146160,8048,114531,6786,18159,2553,6897,1754,3881,1472,2692,805,44978,4435,38258,3968,2721,1049,437,350,3403,1097,159,196,486,349,5269,1243,11356,2421,38222,5225,8015,1701,81899,6472
0500000US06075,6075,"San Francisco County, California",2010,583307,11611,267248,9547,205719,7648,61529,5198,43169,4257,13745,2160,2333,939,729,395,1553,680,218852,8412,116118,6453,11447,1887,77719,5050,9617,1571,3951,871,1602,691,4062,1295,15452,2313,41293,4192,5578,1378,29220,3224
0500000US06077,6077,"San Joaquin County, California",2010,230496,7832,207838,7221,177741,6622,30097,3717,19666,2805,5589,1720,1658,929,798,611,2386,2473,1248,613,1248,613,0,273,0,273,0,273,0,273,0,273,596,344,1470,596,4140,1184,1803,922,13401,2352
0500000US06079,6079,"San Luis Obispo County, California",2010,111840,4639,98570,4830,85894,4432,12676,2023,10718,2060,1156,719,106,129,228,213,468,420,963,499,963,499,0,273,0,273,0,273,0,273,0,273,733,364,1495,638,3216,1104,194,197,6669,1405
0500000US06081,6081,"San Mateo County, California",2010,368209,8099,311238,7367,264882,7118,46356,3746,34545,3341,6485,1688,2819,1232,601,292,1906,861,18366,2727,10170,1672,0,273,3929,1295,4267,1159,0,273,0,273,738,410,2971,1214,11654,2431,5520,1734,17722,2455
0500000US06083,6083,"Santa Barbara County, California",2010,195391,4698,158075,4898,128208,4980,29867,3536,21464,3083,4805,1515,1961,1157,1032,658,605,405,7671,1832,7579,1842,0,273,0,273,15,27,77,132,72,110,830,452,7740,1379,9258,1626,1446,792,10299,1592
0500000US06085,6085,"Santa Clara County, California",2010,907948,12639,798946,12741,699989,12627,98957,5424,82403,5066,11395,2299,2388,980,1716,777,1055,482,28877,2958,19775,2842,1493,696,1315,692,6294,1367,0,273,76,126,2285,715,14376,1926,15346,2232,6855,1416,41187,3679
0500000US06087,6087,"Santa Cruz County, California",2010,105965,7225,84615,5875,72683,5816,11932,2265,7919,2004,2213,963,854,612,727,612,219,183,2885,1461,2838,1421,0,273,0,273,47,79,0,273,66,112,267,198,2862,865,5578,1848,2909,1248,6783,1241
0500000US06095,6095,"Solano County, California",2010,143568,6580,130538,6039,113836,5420,16702,2520,13350,2470,2299,1236,484,424,233,196,336,229,1886,949,1553,904,0,273,0,273,221,288,112,132,81,137,165,185,562,446,3622,1426,235,281,6479,1432
0500000US06097,6097,"Sonoma County, California",2010,200232,6050,172936,6517,153215,6599,19721,2448,16155,1968,3027,1379,333,226,36,60,170,180,2813,1142,2813,1142,0,273,0,273,0,273,0,273,0,273,705,543,1755,593,4160,922,599,342,17264,2421
0500000US06099,6099,"Stanislaus County, California",2010,180952,6668,164881,6671,145152,6284,19729,2867,15077,2655,2049,627,1164,599,982,627,457,449,1447,803,1447,803,0,273,0,273,0,273,0,273,0,273,394,293,914,531,2584,729,1253,642,9479,1477
0500000US06107,6107,"Tulare County, California",2010,159139,4830,143803,4812,118862,4732,24941,3400,14779,1897,5354,1574,3102,1640,779,448,927,454,1205,587,1205,587,0,273,0,273,0,273,0,273,0,273,259,192,312,213,4468,1250,3293,1110,5799,1294
0500000US06111,6111,"Ventura County, California",2010,338735,8399,297305,9458,248389,8899,48916,4919,32615,3626,6928,1983,5477,2605,2585,1764,1311,1613,3876,1125,3876,1125,0,273,0,273,0,273,0,273,0,273,971,439,2736,1071,7722,1927,3574,1423,22551,4516
0500000US06113,6113,"Yolo County, California",2010,95103,5874,79176,4697,68084,4443,11092,1874,7744,1509,2116,934,1026,760,0,273,206,207,2182,752,1859,736,0,273,0,273,323,227,0,273,0,273,292,186,7072,2070,2715,996,304,288,3362,1046
0500000US06001,6001,"Alameda County, California",2011,671970,13113,538429,12490,469495,11812,68934,4930,51730,4318,10497,1780,4095,1230,1198,592,1414,673,51320,4423,24751,3546,420,372,22610,2865,3539,1035,0,193,140,190,1675,671,14858,2145,24161,3039,6531,1423,34856,3085
0500000US06007,6007,"Butte County, California",2011,82123,3677,70559,3833,62982,4047,7577,1708,6444,1661,719,388,371,267,43,80,0,193,806,436,806,436,0,193,0,193,0,193,0,193,111,185,588,504,2697,1190,3661,1222,263,421,3438,893
0500000US06013,6013,"Contra Costa County, California",2011,362190,9723,312764,9866,276182,9502,36582,3628,28355,3008,4956,1574,2023,812,573,375,675,425,8014,1541,4907,1335,428,516,2282,807,397,322,0,193,0,193,636,381,1550,586,5931,1777,3554,1540,29741,3611
0500000US06019,6019,"Fresno County, California",2011,343967,9297,311807,9165,270053,8629,41754,4542,28913,3530,4996,1449,2877,1078,2857,1212,2111,1000,3737,1166,3528,1110,0,193,0,193,209,218,0,193,0,193,966,634,2244,770,7147,1384,6471,1521,11595,1923
0500000US06025,6025,"Imperial County, California",2011,57071,2707,50918,2385,44325,2628,6593,1519,4531,1368,960,604,465,299,75,122,562,372,787,522,787,522,0,193,0,193,0,193,0,193,353,279,0,193,219,255,1626,704,767,452,2401,864
0500000US06029,6029,"Kern County, California",2011,314278,7571,287998,7366,237003,7831,50995,4511,30103,3620,7571,1970,6329,2404,3093,1418,3899,1494,3806,1271,3719,1258,50,81,0,193,0,193,37,57,151,182,766,524,1549,694,5527,1541,5666,1563,8815,1845
0500000US06031,6031,"Kings County, California",2011,54413,3647,49262,3494,42239,2994,7023,1587,3848,1192,1396,633,317,296,371,287,1091,612,47,102,47,102,0,193,0,193,0,193,0,193,0,193,260,241,139,145,2200,729,861,445,1644,574
0500000US06037,6037,"Los Angeles County, California",2011,4461072,22836,3713373,25439,3237706,24001,475667,12660,366026,10204,65755,6397,21252,3226,10749,2524,11885,1760,322926,10615,287773,9724,3441,1106,15569,1980,15725,2221,418,585,1676,602,11725,1750,35686,3713,123466,6548,36907,3986,215313,7882
0500000US06039,6039,"Madera County, California",2011,42302,3773,36807,3507,31543,3305,5264,1421,3164,1095,350,242,266,278,925,537,559,405,87,138,87,138,0,193,0,193,0,193,0,193,0,193,94,132,323,317,1830,784,897,624,2264,883
0500000US06041,6041,"Marin County, California",2011,127986,5982,103530,6215,90224,5698,13306,2615,8930,2083,2638,1298,1053,639,423,378,262,268,3688,1322,3318,1304,0,193,93,112,8,16,269,450,135,246,150,153,2120,1674,4064,1238,608,565,13691,1956
0500000US06047,6047,"Merced County, California",2011,78196,4190,69173,4070,62053,4096,7120,1783,5320,1484,1086,596,398,217,173,156,143,152,345,343,326,342,0,193,0,193,19,31,0,193,0,193,206,177,278,232,1595,613,2151,891,4448,993
0500000US06053,6053,"Monterey County, California",2011,167791,6191,138749,5785,116382,5216,22367,2878,16161,2463,3807,1076,1959,694,440,292,0,193,3319,1011,3319,1011,0,193,0,193,0,193,0,193,0,193,602,376,1338,508,6269,1146,9803,2050,7711,1558
0500000US06055,6055,"Napa County, California",2011,68889,3724,58976,3369,51589,3340,7387,1412,6291,1360,448,277,456,351,31,53,161,270,621,464,621,464,0,193,0,193,0,193,0,193,33,53,234,264,1117,964,3035,1103,805,749,4068,1034
0500000US06059,6059,"Orange County, California",2011,1493898,13806,1322614,13698,1165271,13004,157343,7561,120758,6671,23495,2960,7232,1681,3537,956,2321,814,42791,3924,37104,3769,0,193,735,420,4505,1462,447,491,580,403,4152,1056,14123,2361,30376,3510,7820,1597,71442,4698
0500000US06061,6061,"Placer County, California",2011,141848,5933,124971,6037,111976,5290,12995,2082,11011,2044,1540,699,100,154,232,226,112,136,1033,613,757,477,0,193,0,193,276,354,0,193,0,193,180,155,1044,616,2088,746,455,323,12077,2386
0500000US06065,6065,"Riverside County, California",2011,673110,14133,599115,13944,523178,15081,75937,7067,59810,6686,8147,1650,3258,863,2805,1161,1917,679,6183,1688,5793,1646,212,327,178,282,0,193,0,193,0,193,2068,769,3289,1294,9727,1631,5001,1322,47727,5168
0500000US06067,6067,"Sacramento County, California",2011,593758,12969,516951,12335,442806,11615,74145,7164,59310,6038,10205,2875,2339,855,1189,449,1102,538,19936,2674,13610,2149,1861,854,2742,892,1723,474,0,193,172,245,2170,1046,7319,1469,13607,2035,2965,1073,30638,4072
0500000US06071,6071,"San Bernardino County, California",2011,699193,16860,636825,16409,534667,16382,102158,8148,83273,7726,12330,3047,2359,913,3153,1343,1043,556,9958,1932,9559,1908,31,54,64,106,304,314,0,193,89,113,2024,1262,2669,1051,12850,2844,4600,1513,30178,3398
0500000US06073,6073,"San Diego County, California",2011,1446353,14138,1250116,16637,1107755,15645,142361,6252,111567,5390,18634,3074,7120,1670,2274,785,2766,884,42036,3456,36606,3239,1757,663,353,266,3232,1087,88,105,711,588,6123,1552,10173,1869,39009,3692,8638,1724,89547,6085
0500000US06075,6075,"San Francisco County, California",2011,614748,13079,286560,10026,227921,8296,58639,4842,40236,4006,13064,1901,3003,976,698,478,1638,700,221190,9283,116573,6582,8398,1727,78970,5422,12796,1862,4453,1348,1300,871,4651,1082,15344,2815,43114,3958,8328,1860,34261,3778
0500000US06077,6077,"San Joaquin County, California",2011,229304,7756,208707,7400,178221,6866,30486,4084,24155,3715,3785,1128,1472,640,536,291,538,408,1559,715,1501,683,0,193,0,193,58,96,0,193,54,89,579,323,978,468,4643,1290,2363,915,10421,2447
0500000US06079,6079,"San Luis Obispo County, California",2011,116063,4600,94993,5488,83641,5195,11352,2159,8514,2045,1899,656,178,164,448,438,313,271,1305,852,1305,852,0,193,0,193,0,193,0,193,0,193,386,269,3529,1049,5588,2655,625,516,9637,1783
0500000US06081,6081,"San Mateo County, California",2011,348592,9791,294643,9899,251946,8817,42697,4038,29522,3337,7545,1781,2299,941,1317,989,2014,1192,17947,2301,10999,2062,615,677,2583,737,3750,990,0,193,150,179,726,351,3918,1312,9071,1526,3657,963,18480,2212
0500000US06083,6083,"Santa Barbara County, California",2011,210281,6005,172698,5551,139074,5175,33624,3516,22520,2959,5194,1537,4133,1651,1499,909,278,189,7189,1569,7189,1569,0,193,0,193,0,193,0,193,130,212,1593,894,8103,1911,7854,1476,1105,512,11609,1702
0500000US06085,6085,"Santa Clara County, California",2011,938013,11837,817851,11763,720604,12795,97247,5940,76891,5797,11843,1955,4827,2001,1899,782,1787,618,34368,4435,22822,3758,1820,853,698,362,9028,1428,0,193,120,142,2404,739,16064,2566,18992,2393,8090,2206,40124,3055
0500000US06087,6087,"Santa Cruz County, California",2011,113674,4000,90825,4332,79952,4168,10873,1974,7906,1667,1586,704,638,310,256,234,487,361,3440,1221,3440,1221,0,193,0,193,0,193,0,193,22,37,438,334,4228,1433,4442,1357,1780,820,8499,1693
0500000US06089,6089,"Shasta County, California",2011,68434,3833,61414,3673,54512,3517,6902,1681,5660,1548,771,495,135,220,83,100,253,219,203,190,185,188,18,43,0,193,0,193,0,193,0,193,250,201,204,167,1905,856,311,251,4147,1110
0500000US06095,6095,"Solano County, California",2011,138651,5959,124518,6120,111873,5923,12645,2193,8874,1779,1997,935,691,430,968,916,115,127,1765,668,1765,668,0,193,0,193,0,193,0,193,0,193,221,206,980,641,3629,1127,751,431,6787,1527
0500000US06097,6097,"Sonoma County, California",2011,206003,5946,173310,6128,156959,6260,16351,2362,12213,2051,2296,873,798,678,258,221,786,575,3400,1219,3023,1126,94,162,212,352,71,113,0,193,0,193,1192,634,2919,978,8077,1778,1340,789,15765,2578
0500000US06099,6099,"Stanislaus County, California",2011,177914,5487,160358,5687,142650,5254,17708,2700,13501,2323,2920,1043,1130,641,157,156,0,193,1272,565,1253,572,0,193,19,33,0,193,0,193,0,193,535,350,1545,798,5276,1498,1361,874,7567,1419
0500000US06107,6107,"Tulare County, California",2011,150013,5478,135272,5565,112557,4942,22715,2585,15105,2135,2999,1227,2247,797,1068,659,1296,712,840,421,840,421,0,193,0,193,0,193,0,193,0,193,395,254,1043,961,3338,920,2165,788,6960,2066
0500000US06111,6111,"Ventura County, California",2011,334017,7527,293790,7638,250217,8305,43573,5019,32049,3741,5192,1338,2735,1405,2706,1255,891,789,3583,980,3328,956,49,80,0,193,0,193,206,324,50,83,1402,661,3566,1347,7392,1608,1443,558,22791,2474
0500000US06113,6113,"Yolo County, California",2011,101884,6280,84511,5993,72658,5132,11853,2344,8860,2087,2207,1273,664,371,0,193,122,145,3133,1315,2874,1305,0,193,0,193,259,230,0,193,0,193,557,636,6699,1514,2356,857,536,265,4092,1032
0500000US06001,6001,"Alameda County, California",2012,680460,13130,537418,12760,466121,11496,71297,4488,53259,3612,10299,1684,4152,1117,2288,879,1299,503,54196,4109,26135,3404,432,363,25100,2597,2433,738,96,158,289,183,2840,697,12886,1884,26673,2833,6344,1480,39814,3048
0500000US06007,6007,"Butte County, California",2012,83291,3292,71180,3596,61741,3376,9439,1478,6313,1054,2190,858,438,275,149,203,349,265,1396,741,1396,741,0,184,0,184,0,184,0,184,0,184,107,117,2250,737,2685,922,729,352,4944,840
0500000US06013,6013,"Contra Costa County, California",2012,369085,9503,318274,8705,275997,8612,42277,4014,30232,3022,7943,2074,2622,711,530,338,950,409,10189,1862,5007,1098,338,326,4270,1300,574,394,0,184,601,599,784,345,1571,574,7259,1496,3326,1230,27081,2834
0500000US06017,6017,"El Dorado County, California",2012,56648,3594,46879,3367,40189,3414,6690,1329,5398,1223,832,430,215,234,28,46,217,200,236,235,236,235,0,184,0,184,0,184,0,184,0,184,41,69,679,488,1644,703,677,466,6492,1182
0500000US06019,6019,"Fresno County, California",2012,346908,6920,308045,6961,261876,6551,46169,4008,27852,3140,8656,2165,4622,1511,2070,920,2969,1193,5398,1256,5172,1293,226,175,0,184,0,184,0,184,0,184,1076,528,3093,1194,6970,1419,5996,1720,16330,2395
0500000US06025,6025,"Imperial County, California",2012,54446,3079,47618,3177,41683,3288,5935,1533,3818,1103,694,573,928,1046,352,375,143,141,755,415,755,415,0,184,0,184,0,184,0,184,146,178,15,27,497,375,1703,737,1005,642,2707,971
0500000US06029,6029,"Kern County, California",2012,312254,7274,288185,7211,239844,7306,48341,4130,29953,3668,7749,1724,5434,1442,1657,630,3548,1045,3194,1020,2950,1002,0,184,0,184,244,337,0,184,104,178,901,454,1912,1261,5324,1280,4365,1053,8269,1527
0500000US06031,6031,"Kings County, California",2012,49615,3326,46762,3512,37328,3189,9434,1782,6280,1379,871,549,700,491,710,408,873,531,171,193,81,122,90,152,0,184,0,184,0,184,0,184,84,120,66,85,1518,616,416,320,598,269
0500000US06037,6037,"Los Angeles County, California",2012,4548246,26678,3794414,27122,3324010,26306,470404,11990,363194,10720,62030,4479,21681,2770,12409,1798,11090,1866,316154,10412,277071,9843,2436,865,17096,2015,18956,2206,595,497,1126,504,11227,1654,37682,3797,124516,6144,40465,4418,222662,7592
0500000US06041,6041,"Marin County, California",2012,127043,4099,103401,4471,89840,4312,13561,2241,10300,1864,1967,893,597,431,534,425,163,170,4429,1464,4284,1416,7,12,102,129,0,184,36,58,0,184,691,341,1971,768,3774,1109,412,273,12365,1777
0500000US06047,6047,"Merced County, California",2012,78990,4107,70434,4232,62771,4016,7663,1349,5247,1151,1324,787,525,343,250,304,317,327,445,279,445,279,0,184,0,184,0,184,0,184,0,184,161,148,129,130,2855,1032,1370,702,3596,921
0500000US06053,6053,"Monterey County, California",2012,179386,5746,151919,5140,129813,4998,22106,2495,15485,2050,2734,857,2303,908,1188,594,396,345,4590,1023,4547,1019,0,184,0,184,43,72,0,184,0,184,543,329,1645,554,6004,1266,7461,2000,7224,1396
0500000US06055,6055,"Napa County, California",2012,76350,3655,68840,3721,59284,3367,9556,1934,7459,1591,1368,992,590,418,78,105,61,101,520,390,520,390,0,184,0,184,0,184,0,184,0,184,50,73,400,262,2968,904,373,272,3199,606
0500000US06059,6059,"Orange County, California",2012,1527539,16321,1349831,15088,1185884,15351,163947,6485,127470,6215,22844,3175,6767,1429,3760,919,3106,921,44494,4167,40349,4109,193,244,516,371,3413,1004,23,38,355,391,4842,888,15261,2086,26866,3282,9875,1746,76015,5061
0500000US06061,6061,"Placer County, California",2012,154637,5190,135718,5653,122472,4812,13246,2372,10534,2043,1683,818,326,300,560,564,143,190,1137,549,1137,549,0,184,0,184,0,184,0,184,0,184,306,211,569,388,2382,936,506,303,14019,1816
0500000US06065,6065,"Riverside County, California",2012,694291,12980,621524,12482,541156,10697,80368,5333,61783,4419,11224,1869,4010,759,1391,648,1960,702,8583,1923,8136,1883,289,289,25,31,133,128,0,184,0,184,2159,725,3323,754,10735,1857,4815,1342,43152,4026
0500000US06067,6067,"Sacramento County, California",2012,609828,9475,535264,9022,463208,8742,72056,4924,58337,4579,9044,1799,2007,979,1624,714,1044,447,16413,2530,12096,2337,1372,587,1344,450,1601,479,0,184,226,369,1719,628,8304,1680,13558,2318,3576,1074,30768,3289
0500000US06071,6071,"San Bernardino County, California",2012,717206,12570,655345,11980,563813,11501,91532,5801,71044,5433,12654,1741,4198,1111,1400,547,2236,964,7696,1576,7498,1583,0,184,54,87,144,170,0,184,39,65,2199,866,3304,1097,15074,2063,4520,1238,29029,3382
0500000US06073,6073,"San Diego County, California",2012,1488375,14172,1285154,14544,1134525,12089,150629,8122,117292,7241,19239,2821,6978,1505,2340,661,4780,1424,40086,3572,34444,3423,2320,876,70,82,2853,785,399,324,632,377,8808,1767,10625,1839,38586,3958,8505,1453,95979,5413
0500000US06075,6075,"San Francisco County, California",2012,614739,10180,274664,8891,215035,7055,59629,4841,39559,3928,13730,1972,3275,1070,1402,576,1663,784,235551,7473,114087,6278,10673,1908,92565,5021,12282,1579,5944,1185,1187,618,3957,1059,16783,3063,43927,3532,8489,1797,30181,2902
0500000US06077,6077,"San Joaquin County, California",2012,233308,7007,214837,7210,188131,6510,26706,2950,18374,2591,5099,1212,1593,1008,1172,582,468,299,1894,652,1807,631,0,184,0,184,87,140,0,184,0,184,178,174,1032,468,4546,1276,1740,582,9081,1402
0500000US06079,6079,"San Luis Obispo County, California",2012,120172,4110,101079,4308,86928,4658,14151,2385,9997,1932,2629,1191,418,437,651,543,456,301,2556,1052,2546,1048,0,184,0,184,10,17,0,184,0,184,0,184,1723,616,4961,1508,631,411,9222,1674
0500000US06081,6081,"San Mateo County, California",2012,373825,9201,311306,8754,269033,8591,42273,3716,31872,3577,5503,1156,2008,736,1010,725,1880,618,22593,2775,13857,2397,177,172,3976,1069,4535,1072,48,81,278,310,1646,873,3949,1243,8964,2154,4990,1747,20099,2348
0500000US06083,6083,"Santa Barbara County, California",2012,207427,5509,169281,5747,140526,5336,28755,3140,20543,2775,4802,1428,2326,850,574,363,510,317,6911,1611,6773,1595,0,184,0,184,138,167,0,184,27,44,1434,545,10522,2050,8394,2019,1425,719,9433,1372
0500000US06085,6085,"Santa Clara County, California",2012,982237,9016,851598,8925,742997,9293,108601,6543,88619,5769,12243,2188,3860,1202,2006,708,1873,731,41293,3549,26410,2620,1722,705,1901,868,11260,1976,0,184,700,498,3581,1082,18357,2260,14442,2000,11810,1927,40456,2686
0500000US06087,6087,"Santa Cruz County, California",2012,119917,5284,92617,5111,80003,4819,12614,2252,9415,1762,1441,859,476,472,938,1033,344,263,3133,1135,3133,1135,0,184,0,184,0,184,0,184,0,184,436,242,5415,1505,5667,1797,2985,1978,9664,1412
0500000US06089,6089,"Shasta County, California",2012,68865,2678,62713,2800,56163,2853,6550,1562,5337,1349,856,523,89,92,114,151,154,174,594,426,594,426,0,184,0,184,0,184,0,184,0,184,384,204,766,546,1584,736,315,274,2509,627
0500000US06095,6095,"Solano County, California",2012,137416,5398,124301,5072,108766,5109,15535,2283,12339,2057,2257,915,654,449,171,137,114,113,1122,703,1059,697,0,184,0,184,0,184,63,103,193,177,384,368,635,414,3741,1272,291,236,6749,1055
0500000US06097,6097,"Sonoma County, California",2012,204339,5835,176298,5584,156343,5293,19955,2746,15310,2561,3360,1439,981,608,252,186,52,83,2702,1003,2458,974,244,386,0,184,0,184,0,184,48,75,642,472,1819,644,7416,2096,1716,706,13698,1815
0500000US06099,6099,"Stanislaus County, California",2012,182554,6209,165263,5751,144680,5354,20583,2767,16815,2569,2464,806,649,373,436,309,219,225,1984,751,1800,647,0,184,0,184,184,289,0,184,0,184,272,323,1082,460,4093,1029,925,579,8935,1615
0500000US06107,6107,"Tulare County, California",2012,159184,5386,147664,5493,122868,5383,24796,2855,16368,2364,4360,1147,2682,1064,399,286,987,822,1056,485,1056,485,0,184,0,184,0,184,0,184,0,184,1395,931,477,262,2698,764,1159,722,4735,1158
0500000US06111,6111,"Ventura County, California",2012,346739,7656,309436,7164,262806,7068,46630,3626,33431,3165,7731,1780,3796,1354,1056,455,616,320,2510,767,2368,765,93,153,0,184,49,82,0,184,101,128,880,378,2804,913,7876,1313,2496,824,20636,2430
0500000US06113,6113,"Yolo County, California",2012,97400,5037,79161,4494,68508,3968,10653,2004,7307,1786,1604,606,552,342,718,576,472,305,2805,817,2524,796,0,184,0,184,281,238,0,184,98,162,498,304,7960,1540,2153,703,347,271,4378,1283
0500000US06001,6001,"Alameda County, California",2013,691410,11759,547873,10754,473947,10004,73926,5060,55200,4322,11390,2117,3943,1113,2110,750,1283,644,53959,3841,23067,3039,36,58,28411,2719,2417,708,28,45,423,365,1962,785,14306,1976,23557,3066,7936,1441,41394,3017
0500000US06007,6007,"Butte County, California",2013,87866,4106,74734,3693,65396,3659,9338,1737,6455,1535,1175,695,1192,928,151,264,365,439,1152,682,1152,682,0,203,0,203,0,203,0,203,0,203,353,273,2272,750,3141,1169,262,206,5952,1325
0500000US06013,6013,"Contra Costa County, California",2013,370924,9467,316932,9296,274998,8094,41934,4143,28970,3330,8747,2036,2344,867,935,633,938,521,10564,1952,6463,1735,0,203,3618,1124,483,336,0,203,0,203,770,418,3023,1016,7976,1632,3932,1148,27727,3010
0500000US06019,6019,"Fresno County, California",2013,357454,7435,324927,7756,277695,7861,47232,4146,32002,3302,5239,1425,4812,1502,4231,1836,948,470,3608,894,3608,894,0,203,0,203,0,203,0,203,116,101,903,560,3204,1019,5948,1249,5231,1516,13517,2087
0500000US06023,6023,"Humboldt County, California",2013,54593,3050,45922,2800,41120,2687,4802,1352,3265,1083,659,370,553,514,119,195,206,272,553,497,553,497,0,203,0,203,0,203,0,203,0,203,85,100,891,472,3256,1086,399,244,3487,855
0500000US06025,6025,"Imperial County, California",2013,58681,3825,52643,3549,46446,3258,6197,1467,3737,997,1301,645,449,328,489,467,221,246,750,471,750,471,0,203,0,203,0,203,0,203,196,312,70,114,445,560,762,519,1398,714,2417,865
0500000US06029,6029,"Kern County, California",2013,316369,8032,292111,8133,244065,7666,48046,4948,29940,3629,8690,2619,3285,1136,3685,2109,2446,800,3213,899,3111,890,0,203,0,203,0,203,102,173,90,152,1116,544,1833,722,4515,1328,4744,1415,8747,1808
0500000US06031,6031,"Kings County, California",2013,55551,3348,50164,3631,41984,3137,8180,1925,4668,1534,790,456,535,354,1319,967,868,414,1826,1161,1699,1176,0,203,0,203,0,203,127,199,0,203,151,236,246,206,1183,585,283,226,1698,565
0500000US06037,6037,"Los Angeles County, California",2013,4629092,26356,3845567,26642,3370169,25336,475398,12889,368059,11113,65316,4457,20359,2461,12205,2150,9459,1435,319440,8247,273905,7872,3009,989,23558,2230,18716,2094,252,206,2424,936,12434,1743,39992,3768,127247,6159,49703,4213,232285,9310
0500000US06041,6041,"Marin County, California",2013,126555,4817,104383,4822,91196,4269,13187,2560,10260,2303,1997,845,607,463,145,153,178,178,2992,1079,2614,1023,0,203,255,247,40,67,83,137,17,30,381,310,2278,828,3356,1040,632,461,12516,1821
0500000US06047,6047,"Merced County, California",2013,76248,4106,68024,4160,59955,3680,8069,1763,5753,1540,1268,727,541,446,448,305,59,100,572,340,522,349,0,203,0,203,50,58,0,203,0,203,145,133,428,258,1978,667,2548,842,2553,818
0500000US06053,6053,"Monterey County, California",2013,174160,5500,145096,5524,124682,5624,20414,3044,15217,2642,3569,1162,1115,609,349,220,164,170,2943,1029,2943,1029,0,203,0,203,0,203,0,203,0,203,232,220,1592,744,3746,960,10282,2583,10269,1683
0500000US06055,6055,"Napa County, California",2013,73915,3797,66231,3694,56836,3590,9395,1963,7090,1547,891,477,366,286,956,733,92,158,278,284,278,284,0,203,0,203,0,203,0,203,0,203,423,373,414,301,2659,728,216,130,3694,754
0500000US06059,6059,"Orange County, California",2013,1572100,17048,1396154,18695,1233575,17448,162579,7225,126182,6427,20517,2550,8887,2197,4078,1096,2915,982,37556,3399,32122,3119,398,390,353,383,4140,916,543,419,402,458,4967,1062,14441,2468,29109,3468,15745,2237,73726,4999
0500000US06061,6061,"Placer County, California",2013,158379,6379,139841,6014,124917,5534,14924,2206,11607,2140,1528,698,1120,514,669,570,0,203,1326,855,1234,843,0,203,0,203,92,151,0,203,0,203,699,398,1485,523,3019,1163,334,316,11675,1581
0500000US06065,6065,"Riverside County, California",2013,724099,11795,640575,11024,551548,11772,89027,6391,68598,5130,11434,1531,4297,2066,2980,1264,1718,789,9480,1697,8802,1702,69,112,292,301,317,229,0,203,72,122,2909,896,3735,970,13051,2565,6735,1695,47542,4194
0500000US06067,6067,"Sacramento County, California",2013,609074,10456,529501,9600,460065,9872,69436,5573,55343,4721,8468,2016,3251,1109,1353,727,1021,764,20027,2585,14717,2442,1253,525,2400,879,1562,488,95,148,0,203,2287,650,7505,1126,14134,2027,5617,1494,30003,3173
0500000US06071,6071,"San Bernardino County, California",2013,737636,13858,666698,13460,579385,12793,87313,6439,66236,5679,14448,2015,3785,1279,1836,748,1008,492,7697,1646,7301,1597,40,67,45,75,311,235,0,203,0,203,2297,679,3512,1018,14023,2335,5884,1523,37525,3717
0500000US06073,6073,"San Diego County, California",2013,1509520,12195,1294950,14560,1146690,14009,148260,7384,116621,7320,18356,3068,5425,1380,5717,1419,2141,789,45306,4002,39445,3413,2757,1179,260,272,2513,642,331,316,407,362,9617,1774,8912,1596,46101,4532,9906,2091,94321,5421
0500000US06075,6075,"San Francisco County, California",2013,653091,11044,278662,8104,217226,7761,61436,5030,37427,4345,17515,2964,4039,1265,1478,725,977,461,257634,8047,113351,5722,11121,1742,108390,4904,18409,2746,6363,1283,2216,850,5577,1183,17396,2449,50727,4260,8978,1531,31901,2808
0500000US06077,6077,"San Joaquin County, California",2013,239680,7750,217779,7421,184628,6815,33151,4042,23993,3470,5443,1601,1731,849,1170,769,814,552,1784,750,1709,738,0,203,0,203,75,125,0,203,0,203,117,112,2191,911,5907,1738,1670,715,10232,1779
0500000US06079,6079,"San Luis Obispo County, California",2013,127769,5499,106867,5268,92411,4680,14456,2279,9376,1679,2223,1079,705,497,1476,737,676,412,2134,1097,2134,1097,0,203,0,203,0,203,0,203,50,81,327,230,3791,1350,4818,2213,757,427,9025,1296
0500000US06081,6081,"San Mateo County, California",2013,385892,10308,321503,9980,275671,9644,45832,4327,34381,3755,6752,1539,2317,895,1066,509,1316,450,28161,2774,15821,2333,640,503,5643,1362,5717,1154,340,224,193,212,1241,484,3552,865,10594,2459,4748,1250,15900,2524
0500000US06083,6083,"Santa Barbara County, California",2013,212252,5348,174008,4831,143963,5398,30045,3466,21929,2795,3904,1404,2140,1042,672,400,1400,1681,8030,1829,7816,1813,0,203,0,203,78,131,136,163,131,166,673,326,9181,1799,8506,1467,1985,1094,9738,1827
0500000US06085,6085,"Santa Clara County, California",2013,1009814,11729,873336,11506,766839,10931,106497,6023,82598,5483,16578,2230,3869,855,2543,1435,909,523,46054,4253,30522,3535,1538,689,2663,825,11290,1707,41,70,481,328,3826,866,18114,2430,20737,2767,10620,2499,36646,2911
0500000US06087,6087,"Santa Cruz County, California",2013,114897,5820,90515,5144,79188,4984,11327,1736,8329,1572,2193,696,301,311,247,201,257,250,2398,959,2153,940,84,138,81,136,80,135,0,203,46,80,104,124,3748,1396,5050,1171,3956,1582,9080,1595
0500000US06089,6089,"Shasta County, California",2013,66708,3237,60388,3356,54767,3403,5621,1297,4009,1103,1015,522,422,423,124,153,51,84,620,481,620,481,0,203,0,203,0,203,0,203,0,203,91,91,729,521,867,423,199,159,3814,1257
0500000US06095,6095,"Solano County, California",2013,140897,5136,127228,5211,110518,5182,16710,2079,11752,1817,3354,1225,1200,503,303,242,101,131,2080,766,1982,770,42,70,0,203,56,95,0,203,0,203,465,308,1435,610,2854,784,1220,574,5615,1197
0500000US06097,6097,"Sonoma County, California",2013,215554,5327,185778,5178,165954,4855,19824,2567,14363,2261,3646,1047,1399,661,257,227,159,189,3184,1170,3045,1151,0,203,139,162,0,203,0,203,0,203,898,409,2531,786,6444,1468,936,556,15783,2106
0500000US06099,6099,"Stanislaus County, California",2013,181086,5449,164898,5179,146572,5103,18326,2241,12464,1940,3596,975,1560,799,639,429,67,78,1591,853,1544,849,0,203,0,203,47,75,0,203,92,159,809,417,1309,682,4020,1070,1646,716,6721,1644
0500000US06107,6107,"Tulare County, California",2013,152228,5302,141360,4942,120809,4907,20551,2530,14004,2160,3256,1078,1429,631,1475,651,387,333,1769,793,1613,696,0,203,156,248,0,203,0,203,33,56,126,168,1276,630,2616,861,2446,1605,2602,861
0500000US06111,6111,"Ventura County, California",2013,351412,8200,314348,7876,272522,7983,41826,3975,29000,3347,7794,1831,3707,1738,781,417,544,332,2694,841,2320,834,0,203,0,203,118,159,256,264,65,109,908,427,2401,682,7856,1410,1323,604,21817,2180
0500000US06113,6113,"Yolo County, California",2013,103170,4723,84743,4695,67433,3927,17310,2874,13062,2503,2249,1052,774,398,658,555,567,446,2250,652,1784,615,0,203,0,203,466,266,0,203,177,288,283,261,8620,1653,2337,811,966,675,3794,806
