Year,Id,Id2,Geography,Estimate; Quintile Means: - Lowest Quintile,Margin of Error; Quintile Means: - Lowest Quintile,Estimate; Quintile Means: - Second Quintile,Margin of Error; Quintile Means: - Second Quintile,Estimate; Quintile Means: - Third Quintile,Margin of Error; Quintile Means: - Third Quintile,Estimate; Quintile Means: - Fourth Quintile,Margin of Error; Quintile Means: - Fourth Quintile,Estimate; Quintile Means: - Highest Quintile,Margin of Error; Quintile Means: - Highest Quintile,Estimate; Top 5 Percent,Margin of Error; Top 5 Percent
2013,0500000US06001,6001,"Alameda County, California",13979,597,41373,1013,72803,1597,117062,2344,250207,5188,416628,17234
2012,0500000US06001,6001,"Alameda County, California",13390,568,39450,961,70704,1565,113640,1890,239961,6531,400667,21099
2011,0500000US06001,6001,"Alameda County, California",13670,595,38708,1312,68268,1629,109032,1820,230274,6987,384472,23089
2010,0500000US06001,6001,"Alameda County, California",13517,608,38455,1108,67394,1442,107381,2031,216548,5026,342817,14861
2009,0500000US06001,6001,"Alameda County, California",14571,690,40651,1214,68714,1526,108337,1959,214534,5300,345291,17863
2008,0500000US06001,6001,"Alameda County, California",14483,634,40775,1136,70436,1578,110208,2069,223360,6132,364131,19672
2007,0500000US06001,6001,"Alameda County, California",13478,656,39243,1316,68874,1943,107858,2356,218405,5437,355119,15933
2006,0500000US06001,6001,"Alameda County, California",13101,536,37043,1029,64760,1281,100959,1822,198944,5479,320172,18468
2013,0500000US06007,6007,"Butte County, California",9446,883,24555,1550,42769,2414,69756,2905,151086,11374,250645,32292
2012,0500000US06007,6007,"Butte County, California",9975,906,25369,1146,41694,2436,66428,3070,143899,10089,242312,31161
2011,0500000US06007,6007,"Butte County, California",9620,838,22710,1457,40031,2167,66407,3760,132315,8962,210525,24367
2010,0500000US06007,6007,"Butte County, California",11078,1031,25484,1371,41951,2291,66038,3221,131525,9625,210425,28869
2009,0500000US06007,6007,"Butte County, California",9807,1174,25151,1767,42007,2255,63982,2632,133211,16965,225609,59651
2008,0500000US06007,6007,"Butte County, California",9539,958,24267,1677,40088,1796,62685,3372,139628,11105,243421,36763
2007,0500000US06007,6007,"Butte County, California",9744,1221,23013,1736,38950,2877,62814,3497,133908,9733,221650,28318
2006,0500000US06007,6007,"Butte County, California",10236,859,23711,1537,41370,2330,66793,2700,126709,5872,200679,17432
2013,0500000US06013,6013,"Contra Costa County, California",17306,812,45924,1536,79465,2480,124814,3023,269621,10825,461536,34279
2012,0500000US06013,6013,"Contra Costa County, California",17278,908,45156,1312,74855,1661,119735,2361,253071,8566,430468,26504
2011,0500000US06013,6013,"Contra Costa County, California",16195,1012,43010,1617,74770,2483,118158,3329,253116,11405,442853,34255
2010,0500000US06013,6013,"Contra Costa County, California",17793,796,45212,1234,74400,1821,116939,2426,236274,7797,380250,23545
2009,0500000US06013,6013,"Contra Costa County, California",17737,793,45025,1517,75193,1833,116074,2491,246264,11381,429843,39414
2008,0500000US06013,6013,"Contra Costa County, California",16798,940,46570,1490,78846,2052,119826,2220,251710,9749,436497,32521
2007,0500000US06013,6013,"Contra Costa County, California",17864,1005,46328,1444,76691,2044,116637,2658,245177,9097,418001,28641
2006,0500000US06013,6013,"Contra Costa County, California",17802,836,45642,1470,74413,1802,111599,2417,241701,10267,421464,30154
2013,0500000US06017,6017,"El Dorado County, California",12360,1998,33628,2873,62387,4322,104792,6080,222672,21990,377546,60066
2012,0500000US06017,6017,"El Dorado County, California",18820,1966,43016,2807,69576,3817,107379,5827,207841,16848,327131,50363
2011,0500000US06017,6017,"El Dorado County, California",15493,1773,37463,2708,61951,4465,98917,6276,201361,15150,319554,38346
2010,0500000US06017,6017,"El Dorado County, California",15452,1908,40219,3377,66430,4159,102139,5001,206869,16077,330559,41313
2009,0500000US06017,6017,"El Dorado County, California",20032,2087,44970,3184,70682,3782,105001,4847,193082,12025,287678,33807
2008,0500000US06017,6017,"El Dorado County, California",19218,2436,44831,3400,68151,3477,100508,5192,191101,14507,300367,38761
2007,0500000US06017,6017,"El Dorado County, California",18212,2130,42487,2699,65339,3748,101694,4670,202381,16359,327344,46760
2006,0500000US06017,6017,"El Dorado County, California",17805,2002,42543,3637,70516,4203,103475,5012,200248,15964,329641,47685
2013,0500000US06019,6019,"Fresno County, California",9731,657,25276,898,43968,1330,71426,1757,155636,5340,265137,16413
2012,0500000US06019,6019,"Fresno County, California",9564,555,24253,854,41959,1285,69138,1822,151656,5468,257281,17427
2011,0500000US06019,6019,"Fresno County, California",10536,563,25664,872,43380,1322,70117,1843,149403,6301,248094,20989
2010,0500000US06019,6019,"Fresno County, California",9669,580,25157,950,45073,1232,72437,1781,147484,5684,242188,17739
2009,0500000US06019,6019,"Fresno County, California",10898,612,26985,1074,45923,1420,72041,2081,151339,5717,252481,18561
2008,0500000US06019,6019,"Fresno County, California",11179,741,26745,1031,44282,1537,73378,2178,158938,9287,274441,34565
2007,0500000US06019,6019,"Fresno County, California",11094,641,27407,1175,47260,1608,73984,1933,153601,7671,260793,24974
2006,0500000US06019,6019,"Fresno County, California",9862,552,25476,873,43050,1126,68629,1610,138987,6325,226759,21735
2013,0500000US06023,6023,"Humboldt County, California",10578,1298,25329,2400,42468,3537,65040,4349,124699,8927,200392,20992
2012,0500000US06023,6023,"Humboldt County, California",8368,1126,23191,1970,41137,2592,65348,4053,131498,11297,215629,35117
2011,0500000US06023,6023,"Humboldt County, California",8696,1514,24022,2188,40910,3053,62135,3893,131971,9640,222574,28942
2010,0500000US06023,6023,"Humboldt County, California",9088,1144,23966,1711,38616,2557,61716,3447,137520,15815,244579,54473
2009,0500000US06023,6023,"Humboldt County, California",9044,1267,21428,1957,35688,2177,57764,3506,122552,13752,207074,45703
2008,0500000US06023,6023,"Humboldt County, California",9004,1121,22515,2138,39672,2235,62503,2812,135701,16563,244192,53520
2007,0500000US06023,6023,"Humboldt County, California",9619,1367,23006,1899,37519,2656,62819,3797,137487,22330,250499,81612
2006,0500000US06023,6023,"Humboldt County, California",9962,1274,23597,2176,40643,3085,60723,3293,124867,13064,208923,41736
2013,0500000US06025,6025,"Imperial County, California",10048,1358,25334,2550,44545,4726,71122,4493,135101,11468,208632,31784
2012,0500000US06025,6025,"Imperial County, California",8205,1070,20618,2029,38338,2734,62503,4447,129235,10553,191957,22225
2011,0500000US06025,6025,"Imperial County, California",8239,1039,21376,2038,38235,3788,66933,4245,140692,11909,227630,31005
2010,0500000US06025,6025,"Imperial County, California",10865,968,23130,2002,41901,2802,66099,4503,129986,8565,196019,17630
2009,0500000US06025,6025,"Imperial County, California",8484,812,20031,2081,39336,3168,66910,5696,145717,16792,247182,53070
2008,0500000US06025,6025,"Imperial County, California",9511,1321,21437,2052,38212,3774,62971,4773,128963,17107,215248,57695
2007,0500000US06025,6025,"Imperial County, California",8022,1152,18924,2107,33302,3043,57706,3959,121962,12496,202264,38816
2006,0500000US06025,6025,"Imperial County, California",11215,1158,23936,1849,38280,2698,60508,5063,127371,15175,215571,49486
2013,0500000US06029,6029,"Kern County, California",10997,655,27518,1065,47228,2087,76358,2229,154827,5952,254904,16370
2012,0500000US06029,6029,"Kern County, California",11524,549,27045,1175,46342,1648,74499,1760,156043,7316,254793,21478
2011,0500000US06029,6029,"Kern County, California",10018,719,26178,1153,45387,1600,72552,2027,148044,6408,236923,20075
2010,0500000US06029,6029,"Kern County, California",10609,687,27245,1061,45838,1622,72946,2281,147460,5539,234868,16938
2009,0500000US06029,6029,"Kern County, California",11202,691,27146,1079,46971,1450,74742,2287,148781,6306,243552,21251
2008,0500000US06029,6029,"Kern County, California",10769,693,26756,1016,45039,1591,73416,2567,152907,6464,252697,22997
2007,0500000US06029,6029,"Kern County, California",11504,829,28767,1147,47568,1651,72350,2169,150818,8129,259266,25633
2006,0500000US06029,6029,"Kern County, California",10823,610,26459,1006,43563,1350,69228,2187,143291,5906,241160,16275
2013,0500000US06031,6031,"Kings County, California",10443,1538,28427,2521,45870,3456,71538,5564,148602,14185,243364,33883
2012,0500000US06031,6031,"Kings County, California",11821,2027,28770,2671,46007,3272,71101,4763,158324,22457,273386,82725
2011,0500000US06031,6031,"Kings County, California",10467,1998,28927,2481,48892,3876,75783,4711,151400,14000,237058,31758
2010,0500000US06031,6031,"Kings County, California",11731,1944,27549,2584,45262,3759,71087,5358,142462,11301,213263,25900
2009,0500000US06031,6031,"Kings County, California",11654,1677,27904,2330,44121,3067,63738,4175,131740,11673,207801,25273
2008,0500000US06031,6031,"Kings County, California",14458,1644,33576,2555,51098,3410,77942,6337,142873,15499,225781,56518
2007,0500000US06031,6031,"Kings County, California",12592,1747,29153,3074,47425,4221,73249,4895,126633,8351,190491,26427
2006,0500000US06031,6031,"Kings County, California",14187,1256,27035,1712,43559,3564,67812,4332,125795,9157,187015,21283
2013,0500000US06033,6033,"Lake County, California",9770,1628,20765,2834,37826,6927,64731,6124,120935,14428,188727,40563
2012,0500000US06033,6033,"Lake County, California",7010,1446,17839,3103,33295,4788,55546,5919,113071,15489,184144,44630
2011,0500000US06033,6033,"Lake County, California",11982,1878,24588,2100,37020,3587,58147,6189,123215,13688,184382,37102
2010,0500000US06033,6033,"Lake County, California",9912,1592,19934,2690,34919,4099,54067,5930,119610,17790,191293,42302
2009,0500000US06033,6033,"Lake County, California",8511,1887,20932,3917,40264,6344,65314,8291,140817,14875,219382,33298
2008,0500000US06033,6033,"Lake County, California",10211,2643,25073,3602,40852,4432,61525,6196,121340,13514,192562,33092
2007,0500000US06033,6033,"Lake County, California",10486,2692,25907,4717,41740,5608,65505,7987,132411,17794,211189,41647
2006,0500000US06033,6033,"Lake County, California",10930,1815,22168,3639,37478,4231,54979,4266,95034,8976,141468,22019
2013,0500000US06037,6037,"Los Angeles County, California",11412,193,30939,373,54926,540,89982,745,216149,3339,399500,11677
2012,0500000US06037,6037,"Los Angeles County, California",11123,208,30642,284,53588,485,87824,695,204729,2965,367778,10091
2011,0500000US06037,6037,"Los Angeles County, California",11369,167,30173,327,52927,520,86334,768,206920,3437,387769,11743
2010,0500000US06037,6037,"Los Angeles County, California",11516,213,30891,348,53282,545,85711,825,198513,3350,360133,11200
2009,0500000US06037,6037,"Los Angeles County, California",12075,206,32155,393,54893,565,87315,752,201843,3508,369250,12039
2008,0500000US06037,6037,"Los Angeles County, California",12461,221,32280,363,55880,519,89645,803,215579,4402,407445,15186
2007,0500000US06037,6037,"Los Angeles County, California",12165,207,31699,373,54085,516,86236,762,205693,3240,386667,11218
2006,0500000US06037,6037,"Los Angeles County, California",11636,216,30189,348,51590,444,81901,632,188580,2764,343485,8282
2013,0500000US06039,6039,"Madera County, California",10260,2238,26468,2184,40774,3760,66555,5163,139219,13723,223250,35224
2012,0500000US06039,6039,"Madera County, California",8331,2280,24092,2430,42053,2955,64365,5058,141280,15568,246895,47101
2011,0500000US06039,6039,"Madera County, California",11873,2168,27316,2535,45911,3386,67044,4845,128302,11939,191793,32610
2010,0500000US06039,6039,"Madera County, California",12316,2037,29984,2901,47873,4624,75278,5626,153588,17164,264992,57866
2009,0500000US06039,6039,"Madera County, California",13183,1399,27140,2069,44434,3348,68175,5856,142226,13656,223076,46495
2008,0500000US06039,6039,"Madera County, California",12445,1868,31291,3575,47717,3407,71594,5521,163598,25993,301535,78917
2007,0500000US06039,6039,"Madera County, California",13717,1496,28253,2095,45336,3099,72001,4611,157155,19045,289465,60569
2006,0500000US06039,6039,"Madera County, California",10602,1650,25545,2080,39359,2662,60248,4371,137395,21922,238988,73790
2013,0500000US06041,6041,"Marin County, California",19745,1525,54784,3351,96841,4658,156918,8023,417041,45650,801606,116234
2012,0500000US06041,6041,"Marin County, California",19085,2262,51500,3423,90595,4464,146448,6589,380247,32287,715166,85462
2011,0500000US06041,6041,"Marin County, California",16458,1737,43571,3138,76578,4983,128862,7797,336687,26126,627673,67067
2010,0500000US06041,6041,"Marin County, California",16993,1997,46023,3384,83913,4691,137921,7340,339467,23874,627273,66887
2009,0500000US06041,6041,"Marin County, California",19956,2001,50418,3350,88152,4517,133717,6582,334463,24392,625055,65166
2008,0500000US06041,6041,"Marin County, California",20069,2270,54898,4193,92925,4835,142028,6691,337346,28339,624762,78668
2007,0500000US06041,6041,"Marin County, California",18985,1886,49603,3786,83659,4453,133068,7420,328160,28802,597448,93636
2006,0500000US06041,6041,"Marin County, California",18128,1797,48366,3605,82246,4183,126530,6334,318018,25958,602274,84121
2013,0500000US06045,6045,"Mendocino County, California",9444,1559,23157,2985,41502,4626,67231,6328,173520,48148,346732,176186
2012,0500000US06045,6045,"Mendocino County, California",9717,1191,23032,2553,41838,3513,66977,4679,122563,6162,171726,11390
2011,0500000US06045,6045,"Mendocino County, California",10911,2043,25868,2631,43458,3737,66358,4183,151418,22143,272275,79584
2010,0500000US06045,6045,"Mendocino County, California",11318,1522,24121,2362,39420,3979,59189,4697,115350,11735,177500,25209
2009,0500000US06045,6045,"Mendocino County, California",8936,1496,24091,3097,41599,3329,64441,5755,122201,10204,179136,23859
2008,0500000US06045,6045,"Mendocino County, California",10134,1238,23289,3204,43124,5802,67965,5318,157697,31980,292926,115940
2007,0500000US06045,6045,"Mendocino County, California",10438,1646,25486,2627,43072,3685,67991,6071,125264,10320,196313,27484
2006,0500000US06045,6045,"Mendocino County, California",9217,2392,24888,2931,38816,3117,59264,6042,137365,18430,239208,59334
2013,0500000US06047,6047,"Merced County, California",11187,921,25629,1448,41000,2224,63407,3498,135330,8796,221394,24064
2012,0500000US06047,6047,"Merced County, California",9950,1212,25534,1674,43654,2430,68874,3943,140201,9284,222798,29076
2011,0500000US06047,6047,"Merced County, California",10876,929,24820,1517,39707,2058,64106,3013,138952,12014,237542,37827
2010,0500000US06047,6047,"Merced County, California",9717,1042,24710,1958,42489,2621,66440,3689,156837,20673,303930,68210
2009,0500000US06047,6047,"Merced County, California",10461,1146,24441,1628,39632,2411,63114,3581,136466,16717,240762,57698
2008,0500000US06047,6047,"Merced County, California",9370,969,24344,1988,42627,3228,68019,4113,138709,12500,230849,35131
2007,0500000US06047,6047,"Merced County, California",10929,1279,25695,1924,44064,2619,68596,4523,149588,12612,260753,40234
2006,0500000US06047,6047,"Merced County, California",10623,922,23263,1586,41151,3096,62888,3397,129133,9707,220917,30835
2013,0500000US06053,6053,"Monterey County, California",13832,1356,34934,1766,57398,2632,89805,3023,195509,14193,345439,47982
2012,0500000US06053,6053,"Monterey County, California",15345,1202,35996,1894,58225,2200,88050,2349,183245,10207,306073,29879
2011,0500000US06053,6053,"Monterey County, California",13711,1280,33343,1363,53638,2057,84277,3024,187334,11566,332827,36991
2010,0500000US06053,6053,"Monterey County, California",14552,1220,34485,1878,54893,2456,84941,3443,184539,10267,317627,31062
2009,0500000US06053,6053,"Monterey County, California",14054,1294,33949,2292,58215,2648,90265,3195,179799,8377,294790,23001
2008,0500000US06053,6053,"Monterey County, California",16061,1232,37904,2211,59472,2133,89603,3141,183841,10757,316288,37478
2007,0500000US06053,6053,"Monterey County, California",14854,1415,36675,1650,57840,2289,86501,2887,192206,15254,351574,54328
2006,0500000US06053,6053,"Monterey County, California",15892,1302,35470,1715,55437,2753,85181,3213,187322,17335,346627,58346
2013,0500000US06055,6055,"Napa County, California",17164,1810,41122,3359,69722,4410,107433,6202,232514,20616,404672,60471
2012,0500000US06055,6055,"Napa County, California",17258,2017,42831,2922,68498,3970,103717,5721,224171,19812,393136,52868
2011,0500000US06055,6055,"Napa County, California",16517,2019,38123,2662,61732,4417,96600,5768,232652,28912,443046,95465
2010,0500000US06055,6055,"Napa County, California",14802,1690,37476,3836,64459,5285,99429,5594,220000,31209,401643,104479
2009,0500000US06055,6055,"Napa County, California",18929,2367,43265,3584,70024,4771,109980,7122,236603,22560,412469,58216
2008,0500000US06055,6055,"Napa County, California",17117,1827,39425,3598,66138,5026,102878,5876,228459,24610,415322,73840
2007,0500000US06055,6055,"Napa County, California",17462,1995,38193,3018,62412,4634,98599,5791,219483,27746,396815,93797
2006,0500000US06055,6055,"Napa County, California",12610,2427,37945,3983,66230,3960,95847,6208,203993,23719,365916,80592
2013,0500000US06057,6057,"Nevada County, California",14652,1990,33089,3150,55153,4454,87546,7410,177666,22145,298927,72305
2012,0500000US06057,6057,"Nevada County, California",18444,1723,35745,2599,54640,4797,88979,6918,178464,27276,311190,95251
2011,0500000US06057,6057,"Nevada County, California",13578,1727,33040,3307,54527,4377,85259,6279,179607,19087,295744,41529
2010,0500000US06057,6057,"Nevada County, California",12136,2294,31088,3977,54395,4417,82382,6095,152264,12758,231241,27875
2009,0500000US06057,6057,"Nevada County, California",14290,2239,34365,3197,58411,4604,89011,5727,178586,22853,291348,63709
2008,0500000US06057,6057,"Nevada County, California",13727,2046,33405,3492,53095,4254,82575,6150,152922,16754,244345,54228
2007,0500000US06057,6057,"Nevada County, California",15991,2454,37290,3724,58504,4123,83677,6571,160163,18295,262734,58198
2006,0500000US06057,6057,"Nevada County, California",14728,1904,32957,2541,50547,3693,77170,6053,161347,17160,259749,43133
2013,0500000US06059,6059,"Orange County, California",16439,544,43698,909,74047,1141,115845,1821,256183,8226,450586,27066
2012,0500000US06059,6059,"Orange County, California",16421,468,43337,783,72314,988,113387,1293,244901,5972,424418,19821
2011,0500000US06059,6059,"Orange County, California",16304,488,42756,872,72699,1214,113189,1617,238186,5456,405225,16111
2010,0500000US06059,6059,"Orange County, California",16626,531,42424,771,70769,1099,108404,1559,228821,6987,393326,22155
2009,0500000US06059,6059,"Orange County, California",17903,575,45100,824,72438,1049,110007,1421,235016,5745,410969,19838
2008,0500000US06059,6059,"Orange County, California",18110,549,46396,883,75148,1103,115217,1512,253183,7777,455644,25634
2007,0500000US06059,6059,"Orange County, California",18668,514,45180,772,73802,969,112864,1362,246449,6547,440365,21158
2006,0500000US06059,6059,"Orange County, California",17106,560,43564,717,70760,929,106759,1288,234817,5969,427584,20716
2013,0500000US06061,6061,"Placer County, California",17055,1523,44802,2390,73082,2562,111184,3420,225997,16656,385885,52492
2012,0500000US06061,6061,"Placer County, California",17047,1294,41996,2265,69523,2743,106178,3347,206164,11772,343489,40591
2011,0500000US06061,6061,"Placer County, California",14790,1298,39436,3005,69014,3278,104093,4008,195488,10714,303555,28980
2010,0500000US06061,6061,"Placer County, California",16331,1241,40336,1834,67918,2578,102505,3081,194662,11051,307031,34497
2009,0500000US06061,6061,"Placer County, California",18252,1265,43340,2421,70955,2731,107251,3783,201147,12429,320492,36748
2008,0500000US06061,6061,"Placer County, California",17870,1903,46245,2047,74373,2532,108421,3314,208212,11045,345179,35229
2007,0500000US06061,6061,"Placer County, California",18410,1391,43025,1873,69335,3061,101317,3321,197491,10992,318855,33777
2006,0500000US06061,6061,"Placer County, California",18917,1297,43839,1951,69410,2753,103284,3637,211022,16450,367782,54482
2013,0500000US06065,6065,"Riverside County, California",12948,477,32799,780,54601,969,85767,1217,175175,4334,290623,13351
2012,0500000US06065,6065,"Riverside County, California",12651,423,31793,657,53137,1100,83213,1539,164537,4018,259242,10984
2011,0500000US06065,6065,"Riverside County, California",12743,498,31909,901,53454,1333,83969,1596,167417,5140,266776,14969
2010,0500000US06065,6065,"Riverside County, California",13435,468,32534,858,54398,1166,84152,1499,168194,5045,276793,15817
2009,0500000US06065,6065,"Riverside County, California",13782,517,33217,761,55714,1038,85438,1493,165812,4525,271672,13898
2008,0500000US06065,6065,"Riverside County, California",14447,506,34898,858,57938,1126,87893,1374,174188,5341,289121,18456
2007,0500000US06065,6065,"Riverside County, California",14505,518,35449,855,58551,1157,88387,1441,181037,6652,310856,22053
2006,0500000US06065,6065,"Riverside County, California",13970,546,33413,921,53742,1129,81091,1622,160139,4158,261641,12380
2013,0500000US06067,6067,"Sacramento County, California",11662,557,31529,860,53403,1185,84121,1658,175474,6349,297941,20995
2012,0500000US06067,6067,"Sacramento County, California",11215,478,30878,798,53018,1132,83571,1628,169627,4535,280212,14764
2011,0500000US06067,6067,"Sacramento County, California",11863,776,31449,1108,52540,1469,81596,1948,163135,5238,257139,14885
2010,0500000US06067,6067,"Sacramento County, California",12788,532,32260,776,53121,1118,81545,1560,159377,5032,256089,15600
2009,0500000US06067,6067,"Sacramento County, California",13205,503,32288,827,53263,1043,82089,1535,163925,5232,266984,17499
2008,0500000US06067,6067,"Sacramento County, California",14980,602,36038,796,57476,1146,86197,1551,164542,4572,260049,13541
2007,0500000US06067,6067,"Sacramento County, California",14467,468,35697,849,57032,1125,85659,1350,165182,4716,265123,17155
2006,0500000US06067,6067,"Sacramento County, California",13525,585,33129,867,53971,1282,82034,1584,159614,4852,261106,16562
2013,0500000US06071,6071,"San Bernardino County, California",11188,554,31604,797,52731,1089,81806,1361,162742,4150,262879,14091
2012,0500000US06071,6071,"San Bernardino County, California",11165,502,30093,845,50780,1157,78966,1644,152727,4075,240146,11569
2011,0500000US06071,6071,"San Bernardino County, California",11566,728,30586,1063,51278,1246,79994,1692,153933,4347,239178,12427
2010,0500000US06071,6071,"San Bernardino County, California",12347,570,32029,728,53132,1080,80755,1559,152332,3627,233737,10236
2009,0500000US06071,6071,"San Bernardino County, California",12341,492,31946,946,52687,1131,81194,1515,159238,7322,256926,27278
2008,0500000US06071,6071,"San Bernardino County, California",13706,604,33978,845,55333,1235,84000,1789,164588,6511,271352,23814
2007,0500000US06071,6071,"San Bernardino County, California",14901,508,35578,879,56544,1162,84159,1432,154881,4051,235885,12664
2006,0500000US06071,6071,"San Bernardino County, California",13550,487,32734,781,53338,891,79304,1139,150210,4707,238779,16235
2013,0500000US06073,6073,"San Diego County, California",12969,544,36559,718,61934,995,98835,1268,219538,6114,387992,20392
2012,0500000US06073,6073,"San Diego County, California",12586,479,35424,813,60325,968,95680,1181,202616,4346,340973,13292
2011,0500000US06073,6073,"San Diego County, California",11999,574,34858,802,59493,1092,93714,1442,194109,3698,320379,10855
2010,0500000US06073,6073,"San Diego County, California",13319,534,35467,728,59562,1018,93106,1342,195196,4968,330707,15306
2009,0500000US06073,6073,"San Diego County, California",14539,444,37022,755,60647,1013,94493,1274,195818,4805,329967,16124
2008,0500000US06073,6073,"San Diego County, California",14553,511,38353,838,63719,1077,98643,1253,207052,4759,352149,15624
2007,0500000US06073,6073,"San Diego County, California",15029,373,37515,686,62008,883,95415,1235,200204,4008,342385,14161
2006,0500000US06073,6073,"San Diego County, California",14387,475,36324,661,59397,885,90950,1328,192097,3912,330553,13915
2013,0500000US06075,6075,"San Francisco County, California",11943,725,39715,1690,78250,2317,133316,3674,323053,17535,586684,55536
2012,0500000US06075,6075,"San Francisco County, California",10572,672,36916,1760,73188,2874,124846,3830,290773,12488,519542,34319
2011,0500000US06075,6075,"San Francisco County, California",11650,859,36726,1654,70575,2721,118761,3461,276443,16306,495518,55451
2010,0500000US06075,6075,"San Francisco County, California",11527,768,36599,1523,71361,2104,117991,3152,266447,13423,472606,40810
2009,0500000US06075,6075,"San Francisco County, California",11949,937,38605,1779,71592,2167,117576,3630,273694,11520,479837,33691
2008,0500000US06075,6075,"San Francisco County, California",11859,925,40117,1883,74718,2348,123074,4214,293997,15360,523744,41796
2007,0500000US06075,6075,"San Francisco County, California",12173,625,36794,1548,67980,2551,112541,3141,275830,12860,514352,40669
2006,0500000US06075,6075,"San Francisco County, California",11444,872,36212,1646,65872,2306,106538,3248,242318,12268,424799,38181
2013,0500000US06077,6077,"San Joaquin County, California",11586,809,30211,1324,51739,1680,81093,2701,157316,6603,246599,21283
2012,0500000US06077,6077,"San Joaquin County, California",11401,763,29735,1332,50959,1616,81199,2481,166130,8171,268996,24826
2011,0500000US06077,6077,"San Joaquin County, California",12476,753,30706,1377,50803,1736,78970,2933,156420,7765,249229,22891
2010,0500000US06077,6077,"San Joaquin County, California",13311,721,31338,1073,50387,1533,78444,2464,157816,9561,256002,31758
2009,0500000US06077,6077,"San Joaquin County, California",13188,826,32972,1579,53468,2073,82573,2400,163925,8057,270087,26743
2008,0500000US06077,6077,"San Joaquin County, California",12368,934,31813,1657,55166,1953,84913,2633,160709,7641,253528,22435
2007,0500000US06077,6077,"San Joaquin County, California",13524,903,33047,1477,52966,1901,83150,3106,165365,8556,267070,27633
2006,0500000US06077,6077,"San Joaquin County, California",12866,878,32299,1331,52164,1681,79729,2401,154488,6296,252174,17577
2013,0500000US06079,6079,"San Luis Obispo County, California",11908,1571,34414,2297,58844,2808,93817,4165,182995,10652,282458,25296
2012,0500000US06079,6079,"San Luis Obispo County, California",13856,1394,37278,2331,60525,3735,93494,4033,188567,12132,314642,34612
2011,0500000US06079,6079,"San Luis Obispo County, California",10704,1404,30602,2184,53997,3096,86973,3444,172721,11116,285192,32255
2010,0500000US06079,6079,"San Luis Obispo County, California",12811,1072,32126,1873,54388,2849,85061,3711,182331,17706,323800,55156
2009,0500000US06079,6079,"San Luis Obispo County, California",12698,1330,34683,2264,56154,2808,88090,4258,169317,8902,261912,22137
2008,0500000US06079,6079,"San Luis Obispo County, California",13986,1452,35524,2486,60175,2573,89358,3935,177084,11022,300149,34373
2007,0500000US06079,6079,"San Luis Obispo County, California",12777,1453,32085,2387,57053,3242,87763,4027,190863,15183,334113,39419
2006,0500000US06079,6079,"San Luis Obispo County, California",10888,1096,30742,1942,50941,2154,77224,3496,171829,11972,302072,35865
2013,0500000US06081,6081,"San Mateo County, California",21536,1124,55389,1962,91758,2426,143937,3422,339346,14517,614990,48311
2012,0500000US06081,6081,"San Mateo County, California",20097,1242,50424,1657,82651,1929,130545,3425,313616,16204,569001,54383
2011,0500000US06081,6081,"San Mateo County, California",20498,1288,50943,1811,83130,2720,134195,3791,325477,17729,622530,61609
2010,0500000US06081,6081,"San Mateo County, California",20217,1170,52037,1814,83724,2238,127041,3616,274938,11597,476294,36435
2009,0500000US06081,6081,"San Mateo County, California",20865,1542,52426,1934,86116,2557,134156,3092,295911,12794,532375,44610
2008,0500000US06081,6081,"San Mateo County, California",20781,1479,52937,1982,85866,2450,131050,3726,313630,15845,594412,48957
2007,0500000US06081,6081,"San Mateo County, California",21377,1249,52440,2107,83406,2420,127847,3268,299306,13436,547884,38465
2006,0500000US06081,6081,"San Mateo County, California",19631,1166,49123,1724,78315,2561,120119,3143,271079,12706,488342,41973
2013,0500000US06083,6083,"Santa Barbara County, California",13684,1322,36465,2067,62878,3140,99471,3839,247754,18435,477741,57598
2012,0500000US06083,6083,"Santa Barbara County, California",13469,1037,35686,1805,61747,2270,96218,3487,208840,11820,372428,40572
2011,0500000US06083,6083,"Santa Barbara County, California",14137,1031,35618,1862,60352,2871,96787,4096,210951,12281,357676,35049
2010,0500000US06083,6083,"Santa Barbara County, California",11938,1180,34065,1962,57503,2032,91358,3936,224575,19527,436189,69062
2009,0500000US06083,6083,"Santa Barbara County, California",14404,1094,36254,1729,59068,2079,92608,3713,198342,13073,349161,36362
2008,0500000US06083,6083,"Santa Barbara County, California",14881,1217,38027,2169,61452,2837,94955,3716,206661,12260,365791,40783
2007,0500000US06083,6083,"Santa Barbara County, California",14149,1128,35882,1685,58196,2211,91500,3645,204892,11730,367517,38159
2006,0500000US06083,6083,"Santa Barbara County, California",13741,942,32960,1442,53639,1887,83097,2996,200066,14632,375686,45578
2013,0500000US06085,6085,"Santa Clara County, California",18968,738,52731,1340,92133,1785,146741,2534,311999,7874,529579,24980
2012,0500000US06085,6085,"Santa Clara County, California",18408,808,51664,1282,90669,1673,138239,2184,297018,10313,513375,34334
2011,0500000US06085,6085,"Santa Clara County, California",17616,791,49435,1251,85674,1369,135120,2194,285390,7144,480922,20647
2010,0500000US06085,6085,"Santa Clara County, California",17601,860,48891,1225,85247,1693,132452,2314,264298,6883,434954,21664
2009,0500000US06085,6085,"Santa Clara County, California",18177,922,51149,1431,85693,1754,130023,2026,262800,7014,434375,21990
2008,0500000US06085,6085,"Santa Clara County, California",20556,1036,54024,1336,89402,1717,135819,2387,280596,6682,467807,21575
2007,0500000US06085,6085,"Santa Clara County, California",18659,771,50784,1322,84973,1650,131064,2366,269130,8878,452969,27939
2006,0500000US06085,6085,"Santa Clara County, California",16730,721,47460,1282,80426,1405,122331,1997,254197,8814,438436,30934
2013,0500000US06087,6087,"Santa Cruz County, California",12923,1871,37995,2832,67263,3868,105741,4864,212110,11589,341318,29205
2012,0500000US06087,6087,"Santa Cruz County, California",14469,1658,41334,3158,68192,3341,108157,4786,227353,13626,377630,40753
2011,0500000US06087,6087,"Santa Cruz County, California",12584,1360,35667,2268,62590,3610,99351,4812,205761,14925,331717,43233
2010,0500000US06087,6087,"Santa Cruz County, California",12355,1398,35340,2594,61432,3320,95848,4009,198100,10421,327856,30853
2009,0500000US06087,6087,"Santa Cruz County, California",12599,1511,35924,2482,62726,2973,99245,3995,205438,13314,335712,35826
2008,0500000US06087,6087,"Santa Cruz County, California",13930,1790,39727,3177,68510,3349,106825,4361,228795,16963,385914,42037
2007,0500000US06087,6087,"Santa Cruz County, California",16423,1468,39459,2346,64206,3029,99137,4562,224669,15809,385884,48268
2006,0500000US06087,6087,"Santa Cruz County, California",13284,1507,37313,2643,62928,3441,97110,4951,207386,18088,360054,65322
2013,0500000US06089,6089,"Shasta County, California",9849,1233,24560,1678,40089,2500,64601,3363,135503,9028,220211,24222
2012,0500000US06089,6089,"Shasta County, California",11560,1202,27942,2227,45319,2461,71409,3355,140822,6960,223025,16736
2011,0500000US06089,6089,"Shasta County, California",10134,1025,24163,2066,42400,2877,65156,4112,132860,7597,206125,13582
2010,0500000US06089,6089,"Shasta County, California",10546,1139,24938,2186,41141,2221,64552,3111,129492,11271,215417,28692
2009,0500000US06089,6089,"Shasta County, California",11011,1138,26412,1905,43749,2243,66950,3234,143162,12299,251250,41330
2008,0500000US06089,6089,"Shasta County, California",8648,1388,24560,2362,42218,2546,66647,3622,132574,8739,215001,24960
2007,0500000US06089,6089,"Shasta County, California",11501,1356,26141,1889,43251,3140,66351,2993,140711,12599,240035,36129
2006,0500000US06089,6089,"Shasta County, California",10254,1335,26681,2089,44114,2237,65773,3076,141961,12249,250310,40692
2013,0500000US06095,6095,"Solano County, California",14327,1288,39740,1904,64856,2561,98110,2862,185724,9591,292248,27519
2012,0500000US06095,6095,"Solano County, California",13840,1039,37799,1710,62943,2060,95284,2695,183231,8818,285372,26375
2011,0500000US06095,6095,"Solano County, California",15035,1255,39447,2433,64351,2409,96744,3895,185040,10936,283108,25508
2010,0500000US06095,6095,"Solano County, California",15641,1499,40809,2291,64181,2545,94147,3479,172123,8535,261041,28098
2009,0500000US06095,6095,"Solano County, California",16268,1399,40891,1774,65752,2841,96920,3536,179499,8030,266057,19798
2008,0500000US06095,6095,"Solano County, California",18637,1670,45228,1985,70168,2414,103588,3507,184749,7839,284286,28173
2007,0500000US06095,6095,"Solano County, California",16844,1256,42596,2129,67239,2356,97173,2950,175403,8812,272691,24462
2006,0500000US06095,6095,"Solano County, California",15785,1443,39063,1825,61924,1885,90416,2525,167656,7839,257313,22874
2013,0500000US06097,6097,"Sonoma County, California",15164,934,37495,1538,61108,2060,97148,2965,212546,14060,376271,45578
2012,0500000US06097,6097,"Sonoma County, California",15265,961,37015,1538,60500,2037,94198,2789,200799,11690,355554,38449
2011,0500000US06097,6097,"Sonoma County, California",15066,995,36644,1508,61007,2075,94619,3878,191203,10949,305493,32565
2010,0500000US06097,6097,"Sonoma County, California",13999,1145,35859,1789,58553,2181,88083,2672,179059,7962,290162,22397
2009,0500000US06097,6097,"Sonoma County, California",16032,1046,37911,1943,62983,2771,97188,3246,188028,9817,300303,30459
2008,0500000US06097,6097,"Sonoma County, California",15147,990,37924,1398,62457,2044,96305,3320,205863,13709,367609,45426
2007,0500000US06097,6097,"Sonoma County, California",15598,1323,40040,1866,63152,2189,94699,2709,196271,9502,328254,27630
2006,0500000US06097,6097,"Sonoma County, California",14804,975,36364,1532,60770,2059,90719,2542,184578,11314,319487,40040
2013,0500000US06099,6099,"Stanislaus County, California",11333,743,28379,1531,48201,2011,76676,2898,173235,25353,313352,98567
2012,0500000US06099,6099,"Stanislaus County, California",11515,850,28447,1068,46783,1578,73687,2242,149755,6609,243895,20112
2011,0500000US06099,6099,"Stanislaus County, California",10695,879,26823,1504,44787,2080,71905,2835,142123,7818,223394,21208
2010,0500000US06099,6099,"Stanislaus County, California",10667,767,27593,1114,47519,1774,75375,2663,153841,11283,265012,37337
2009,0500000US06099,6099,"Stanislaus County, California",12658,844,29810,1361,49205,1590,74662,2373,145070,7000,225879,18596
2008,0500000US06099,6099,"Stanislaus County, California",13289,901,31284,1606,51183,2244,78153,2565,161029,10646,274867,36840
2007,0500000US06099,6099,"Stanislaus County, California",13230,878,31477,1784,50920,1948,76748,2451,149001,9882,241608,30615
2006,0500000US06099,6099,"Stanislaus County, California",12803,940,29936,1352,48391,1592,73936,2402,156832,9698,277877,32531
2013,0500000US06101,6101,"Sutter County, California",12459,1769,30219,3161,49628,3974,78966,5731,170466,20919,314849,74941
2012,0500000US06101,6101,"Sutter County, California",10480,1507,28212,3498,48490,3823,76179,5469,167684,30286,304201,109147
2011,0500000US06101,6101,"Sutter County, California",14213,1871,31875,3607,49595,3879,72062,5527,154424,19667,256670,52870
2010,0500000US06101,6101,"Sutter County, California",12752,1404,28874,2852,46651,3140,74353,5321,141734,11354,219683,30004
2009,0500000US06101,6101,"Sutter County, California",13491,1996,31562,3058,49980,3880,72893,4861,137470,16051,223151,58559
2008,0500000US06101,6101,"Sutter County, California",12547,1547,27804,3054,48763,3551,70480,4198,151063,20407,271343,69975
2007,0500000US06101,6101,"Sutter County, California",13940,1676,31185,3443,50950,4133,79509,4977,150250,12737,232069,34389
2006,0500000US06101,6101,"Sutter County, California",13292,2104,33147,3213,52397,4779,76806,5019,154209,17860,245849,45433
2013,0500000US06107,6107,"Tulare County, California",8997,935,23290,1244,39555,1632,62740,2590,136882,8753,225696,22339
2012,0500000US06107,6107,"Tulare County, California",10219,699,23808,1197,40120,1863,64050,2703,137880,8650,219773,26706
2011,0500000US06107,6107,"Tulare County, California",11252,867,25638,1177,41282,2001,66343,3424,137191,6971,220575,19315
2010,0500000US06107,6107,"Tulare County, California",10674,794,25558,1296,43296,1947,67774,2845,140875,9024,230526,29085
2009,0500000US06107,6107,"Tulare County, California",10951,869,26217,1057,40896,1685,65121,3073,139155,8331,232215,22045
2008,0500000US06107,6107,"Tulare County, California",11351,1103,27006,1504,45230,1987,69944,2549,133836,6423,200887,14423
2007,0500000US06107,6107,"Tulare County, California",10702,1013,25194,1217,40279,1538,64570,2749,136090,7280,225516,23723
2006,0500000US06107,6107,"Tulare County, California",10697,970,24649,1416,42008,2201,65919,2536,138228,10037,233356,33108
2013,0500000US06111,6111,"Ventura County, California",18521,1015,46666,1655,77781,2068,118944,2543,244598,10985,407607,35546
2012,0500000US06111,6111,"Ventura County, California",18152,882,44336,1480,71804,2178,108941,2914,227634,11699,385500,39795
2011,0500000US06111,6111,"Ventura County, California",16792,997,43707,1673,74679,1713,113436,2587,220299,8158,357223,25145
2010,0500000US06111,6111,"Ventura County, California",17434,1096,43356,1757,72093,2142,109954,2873,223612,8659,367150,26438
2009,0500000US06111,6111,"Ventura County, California",17223,1056,43735,1632,71705,2095,108119,2796,214779,8172,349837,25525
2008,0500000US06111,6111,"Ventura County, California",18578,962,47405,1894,76972,2180,114851,2615,229376,9320,395482,32791
2007,0500000US06111,6111,"Ventura County, California",18864,1003,44746,1663,73350,2045,108436,2895,219454,13043,372942,40915
2006,0500000US06111,6111,"Ventura County, California",17931,951,44688,1378,72341,1608,106653,2082,215241,8370,366370,28276
2013,0500000US06113,6113,"Yolo County, California",9544,1434,30858,3161,55196,3391,87419,4229,188090,12401,304706,38470
2012,0500000US06113,6113,"Yolo County, California",11494,1272,30281,2183,51576,3818,88946,4623,188370,15825,321595,51074
2011,0500000US06113,6113,"Yolo County, California",10891,1306,27921,2568,50915,3861,89433,6038,192750,19047,314535,62750
2010,0500000US06113,6113,"Yolo County, California",12038,1141,31885,3344,56040,3655,88508,5534,185401,13722,308118,42536
2009,0500000US06113,6113,"Yolo County, California",12023,1584,33258,2756,57953,3648,91213,4282,175420,12410,278490,34670
2008,0500000US06113,6113,"Yolo County, California",13253,1532,34401,2601,58833,3000,92059,5074,182831,12133,295149,36142
2007,0500000US06113,6113,"Yolo County, California",13127,1315,34010,2576,59051,3935,93474,5031,186179,12101,305276,31904
2006,0500000US06113,6113,"Yolo County, California",10339,1506,31089,2458,52126,3275,85766,5107,162453,11969,250929,31249
2013,0500000US06115,6115,"Yuba County, California",11914,1911,25773,2378,43191,4722,63799,4641,110195,10115,159312,19957
2012,0500000US06115,6115,"Yuba County, California",11628,1722,26693,2912,44723,4632,69644,6049,124512,15353,187216,28627
2011,0500000US06115,6115,"Yuba County, California",11666,2076,28019,3856,43825,3212,65875,6101,114144,14063,174814,39786
2010,0500000US06115,6115,"Yuba County, California",11583,2300,29235,2681,45932,4990,67532,5695,126096,15142,193563,38297
2009,0500000US06115,6115,"Yuba County, California",12580,1830,26736,2973,43773,5745,66578,6867,133559,18637,211647,53433
2008,0500000US06115,6115,"Yuba County, California",14306,2237,28739,3710,51179,5767,76601,7071,146713,20192,231274,59020
2007,0500000US06115,6115,"Yuba County, California",11691,1909,26667,3556,43475,4252,69052,7604,133977,16321,197964,40360
2006,0500000US06115,6115,"Yuba County, California",9844,1839,22695,2180,37826,4388,61981,5544,116180,10900,173826,30028
