Id,Id2,Geography,Year,Estimate; Total:,Margin of Error; Total:,Estimate; With a mortgage:,Margin of Error; With a mortgage:,"Estimate; With a mortgage: - Less than $50,000","Margin of Error; With a mortgage: - Less than $50,000","Estimate; With a mortgage: - $50,000 to $99,999","Margin of Error; With a mortgage: - $50,000 to $99,999","Estimate; With a mortgage: - $100,000 to $149,999","Margin of Error; With a mortgage: - $100,000 to $149,999","Estimate; With a mortgage: - $150,000 to $199,999","Margin of Error; With a mortgage: - $150,000 to $199,999","Estimate; With a mortgage: - $200,000 to $299,999","Margin of Error; With a mortgage: - $200,000 to $299,999","Estimate; With a mortgage: - $300,000 to $499,999","Margin of Error; With a mortgage: - $300,000 to $499,999","Estimate; With a mortgage: - $500,000 or more","Margin of Error; With a mortgage: - $500,000 or more",Estimate; Not mortgaged:,Margin of Error; Not mortgaged:,"Estimate; Not mortgaged: - Less than $50,000","Margin of Error; Not mortgaged: - Less than $50,000","Estimate; Not mortgaged: - $50,000 to $99,999","Margin of Error; Not mortgaged: - $50,000 to $99,999","Estimate; Not mortgaged: - $100,000 to $149,999","Margin of Error; Not mortgaged: - $100,000 to $149,999","Estimate; Not mortgaged: - $150,000 to $199,999","Margin of Error; Not mortgaged: - $150,000 to $199,999","Estimate; Not mortgaged: - $200,000 to $299,999","Margin of Error; Not mortgaged: - $200,000 to $299,999","Estimate; Not mortgaged: - $300,000 to $499,999","Margin of Error; Not mortgaged: - $300,000 to $499,999","Estimate; Not mortgaged: - $500,000 or more","Margin of Error; Not mortgaged: - $500,000 or more"
0500000US06001,6001,"Alameda County, California",2005,298774,6294,233793,5811,2309,766,3635,802,1350,507,1920,929,6784,1365,57909,4685,159886,5059,64981,3550,1835,530,2884,569,1068,493,1628,639,3973,1135,17008,2017,36585,2710
0500000US06007,6007,"Butte County, California",2005,47434,2224,30634,2022,636,373,798,434,1813,536,3975,839,8202,1500,11368,1386,3842,735,16800,1439,1579,441,1820,592,1546,447,2581,651,4262,908,3356,767,1656,634
0500000US06013,6013,"Contra Costa County, California",2005,256205,5089,203039,5033,1291,561,1812,614,1385,502,2157,653,7684,1535,56222,3753,132488,5037,53166,2614,2360,580,2219,716,1127,438,1276,527,3461,807,14795,2114,27928,2194
0500000US06017,6017,"El Dorado County, California",2005,47998,2135,35737,1876,234,201,169,168,408,253,275,239,2300,599,12298,1390,20053,1459,12261,1554,1172,549,756,344,349,233,259,222,1544,513,4386,969,3795,1060
0500000US06019,6019,"Fresno County, California",2005,157789,4439,115773,4375,1347,497,5381,1396,9378,1457,15403,1932,33584,3311,37660,2588,13020,1871,42016,2940,4231,1044,5450,1438,4566,1170,6360,1482,10297,1253,8017,1530,3095,644
0500000US06023,6023,"Humboldt County, California",2005,29520,1528,17660,1381,293,340,438,190,647,378,1122,379,4753,950,6765,934,3642,844,11860,1154,1766,607,1206,556,529,279,1079,476,2881,698,2951,860,1448,416
0500000US06025,6025,"Imperial County, California",2005,26044,1778,17252,1457,488,361,972,349,2402,605,4263,964,5740,1110,3124,810,263,212,8792,1159,1970,627,1723,608,1208,501,1605,615,1598,564,514,269,174,167
0500000US06029,6029,"Kern County, California",2005,145321,4991,106031,4141,2348,884,8130,1525,16340,2337,15675,1546,30210,2510,25391,2221,7937,1270,39290,2831,6145,1014,7115,1507,6189,1863,5591,1079,6787,1327,5908,1544,1555,579
0500000US06031,6031,"Kings County, California",2005,21101,1317,14741,1504,678,468,1308,561,2213,646,3047,707,4658,880,2523,703,314,175,6360,878,741,456,1165,456,1423,489,1088,484,1150,409,615,294,178,171
0500000US06033,6033,"Lake County, California",2005,19164,1732,11467,1618,310,273,1129,830,1273,744,1265,659,2005,700,4151,1149,1334,598,7697,1367,1915,725,393,326,658,390,348,259,1319,555,1640,771,1424,652
0500000US06037,6037,"Los Angeles County, California",2005,1562853,17727,1208550,16837,12577,1613,14207,1930,13208,1802,23977,3098,112181,6369,460451,11961,571949,12170,354303,8676,23278,2641,14243,1984,11060,1911,13177,1881,33910,3039,111263,4673,147372,5609
0500000US06039,6039,"Madera County, California",2005,28120,1934,19777,1852,356,424,174,154,1361,642,1829,659,5568,1157,8024,1243,2465,680,8343,996,465,284,806,413,643,277,587,309,1742,534,3025,704,1075,422
0500000US06041,6041,"Marin County, California",2005,67253,2696,49829,2500,121,142,482,322,263,192,80,93,591,335,3605,886,44687,2282,17424,1862,608,375,451,236,367,217,395,281,314,227,763,399,14526,1797
0500000US06045,6045,"Mendocino County, California",2005,21238,1711,11933,1406,226,222,252,293,297,272,462,324,1822,710,4434,1076,4440,913,9305,1196,1135,630,537,296,622,443,814,427,1462,472,2548,582,2187,668
0500000US06047,6047,"Merced County, California",2005,42329,2309,30228,2123,420,315,205,149,1424,571,2376,657,8393,1174,12526,1448,4884,990,12101,1222,1221,441,618,312,726,340,1871,727,3354,816,2361,628,1950,599
0500000US06053,6053,"Monterey County, California",2005,68664,2945,50422,2852,169,165,791,350,393,301,421,323,1330,487,9625,1524,37693,2641,18242,1488,1327,558,837,343,225,234,305,187,654,288,3613,980,11281,1566
0500000US06055,6055,"Napa County, California",2005,32323,1865,22802,1753,275,302,781,439,121,146,158,166,420,290,5306,1037,15741,1551,9521,1164,669,334,1183,445,366,252,80,136,323,217,1448,495,5452,990
0500000US06057,6057,"Nevada County, California",2005,28888,1824,19332,1609,0,293,166,145,84,104,594,310,2052,779,8917,1413,7519,1252,9556,1250,995,513,522,237,333,221,349,210,1187,575,3667,857,2503,687
0500000US06059,6059,"Orange County, California",2005,601038,8161,470919,7972,3742,883,6439,1378,3751,977,4815,1274,15005,2576,94595,4549,342572,7176,130119,4367,7052,1332,9808,1195,4355,1022,3875,803,10537,1932,23370,2051,71122,3390
0500000US06061,6061,"Placer County, California",2005,85499,3359,65895,3447,419,296,466,400,291,216,593,359,3880,941,26174,2276,34072,2833,19604,1714,1601,670,874,380,336,223,838,449,1095,407,7757,1221,7103,1402
0500000US06065,6065,"Riverside County, California",2005,434872,8719,333623,8818,3445,786,4798,1109,10055,2380,16645,2604,48538,3536,162925,7067,87217,5204,101249,3844,16886,2094,8745,1079,8593,1426,10068,1683,15548,1605,26243,2356,15166,1529
0500000US06067,6067,"Sacramento County, California",2005,300975,6108,233524,5941,2410,695,4301,1113,2510,636,9489,1378,39327,3121,126034,4884,49453,3340,67451,3333,6941,1460,4242,825,3137,707,4358,936,13367,1843,25392,2076,10014,1294
0500000US06071,6071,"San Bernardino County, California",2005,383061,8033,301738,7455,5930,1360,9075,2016,12435,2138,23538,2942,67338,4257,129409,5198,54013,3370,81323,3896,14791,1806,8333,1352,7362,1823,5400,940,16358,2388,21588,2255,7491,1521
0500000US06073,6073,"San Diego County, California",2005,605855,9464,463882,9150,4671,1047,5447,1199,3452,821,5127,1380,21933,2757,138819,5622,284433,7644,141973,4737,11798,1728,9642,1804,4310,930,3147,654,9788,1358,39279,3045,64009,3612
0500000US06075,6075,"San Francisco County, California",2005,122603,4341,85560,3739,655,369,2185,632,160,159,322,269,1367,585,8425,1349,72446,3550,37043,2675,352,232,1264,552,283,215,185,181,806,338,4389,1084,29764,2174
0500000US06077,6077,"San Joaquin County, California",2005,129522,3815,101175,3727,847,483,1135,406,1497,558,5429,1365,15199,2221,50403,3695,26665,1973,28347,2069,3312,1039,1501,507,1852,580,2304,665,4471,804,10850,1297,4057,687
0500000US06079,6079,"San Luis Obispo County, California",2005,64077,2752,45652,2747,921,562,333,239,1000,867,1425,806,1974,578,13191,1589,26808,2030,18425,1919,1638,667,1343,630,600,308,986,418,1861,660,4559,1174,7438,1319
0500000US06081,6081,"San Mateo County, California",2005,158672,4079,117527,4386,527,262,1333,443,899,436,323,230,2031,578,8144,1067,104270,3973,41145,2394,1014,431,1435,476,390,259,423,279,750,329,4614,1252,32519,2299
0500000US06083,6083,"Santa Barbara County, California",2005,79553,2759,56337,2735,599,291,554,306,613,287,423,252,2146,679,13755,1685,38247,2282,23216,1692,1630,579,1738,591,1066,356,1278,510,1251,484,5002,934,11251,1295
0500000US06085,6085,"Santa Clara County, California",2005,349388,7404,269769,7539,2844,902,7752,1854,2990,1186,2391,801,5622,1183,32687,3508,215483,6294,79619,3588,3653,998,5846,1095,1648,486,877,341,2960,1058,7115,1397,57520,3027
0500000US06087,6087,"Santa Cruz County, California",2005,55676,2686,40302,2662,0,293,853,393,951,441,287,274,1182,362,5037,1052,31992,2247,15374,1558,591,366,953,451,483,325,401,230,1231,553,1721,649,9994,1366
0500000US06089,6089,"Shasta County, California",2005,44986,1865,30074,1970,406,263,1249,532,2182,621,4501,836,9689,1257,9282,1157,2765,654,14912,1367,1686,484,2161,641,1863,591,2381,681,3065,777,2490,581,1266,394
0500000US06095,6095,"Solano County, California",2005,90074,2954,73478,2885,649,315,500,240,646,424,686,351,3866,1041,38653,2626,28478,2165,16596,1704,825,320,888,387,657,311,488,292,2091,589,7277,1226,4370,847
0500000US06097,6097,"Sonoma County, California",2005,113484,3889,84766,3400,827,345,1829,763,625,433,633,382,2136,603,18920,1998,59796,2868,28718,2388,2248,702,2641,813,869,419,561,284,1283,429,6240,1009,14876,1629
0500000US06099,6099,"Stanislaus County, California",2005,100836,3462,76698,3154,942,468,726,346,2518,664,3385,848,15861,1741,39362,3131,13904,1823,24138,1818,2667,628,2324,881,958,419,1707,497,4442,1073,8819,1324,3221,737
0500000US06101,6101,"Sutter County, California",2005,19429,1224,13638,1138,114,137,58,76,898,426,850,385,5041,790,5202,899,1475,535,5791,901,727,334,308,168,315,187,536,282,1492,512,1945,553,468,261
0500000US06107,6107,"Tulare County, California",2005,71243,2497,51118,2458,814,383,5958,952,8821,1058,7921,1258,14436,1761,9139,1202,4029,860,20125,1598,2678,627,2716,610,3251,702,2853,595,4475,791,2596,563,1556,554
0500000US06111,6111,"Ventura County, California",2005,174154,4423,138637,4436,447,296,3228,1054,901,449,704,306,3719,842,28056,2671,101582,4129,35517,2251,1232,553,2409,1032,1817,603,2120,1084,2200,627,7851,1144,17888,1499
0500000US06113,6113,"Yolo County, California",2005,36348,1829,26625,1797,141,142,415,283,378,277,731,457,2561,672,12513,1546,9886,1214,9723,1114,1060,465,452,254,449,250,372,264,874,487,3939,706,2577,544
0500000US06115,6115,"Yuba County, California",2005,12909,1449,8372,1367,0,293,447,272,181,159,1532,560,2722,916,2752,778,738,386,4537,782,661,361,558,342,322,232,377,334,1222,521,509,226,888,445
0500000US06001,6001,"Alameda County, California",2006,296733,4773,232569,4679,1479,480,2962,673,1337,524,1273,553,3319,714,38566,2937,183633,4836,64164,3152,2044,559,2678,660,1129,621,821,386,2557,658,12057,1745,42878,2515
0500000US06007,6007,"Butte County, California",2006,51211,1957,32678,2233,933,531,861,330,1944,769,3714,958,8487,1364,12086,1529,4653,979,18533,1599,2974,919,1933,521,2204,606,1913,573,3627,756,4427,822,1455,481
0500000US06013,6013,"Contra Costa County, California",2006,258877,4662,207360,4511,1191,458,1226,467,786,321,430,282,5195,1297,44018,3063,154514,4433,51517,2743,2298,604,2442,780,983,495,1158,401,2528,668,12186,1654,29922,2516
0500000US06017,6017,"El Dorado County, California",2006,49224,1868,38404,1930,470,345,439,301,435,374,217,174,2078,727,12994,1636,21771,1615,10820,1171,1110,588,918,360,247,178,440,248,799,348,3497,689,3809,868
0500000US06019,6019,"Fresno County, California",2006,152363,3959,114231,3551,1011,463,2482,848,4476,1018,12064,1603,31943,2712,44549,2473,17706,1624,38132,2339,2963,775,3114,777,2580,700,5604,1048,9389,1343,9587,1032,4895,944
0500000US06023,6023,"Humboldt County, California",2006,28751,1568,17197,1467,243,171,420,228,585,243,555,282,3922,785,8018,1035,3454,676,11554,1266,1511,494,515,276,649,286,578,261,2121,636,4316,761,1864,534
0500000US06025,6025,"Imperial County, California",2006,27196,2081,19212,1873,133,99,624,335,1081,515,2753,650,8629,1500,5291,938,701,417,7984,1214,1557,515,984,457,866,403,1582,492,1453,543,1170,587,372,260
0500000US06029,6029,"Kern County, California",2006,147483,4000,111990,3877,1188,491,4248,1112,7723,1425,15367,1743,36738,2713,35150,2794,11576,1551,35493,2362,4327,861,4800,973,3602,851,5518,1053,8116,1111,6208,993,2922,671
0500000US06031,6031,"Kings County, California",2006,22372,1540,16676,1396,265,208,906,577,1691,814,2628,695,5153,777,5282,911,751,435,5696,921,940,451,665,447,409,206,1593,558,843,316,918,371,328,197
0500000US06033,6033,"Lake County, California",2006,16167,1927,9512,1542,231,285,82,136,601,475,862,663,2134,777,3736,974,1866,727,6655,1365,1150,528,121,205,473,303,695,406,1063,580,2144,822,1009,378
0500000US06037,6037,"Los Angeles County, California",2006,1564640,11710,1219070,12583,10868,1597,15515,1762,9092,1249,12320,1670,52335,3048,361170,7586,757770,11000,345570,6915,17535,2055,13565,1632,9334,1249,9352,1283,21050,1971,87637,3814,187097,5647
0500000US06039,6039,"Madera County, California",2006,25064,1844,18093,1715,450,306,270,233,309,269,1405,597,4054,856,8772,1440,2833,731,6971,986,655,323,627,315,431,267,667,355,1328,572,2482,665,781,352
0500000US06041,6041,"Marin County, California",2006,65129,2319,47367,2297,75,141,247,193,131,150,287,215,523,331,1728,532,44376,2286,17762,1815,580,470,230,188,241,146,484,397,347,196,1407,541,14473,1578
0500000US06045,6045,"Mendocino County, California",2006,21429,1452,12592,1397,186,202,201,188,210,211,376,289,1009,489,5050,960,5560,1133,8837,1224,665,361,795,414,451,239,348,231,878,493,2300,698,3400,1019
0500000US06047,6047,"Merced County, California",2006,38913,2209,27288,2296,207,172,154,163,461,239,1513,636,5190,1076,13442,1844,6321,1128,11625,1291,1190,452,778,462,116,121,1044,383,1741,438,4743,932,2013,498
0500000US06053,6053,"Monterey County, California",2006,68716,2531,50021,2789,265,195,633,341,289,270,830,393,1136,454,7715,1114,39153,2566,18695,1647,828,335,970,453,427,267,497,329,838,371,2451,648,12684,1365
0500000US06055,6055,"Napa County, California",2006,29915,1619,20706,1694,36,61,107,124,126,130,131,109,443,319,2488,672,17375,1663,9209,1100,709,357,598,367,484,351,314,220,200,220,1026,444,5878,1056
0500000US06057,6057,"Nevada County, California",2006,29191,1931,19643,1657,421,394,0,289,215,183,108,121,1648,666,7958,1156,9293,1230,9548,1296,491,311,734,458,218,176,373,246,1092,561,2749,872,3891,869
0500000US06059,6059,"Orange County, California",2006,605615,6967,474101,7649,2706,1049,7663,1419,3459,786,3278,765,10352,1412,62957,3746,383686,7978,131514,4485,6784,1295,8360,1263,4405,1040,3530,864,8256,1417,17111,1671,83068,3605
0500000US06061,6061,"Placer County, California",2006,89272,2523,68151,2502,330,286,533,355,235,167,456,252,2013,645,27669,2455,36915,2425,21121,1735,827,357,1352,608,680,419,403,270,1582,586,7624,1184,8653,1150
0500000US06065,6065,"Riverside County, California",2006,444836,6011,338553,6134,2425,673,4968,1104,5546,1032,8505,1322,32922,2939,168137,6160,116050,4491,106283,3679,15205,1515,10159,1061,5644,1034,7822,1266,15105,1504,30698,1975,21650,2121
0500000US06067,6067,"Sacramento County, California",2006,306047,6029,244003,6011,1849,579,1994,501,1554,564,5777,1115,30749,2134,136844,5051,65236,3291,62044,3047,5417,1175,3162,775,1790,433,3166,778,10249,1445,26140,2290,12120,1518
0500000US06071,6071,"San Bernardino County, California",2006,393257,6526,311681,6264,3184,960,5425,1063,7176,1256,10320,1498,42626,3680,159649,5847,83301,4317,81576,3953,13983,1856,8508,1237,5533,1184,4390,1107,12243,1545,25772,2448,11147,1645
0500000US06073,6073,"San Diego County, California",2006,599242,8305,460541,8017,2761,783,4568,936,2957,815,4511,916,19816,2094,130136,5559,295792,6631,138701,4039,10005,1539,9726,1450,4892,999,4223,996,7603,945,34058,2523,68194,3054
0500000US06075,6075,"San Francisco County, California",2006,126712,4349,87731,3812,298,207,1649,610,262,178,531,273,1686,543,4348,923,78957,3786,38981,2330,295,170,1196,619,472,329,269,210,1001,386,1498,601,34250,2267
0500000US06077,6077,"San Joaquin County, California",2006,132481,3772,101335,3950,1100,430,763,325,952,473,2106,652,10560,1343,50946,2787,34908,2665,31146,2155,3320,834,2109,564,1328,509,1208,344,4903,870,11272,1428,7006,1241
0500000US06079,6079,"San Luis Obispo County, California",2006,60654,2209,42695,2256,371,311,203,186,297,290,505,359,1447,515,12575,1520,27297,1899,17959,1608,844,339,606,299,840,495,658,423,1394,434,4249,877,9368,1273
0500000US06081,6081,"San Mateo County, California",2006,159025,3815,118743,3870,617,314,2150,517,700,383,437,376,1701,704,7216,1176,105922,3841,40282,2749,724,489,1150,457,1154,522,433,267,1183,587,2253,684,33385,2468
0500000US06083,6083,"Santa Barbara County, California",2006,75011,2009,51465,2401,465,331,248,190,542,299,826,347,1630,540,12578,1409,35176,2308,23546,1786,1094,441,785,374,731,348,1207,453,1646,641,5364,769,12719,1363
0500000US06085,6085,"Santa Clara County, California",2006,354810,6056,275979,5947,1848,665,5462,1097,2126,744,2387,812,2719,754,23297,2422,238140,5624,78831,3241,3824,876,5782,1037,1675,581,1293,557,1391,602,4563,790,60303,3086
0500000US06087,6087,"Santa Cruz County, California",2006,55666,2221,41706,2288,101,119,405,240,263,287,641,289,1170,476,4540,925,34586,1987,13960,1319,174,144,566,280,1133,519,390,249,1235,527,1596,597,8866,1080
0500000US06089,6089,"Shasta County, California",2006,44889,2165,29380,1966,211,183,678,330,1204,401,2665,778,9924,1696,10493,1221,4205,816,15509,1434,1661,598,1667,483,827,444,1341,504,3328,776,5001,995,1684,459
0500000US06095,6095,"Solano County, California",2006,90468,3012,76112,3038,641,322,646,328,779,373,497,280,3361,852,32300,2197,37888,2435,14356,1372,952,349,886,359,642,322,266,214,799,354,6113,1056,4698,815
0500000US06097,6097,"Sonoma County, California",2006,114133,3091,83329,3106,811,394,1092,593,934,432,480,315,1537,588,16786,1891,61689,3069,30804,2310,1989,583,2214,558,1384,688,333,259,1825,550,4379,786,18680,1971
0500000US06099,6099,"Stanislaus County, California",2006,102731,3409,79838,3013,660,328,660,331,965,528,1533,614,11682,1720,46731,2915,17607,2002,22893,1962,2220,618,1113,452,850,320,700,338,4057,747,9947,1396,4006,815
0500000US06101,6101,"Sutter County, California",2006,19526,1348,15127,1457,141,141,355,277,363,264,399,242,3413,732,8177,1112,2279,721,4399,690,280,200,479,242,358,238,552,247,1254,369,887,348,589,255
0500000US06107,6107,"Tulare County, California",2006,72770,2612,53815,2349,819,469,2752,850,5648,1182,8095,1404,17791,1876,13207,1706,5503,970,18955,1542,2399,501,2426,684,2603,668,3090,578,3820,681,2495,594,2122,640
0500000US06111,6111,"Ventura County, California",2006,177961,3791,142963,3752,544,330,1729,623,346,226,1450,577,2340,631,19605,1986,116949,3537,34998,2585,1917,693,2355,700,1703,548,1283,524,1008,456,6145,1064,20587,1926
0500000US06113,6113,"Yolo County, California",2006,36338,1546,27712,1639,384,296,561,418,103,126,252,191,3090,861,11285,1430,12037,1218,8626,1030,1008,387,216,187,247,192,212,211,1404,490,2562,686,2977,722
0500000US06115,6115,"Yuba County, California",2006,13381,1162,9293,1214,114,142,141,140,404,260,1048,447,2950,795,3717,873,919,474,4088,634,350,236,249,171,461,374,408,235,1119,461,1127,436,374,240
0500000US06001,6001,"Alameda County, California",2007,298409,5528,231047,5330,1749,503,3292,640,1783,615,1059,484,5048,1135,37183,2692,180933,5248,67362,3400,2383,842,3348,777,1592,568,839,359,2408,564,10409,1450,46383,2775
0500000US06007,6007,"Butte County, California",2007,50554,2046,32463,2187,603,424,990,436,2017,679,2870,770,8601,1178,12572,1674,4810,905,18091,1675,2871,844,1733,460,1037,394,2250,570,3591,901,4692,843,1917,493
0500000US06013,6013,"Contra Costa County, California",2007,260823,4027,207504,4425,1251,455,1817,692,792,400,1192,498,6366,1458,53381,3098,142705,3592,53319,2633,3055,919,1643,506,654,317,1593,573,3003,671,12323,1632,31048,2080
0500000US06017,6017,"El Dorado County, California",2007,48954,1913,38957,2089,33,56,251,322,0,292,301,187,2468,681,15357,1676,20547,1401,9997,1056,962,513,756,269,95,103,366,252,842,320,2655,576,4321,766
0500000US06019,6019,"Fresno County, California",2007,157007,3883,115802,4008,1335,434,2391,750,4281,945,8650,1317,37017,3009,43559,2887,18569,1889,41205,2207,3339,797,3442,931,3319,682,5397,892,11003,1674,11131,1315,3574,818
0500000US06023,6023,"Humboldt County, California",2007,30514,1785,17020,1674,69,117,141,117,450,266,383,221,5137,1038,7303,1134,3537,833,13494,1161,1698,564,553,327,647,324,1456,450,2938,734,3596,825,2606,542
0500000US06025,6025,"Imperial County, California",2007,22774,1899,15608,1806,306,242,440,308,786,425,1590,562,7143,1150,4732,1026,611,379,7166,991,1278,458,457,265,540,271,1457,498,1667,651,1035,507,732,459
0500000US06029,6029,"Kern County, California",2007,147822,3929,113124,3773,1425,495,3255,841,4977,1047,14093,2009,42576,2718,35766,2631,11032,1524,34698,2074,4513,1000,3123,629,4167,944,6240,1048,7996,1026,6199,1043,2460,554
0500000US06031,6031,"Kings County, California",2007,23535,1440,18414,1522,213,337,936,500,1003,395,3103,801,7399,1175,4705,1012,1055,386,5121,795,233,172,456,213,956,470,775,387,1355,398,715,386,631,365
0500000US06033,6033,"Lake County, California",2007,16763,1774,9458,1575,536,521,719,630,100,152,773,874,1577,838,3704,958,2049,881,7305,1190,1005,398,818,401,854,479,499,392,1423,696,1856,762,850,397
0500000US06037,6037,"Los Angeles County, California",2007,1558468,13095,1201197,13004,9380,1276,14242,1492,7811,1229,11452,1400,44822,3438,329843,8705,783647,10482,357271,7044,15512,1547,14683,1798,8576,1291,6718,1142,21578,2300,92229,4806,197975,5241
0500000US06039,6039,"Madera County, California",2007,27034,1646,19179,1606,124,135,59,96,1003,594,615,392,4991,1241,8952,1312,3435,865,7855,1036,669,312,128,106,744,352,412,278,2288,737,2690,716,924,376
0500000US06041,6041,"Marin County, California",2007,64824,2754,48764,2647,57,95,479,366,264,241,420,292,412,242,3025,832,44107,2321,16060,1854,260,159,358,272,441,274,303,352,354,240,1299,501,13045,1686
0500000US06045,6045,"Mendocino County, California",2007,21300,1535,11172,1239,130,146,76,123,411,360,104,106,569,332,4363,926,5519,1068,10128,1265,1158,515,759,389,196,134,396,270,781,352,2770,703,4068,967
0500000US06047,6047,"Merced County, California",2007,41790,2430,32201,2277,297,255,587,433,484,279,1106,535,10121,1747,14369,1608,5237,1270,9589,1220,1095,414,1136,457,241,181,925,404,2337,623,2398,555,1457,457
0500000US06053,6053,"Monterey County, California",2007,64807,2875,49020,2896,70,118,335,216,317,261,651,386,1243,578,5858,1232,40546,2699,15787,1606,938,570,746,452,455,259,460,267,595,326,1888,625,10705,1332
0500000US06055,6055,"Napa County, California",2007,32301,1522,23407,1580,123,144,464,297,191,218,104,124,166,164,3492,905,18867,1575,8894,1094,815,394,1110,495,485,294,53,66,755,403,1306,486,4370,850
0500000US06057,6057,"Nevada County, California",2007,28349,1647,19635,1711,38,69,119,141,309,335,106,134,954,453,8248,1399,9861,1428,8714,1198,303,263,533,243,264,240,258,253,717,317,3932,861,2707,639
0500000US06059,6059,"Orange County, California",2007,612493,5755,474371,6181,3122,950,7164,1179,3528,992,2766,633,10705,1490,69859,3076,377227,5922,138122,4094,6473,1114,7706,1285,5341,933,6284,1085,7087,996,17673,1661,87558,3519
0500000US06061,6061,"Placer County, California",2007,89508,2618,67194,2681,129,135,377,344,329,233,640,323,3347,1005,29949,2372,32423,2270,22314,1767,1186,536,1068,358,973,520,385,263,2174,707,7538,1096,8990,1297
0500000US06065,6065,"Riverside County, California",2007,452798,6660,348396,6475,3948,1084,4860,1037,3769,700,8621,1198,36484,2843,177880,6094,112834,4392,104402,3727,14456,1574,10790,1476,5984,1025,8288,1670,13375,1513,31070,2308,20439,2099
0500000US06067,6067,"Sacramento County, California",2007,307787,5148,241655,5377,2432,746,1959,551,2276,692,6413,1304,39996,2901,134620,5145,53959,2748,66132,2767,5993,1087,3247,749,2780,720,4306,915,11974,1541,26972,2062,10860,1274
0500000US06071,6071,"San Bernardino County, California",2007,386391,6425,306394,6367,3914,1026,4476,952,4496,953,9246,1460,41675,3488,153614,5677,88973,3605,79997,3516,9645,1523,7572,1195,4980,989,4430,927,13954,1809,26862,2189,12554,1704
0500000US06073,6073,"San Diego County, California",2007,584243,7869,447396,7654,2958,746,4798,1082,2771,833,4214,973,23914,2680,136788,5426,271953,6151,136847,4639,10316,1260,8032,1160,4921,1003,3434,732,8776,1288,34276,2630,67092,3325
0500000US06075,6075,"San Francisco County, California",2007,121809,4211,88448,3953,283,193,1757,496,199,166,373,254,1601,611,4125,1007,80110,3737,33361,2337,500,301,1515,483,300,228,359,230,1325,466,2154,725,27208,2196
0500000US06077,6077,"San Joaquin County, California",2007,131039,4269,100008,4237,671,336,1105,502,784,396,2221,617,12008,1714,49756,3290,33463,2990,31031,2049,3238,926,2596,729,960,359,1325,504,5048,820,11882,1215,5982,1060
0500000US06079,6079,"San Luis Obispo County, California",2007,59915,2816,42061,2684,253,209,309,270,137,132,462,299,1979,810,10881,1593,28040,2346,17854,1432,392,197,1342,490,680,347,696,332,1413,547,4639,994,8692,1132
0500000US06081,6081,"San Mateo County, California",2007,155617,3522,115367,3518,611,498,1520,495,307,168,410,239,2230,663,5767,1078,104522,3270,40250,2401,1051,408,1408,501,799,360,511,290,1232,453,2362,633,32887,2403
0500000US06083,6083,"Santa Barbara County, California",2007,76420,2216,54610,2295,174,178,635,343,1040,485,519,271,2760,930,16122,1746,33360,2053,21810,1736,312,157,1648,534,1363,473,1104,543,1845,577,3847,860,11691,1129
0500000US06085,6085,"Santa Clara County, California",2007,354395,6539,271367,6265,2131,608,6093,1171,3114,655,2014,678,2865,739,22885,1987,232265,6031,83028,3487,3388,890,3994,903,1733,578,1378,426,1407,442,5362,948,65766,3320
0500000US06087,6087,"Santa Cruz County, California",2007,55748,2309,39666,2351,36,61,341,233,437,269,272,288,1353,472,3650,950,33577,2384,16082,1386,785,469,628,365,576,310,1268,507,766,399,1654,682,10405,1214
0500000US06089,6089,"Shasta County, California",2007,44597,2017,30278,2037,476,278,520,266,1647,737,3239,853,10319,1576,10180,1599,3897,905,14319,1393,2208,777,1782,569,1000,389,1939,519,3404,691,2664,558,1322,566
0500000US06095,6095,"Solano County, California",2007,90775,2452,73365,2572,571,379,592,325,278,206,416,249,3279,907,32315,2517,35914,2140,17410,1514,1864,617,1038,408,615,331,380,216,1325,534,7344,1201,4844,1079
0500000US06097,6097,"Sonoma County, California",2007,110167,2654,79142,2463,848,507,1611,586,533,297,866,519,1705,407,16365,1705,57214,2059,31025,2040,2079,642,2027,648,1132,360,706,340,1803,662,5323,910,17955,1524
0500000US06099,6099,"Stanislaus County, California",2007,100425,3289,76512,2932,417,265,586,334,843,428,2428,810,15501,1802,41842,2555,14895,1699,23913,1922,2904,737,1134,472,853,424,1099,428,4750,1006,9059,1348,4114,1076
0500000US06101,6101,"Sutter County, California",2007,20769,1166,14727,1397,212,248,214,178,461,320,1172,485,4593,984,6674,1060,1401,543,6042,835,312,286,480,335,227,187,1040,470,2218,666,1030,527,735,323
0500000US06107,6107,"Tulare County, California",2007,72453,2619,52800,2707,794,461,2015,617,3589,908,8217,1323,19938,2198,13272,1855,4975,1003,19653,1519,2474,690,1850,562,2592,678,3152,651,4345,768,3529,661,1711,444
0500000US06111,6111,"Ventura County, California",2007,173223,3236,136390,3578,241,210,1502,467,1051,547,826,351,2749,621,22097,1870,107924,3557,36833,2288,1231,606,2109,498,873,367,1221,505,1837,560,5515,973,24047,2109
0500000US06113,6113,"Yolo County, California",2007,37899,1790,28580,1600,53,92,341,270,216,185,270,243,2784,830,13112,1251,11804,1339,9319,1190,1285,538,419,253,171,269,119,137,561,295,3581,798,3183,784
0500000US06115,6115,"Yuba County, California",2007,13169,1391,9762,1250,492,575,207,227,287,194,983,422,2564,709,3959,895,1270,572,3407,767,981,405,400,247,231,197,381,255,503,392,699,345,212,201
0500000US06001,6001,"Alameda County, California",2008,289188,6710,226724,5625,1876,686,1648,442,1264,533,1733,709,8734,1514,56276,3602,155193,4507,62464,3248,3311,757,2361,662,851,363,1199,541,3298,858,16208,1688,35236,2518
0500000US06007,6007,"Butte County, California",2008,49878,2206,32434,2024,995,442,603,272,962,499,3668,835,10224,1402,11236,1485,4746,1032,17444,1815,3237,805,2155,712,1075,439,1782,564,3441,747,3737,823,2017,768
0500000US06013,6013,"Contra Costa County, California",2008,253573,4209,198375,4449,1484,602,1026,402,1645,567,4389,1125,15452,2153,59982,3300,114397,3785,55198,2946,3645,614,2342,723,1344,701,1924,693,6253,1345,13851,1731,25839,2158
0500000US06017,6017,"El Dorado County, California",2008,46505,1804,34175,1929,781,454,190,147,155,160,271,223,2671,699,15766,1731,14341,1608,12330,1446,892,510,497,312,849,369,398,267,1272,432,4269,945,4153,712
0500000US06019,6019,"Fresno County, California",2008,149799,4811,113955,3754,3080,914,2511,717,4921,1181,18006,2355,38342,2503,33611,2509,13484,1626,35844,2892,4602,991,3946,958,2215,659,5173,984,8256,1236,7852,1121,3800,867
0500000US06023,6023,"Humboldt County, California",2008,28623,1831,18574,1820,144,123,141,137,259,185,653,393,5722,1317,8574,1377,3081,744,10049,1118,1411,523,448,296,721,381,844,556,2294,602,2665,624,1666,540
0500000US06025,6025,"Imperial County, California",2008,25739,1837,16553,1967,529,484,634,418,1076,459,2969,1003,8137,1287,2615,729,593,293,9186,1262,2046,586,1191,526,1380,577,1485,557,1833,746,906,367,345,239
0500000US06029,6029,"Kern County, California",2008,145468,4122,108875,3883,2703,884,4397,924,10397,1764,22781,2213,37369,3042,23939,2254,7289,1242,36593,2435,5112,1075,5899,1220,4409,883,5804,1002,8266,1071,5614,1083,1489,522
0500000US06031,6031,"Kings County, California",2008,22409,1676,16612,1820,128,176,288,220,943,508,2976,780,8118,1443,3341,679,818,563,5797,1084,606,292,1041,437,474,314,1221,492,1688,640,551,284,216,149
0500000US06033,6033,"Lake County, California",2008,15574,1835,9981,1466,791,446,364,293,745,410,1437,809,2468,694,2479,879,1697,626,5593,1159,748,422,468,364,604,410,767,383,693,408,1326,601,987,610
0500000US06037,6037,"Los Angeles County, California",2008,1528562,13153,1178111,13787,13065,1709,9266,1431,10044,1513,18070,2230,79574,4319,410254,10022,637838,10969,350451,8218,22063,2010,12223,1777,7532,1310,8056,1171,23092,2102,104914,4864,172571,5611
0500000US06039,6039,"Madera County, California",2008,24974,1866,18166,2005,237,161,176,162,1398,700,2051,758,5490,1170,6226,1086,2588,972,6808,1002,1026,444,94,110,746,429,371,237,1433,464,2239,620,899,428
0500000US06041,6041,"Marin County, California",2008,66339,2622,50025,2776,553,615,378,324,327,248,251,288,797,355,3411,808,44308,2544,16314,1881,555,351,265,319,196,190,145,137,545,342,556,346,14052,1864
0500000US06045,6045,"Mendocino County, California",2008,21170,1695,11401,1449,283,209,44,77,125,130,337,369,1432,666,4988,1205,4192,825,9769,1281,1307,602,317,198,622,329,236,219,561,299,3202,851,3524,968
0500000US06047,6047,"Merced County, California",2008,38502,2103,27964,1924,423,327,1473,599,2217,721,4982,1079,9066,1439,7182,1342,2621,827,10538,1166,1691,446,800,329,1175,520,1565,446,1806,580,1773,575,1728,522
0500000US06053,6053,"Monterey County, California",2008,65439,2763,47326,2750,982,544,439,202,925,541,1691,688,4758,955,13262,1607,25269,2237,18113,1786,1361,512,966,483,774,525,706,438,1017,455,3452,868,9837,1212
0500000US06055,6055,"Napa County, California",2008,30047,1952,20740,1954,413,254,51,88,0,294,232,207,518,301,5125,962,14401,1747,9307,1180,763,363,1156,485,306,218,236,212,317,284,1716,571,4813,994
0500000US06057,6057,"Nevada County, California",2008,29176,1783,18889,1542,104,128,52,89,472,391,223,256,1913,663,7830,1368,8295,1110,10287,1236,949,413,759,288,112,134,293,279,991,400,3604,781,3579,773
0500000US06059,6059,"Orange County, California",2008,592946,6891,462290,7294,3147,739,5657,1119,3221,839,4269,1116,14744,1612,107334,5290,323918,6532,130656,5043,7778,1162,8482,1223,5775,1121,3984,1040,7937,1247,25628,1925,71072,3497
0500000US06061,6061,"Placer County, California",2008,93935,2467,70780,2858,516,341,507,395,842,390,1606,718,9954,1617,32016,2421,25339,1775,23155,1841,1417,467,1264,586,319,205,501,284,3175,774,9508,1397,6971,1180
0500000US06065,6065,"Riverside County, California",2008,438193,7265,335984,7413,5656,1070,4695,1030,8141,1431,25117,2454,82754,4428,145910,5993,63711,3339,102209,3668,17918,2067,8819,1192,7464,1255,9639,1596,16087,1851,26560,2157,15722,1956
0500000US06067,6067,"Sacramento County, California",2008,297912,5728,235253,5136,3783,1091,2742,727,7214,1374,19671,2085,70767,3657,94455,4176,36621,2562,62659,3101,6244,1182,3781,829,3620,753,5827,922,15802,1530,19196,1848,8189,1199
0500000US06071,6071,"San Bernardino County, California",2008,365279,6911,288220,6704,4795,982,5987,1369,11328,1725,21944,2452,64707,3633,125266,5062,54193,3302,77059,3596,12591,1508,6441,1354,6186,1213,5203,967,14565,1695,22841,2413,9232,1434
0500000US06073,6073,"San Diego County, California",2008,585307,7571,451087,7543,4949,945,4975,1188,6612,1197,8243,1318,39418,3163,168564,5163,218326,6829,134220,5093,11144,1299,7693,1195,3500,810,3655,957,10832,1484,42264,3230,55132,3094
0500000US06075,6075,"San Francisco County, California",2008,127625,4686,95909,4044,274,179,622,393,392,256,280,195,1665,807,6789,1375,85887,3938,31716,2598,735,435,239,200,184,174,39,63,562,337,2045,637,27912,2551
0500000US06077,6077,"San Joaquin County, California",2008,121162,4667,93087,3485,1245,500,1577,600,5278,1128,7903,1222,24199,2355,37154,2513,15731,1647,28075,3866,3514,936,1671,624,1882,625,2313,808,7511,1325,6566,1301,4618,1038
0500000US06079,6079,"San Luis Obispo County, California",2008,63686,2700,44833,2605,140,138,406,275,306,268,809,494,2413,846,15119,1976,25640,1916,18853,1668,1146,551,994,439,720,293,597,360,1565,637,4979,1078,8852,1130
0500000US06081,6081,"San Mateo County, California",2008,154221,4114,114888,3808,415,250,1254,541,1052,516,835,378,2043,789,8280,1271,101009,3459,39333,2557,916,446,1078,355,893,416,251,188,714,436,3182,806,32299,2448
0500000US06083,6083,"Santa Barbara County, California",2008,75128,2751,53505,2648,507,276,514,284,1043,413,1452,661,6054,1379,15098,1681,28837,2136,21623,1857,909,335,1190,509,916,379,643,367,2240,607,4477,917,11248,1315
0500000US06085,6085,"Santa Clara County, California",2008,355181,6145,274843,6206,1527,629,3804,1010,3213,900,1208,553,4261,921,33322,2995,227508,5187,80338,4087,3662,965,4996,981,1770,595,1122,508,1559,611,7574,1292,59655,3305
0500000US06087,6087,"Santa Cruz County, California",2008,55999,1812,41907,2115,282,224,587,295,687,375,387,250,1361,541,6139,1087,32464,1778,14092,1391,621,364,612,339,360,255,352,235,1268,458,3677,723,7202,1218
0500000US06089,6089,"Shasta County, California",2008,45629,2248,29867,1937,447,298,484,328,901,397,3169,936,11009,1625,10210,1640,3647,719,15762,1274,2633,793,529,269,644,383,2107,624,3722,797,4600,1075,1527,485
0500000US06095,6095,"Solano County, California",2008,86980,2938,69311,2685,414,225,1176,516,1057,501,2195,698,11334,1530,35201,2422,17934,1751,17669,1519,1487,541,1232,589,806,406,489,273,2193,612,7334,1211,4128,828
0500000US06097,6097,"Sonoma County, California",2008,115000,2667,85015,2918,954,428,1094,518,648,367,1644,797,5263,1060,29055,2264,46357,2840,29985,1958,3665,868,1547,493,1658,609,322,209,1895,614,7083,1244,13815,1617
0500000US06099,6099,"Stanislaus County, California",2008,100049,3247,75225,3015,1466,543,2233,665,4179,987,9320,1494,24888,2410,24550,2047,8589,1192,24824,1985,4605,975,960,455,960,510,2449,600,6030,1266,6545,986,3275,814
0500000US06101,6101,"Sutter County, California",2008,18696,1304,14094,1236,181,155,352,267,676,420,1650,506,5624,964,4299,926,1312,504,4602,735,871,421,387,235,266,221,621,288,1056,397,773,356,628,274
0500000US06107,6107,"Tulare County, California",2008,73086,2860,53336,3079,807,329,2052,684,4787,1042,11157,1543,20861,1982,9714,1338,3958,843,19750,1567,2792,623,1638,466,1837,710,3702,904,6084,1194,2332,558,1365,495
0500000US06111,6111,"Ventura County, California",2008,170236,4023,134492,4012,1006,431,1914,588,1488,557,1726,619,5177,1057,38800,2387,84381,3288,35744,1965,2190,687,1967,624,1155,443,841,394,2676,815,8581,1318,18334,1708
0500000US06113,6113,"Yolo County, California",2008,36711,2253,27506,2021,62,98,423,249,292,207,1356,615,5063,998,11124,1471,9186,1192,9205,1319,1528,700,831,415,629,370,49,82,1391,483,2892,684,1885,646
0500000US06115,6115,"Yuba County, California",2008,14673,1368,11137,1459,89,103,417,371,888,487,2462,1012,3174,790,2776,741,1331,600,3536,758,806,396,575,300,344,233,811,448,376,259,375,240,249,169
0500000US06001,6001,"Alameda County, California",2009,280221,4710,218017,4452,1785,641,1525,582,3071,775,5785,1118,21168,2196,70825,3377,113858,3513,62204,2812,2957,665,2836,783,980,406,1428,500,6409,1196,18791,1749,28803,2238
0500000US06007,6007,"Butte County, California",2009,51838,2164,33434,2418,863,395,1269,563,3080,795,4159,927,12210,1524,9217,1385,2636,716,18404,1926,3967,1046,1257,504,2150,669,2340,694,3053,654,3877,860,1760,575
0500000US06013,6013,"Contra Costa County, California",2009,247333,4879,192553,4331,2276,672,3534,950,5731,1167,11148,1725,35544,2829,53446,3402,80874,2974,54780,2619,3687,796,2256,521,2800,779,2673,669,8705,1294,13816,1978,20843,1829
0500000US06017,6017,"El Dorado County, California",2009,51393,2223,38395,2457,483,337,540,519,745,512,1131,594,8026,1433,15281,1860,12189,1664,12998,1515,1087,516,982,566,390,262,921,630,1400,531,4838,837,3380,842
0500000US06019,6019,"Fresno County, California",2009,152504,3738,113831,3713,2039,717,6154,1014,15966,1769,23246,2289,35758,2578,22726,2032,7942,1150,38673,2831,4997,795,3650,844,5643,997,4122,771,9202,1307,8046,1227,3013,810
0500000US06023,6023,"Humboldt County, California",2009,29092,1375,17437,1246,253,212,803,509,305,151,1125,560,5693,1009,6083,1074,3175,797,11655,1168,1340,460,1085,492,891,460,459,269,2328,743,3244,729,2308,676
0500000US06025,6025,"Imperial County, California",2009,28596,1824,19459,1714,185,169,2293,837,4052,862,6165,1197,4980,1009,1553,583,231,155,9137,1065,2591,709,1513,541,1726,651,1683,700,764,518,739,390,121,120
0500000US06029,6029,"Kern County, California",2009,145330,4194,108854,3815,3171,760,10666,1613,20740,2374,24028,2272,30484,2540,15455,1670,4310,1012,36476,2327,6324,1173,5743,994,7282,1412,5419,906,6419,1115,3463,937,1826,560
0500000US06031,6031,"Kings County, California",2009,19582,1515,14752,1799,48,50,871,481,1571,540,3919,995,5971,1034,1944,672,428,214,4830,813,624,287,475,316,736,277,1039,520,1173,401,556,265,227,168
0500000US06033,6033,"Lake County, California",2009,17747,1681,11323,1714,132,168,474,376,617,440,2508,882,2267,883,3395,982,1930,804,6424,1259,1432,555,759,592,330,282,868,482,634,355,1457,625,944,543
0500000US06037,6037,"Los Angeles County, California",2009,1514362,13749,1175417,13096,14654,1735,15419,2162,27854,2188,42299,3204,167443,5745,430588,9826,477160,8469,338945,7612,23675,2332,13778,1709,9082,1137,11196,1553,40834,2765,102791,4588,137589,5405
0500000US06039,6039,"Madera County, California",2009,27746,1856,19812,1656,648,492,1194,520,3335,1080,2749,897,6207,1200,4013,920,1666,648,7934,1122,1068,488,702,356,1052,554,872,404,1731,593,2061,663,448,299
0500000US06041,6041,"Marin County, California",2009,63046,2716,45528,2528,194,194,241,210,417,298,240,170,1349,596,4795,1051,38292,2336,17518,1844,711,345,391,319,131,189,612,482,521,369,1404,556,13748,1599
0500000US06045,6045,"Mendocino County, California",2009,21021,1480,12144,1284,263,243,107,93,702,456,517,490,1546,526,5289,970,3720,846,8877,1098,1253,547,557,352,754,324,200,213,1091,427,3243,818,1779,585
0500000US06047,6047,"Merced County, California",2009,39947,2316,28925,2019,1041,461,5018,1018,6759,1273,5934,1145,5456,878,3138,847,1579,596,11022,1284,1815,523,1579,555,2259,735,1463,539,1609,543,1191,428,1106,382
0500000US06053,6053,"Monterey County, California",2009,64565,2566,47723,2672,476,280,1178,513,2048,751,4555,1072,8143,1350,12409,1447,18914,1551,16842,1708,1189,548,1436,578,518,272,397,261,1889,572,3968,700,7445,1471
0500000US06055,6055,"Napa County, California",2009,31298,1867,21686,1875,542,330,123,208,59,99,204,206,1967,788,9355,1547,9436,1500,9612,1248,791,306,1657,544,323,207,448,326,813,353,1728,472,3852,875
0500000US06057,6057,"Nevada County, California",2009,30320,1892,20909,1897,1015,665,167,161,263,223,240,260,2758,760,9304,1324,7162,1247,9411,1243,1150,613,213,167,470,354,237,156,1118,473,2932,703,3291,769
0500000US06059,6059,"Orange County, California",2009,586937,7024,445966,7693,4427,1097,6692,1129,4958,993,8887,1360,35437,2685,137456,4897,248109,5704,140971,5213,8248,1228,7214,1086,5762,1096,4902,970,12665,1511,35453,2850,66727,3683
0500000US06061,6061,"Placer County, California",2009,90529,2281,68275,2725,403,225,348,263,977,440,2675,728,14536,1835,32207,2302,17129,1437,22254,1755,1322,456,1090,508,1031,555,1024,483,3930,846,8735,1260,5122,1072
0500000US06065,6065,"Riverside County, California",2009,440246,6338,330966,6996,5291,1081,13092,1846,34663,3293,55179,3946,98419,4356,92851,4449,31471,2523,109280,3435,21579,2302,10932,1332,9635,1365,11831,1602,21652,2145,21646,1890,12005,1627
0500000US06067,6067,"Sacramento County, California",2009,292581,5267,224531,5432,3833,836,8102,1270,20017,2422,33278,2607,70338,4320,63305,3299,25658,2059,68050,2906,7873,947,4661,824,5997,1126,8236,1264,17482,1993,16634,1564,7167,902
0500000US06071,6071,"San Bernardino County, California",2009,377587,6460,296549,6117,7619,1407,16992,2060,33486,2904,42177,3271,86334,4893,79535,4353,30406,2678,81038,3703,15114,1997,10151,1703,9301,1694,9984,1548,14217,1438,14778,1807,7493,1355
0500000US06073,6073,"San Diego County, California",2009,578787,7201,443139,7620,5039,1001,7481,1339,10040,1678,18369,2048,68169,3680,165332,5079,168709,5234,135648,4409,12881,1638,7393,1295,5486,1036,5177,1070,15951,1691,43103,3286,45657,2964
0500000US06075,6075,"San Francisco County, California",2009,122182,4247,87651,3799,315,271,484,275,766,438,873,451,1982,716,8864,1396,74367,3728,34531,2724,629,391,984,480,475,296,84,103,1198,508,3947,989,27214,2242
0500000US06077,6077,"San Joaquin County, California",2009,126980,5361,97311,4553,1658,638,6652,1211,12579,1797,18271,2004,28860,2740,20854,2228,8437,1149,29669,2233,4810,1135,2706,742,4996,1052,3317,731,5988,907,4515,897,3337,1070
0500000US06079,6079,"San Luis Obispo County, California",2009,63780,2394,43996,2461,684,360,462,279,389,282,1535,748,3731,744,17448,1925,19747,2001,19784,1662,1751,632,390,246,1038,422,395,235,1908,643,5990,937,8312,1083
0500000US06081,6081,"San Mateo County, California",2009,153416,4043,115966,4114,636,314,904,352,641,294,526,299,3310,857,15838,2123,94111,4141,37450,2353,1288,503,1053,546,497,300,370,257,809,407,4482,1061,28951,1862
0500000US06083,6083,"Santa Barbara County, California",2009,74286,2605,51322,2743,871,425,855,357,987,485,2598,810,9410,1364,9949,1654,26652,2209,22964,1820,1181,437,1427,432,1013,409,1119,439,2718,689,2183,664,13323,1429
0500000US06085,6085,"Santa Clara County, California",2009,344935,6086,262070,5783,3038,717,3308,711,2845,855,3741,1102,11965,1761,59383,3382,177790,5125,82865,4112,4984,1140,4950,831,1644,546,1288,467,2331,823,13743,1676,53925,3089
0500000US06087,6087,"Santa Cruz County, California",2009,56015,2417,39787,2126,248,199,297,213,627,369,1391,506,3428,857,8137,1136,25659,1889,16228,1769,1316,616,937,390,786,542,813,509,1032,417,2935,817,8409,1161
0500000US06089,6089,"Shasta County, California",2009,44976,1870,29180,1950,851,462,264,194,1992,664,5171,867,9761,1291,7791,1186,3350,857,15796,1311,3106,859,889,354,1017,446,1917,658,3982,887,3471,628,1414,484
0500000US06095,6095,"Solano County, California",2009,91324,2797,72794,3101,902,410,1841,670,4215,1183,6757,995,20470,1613,27484,2275,11125,1591,18530,1703,3084,869,1238,457,1860,622,1769,516,4185,781,4327,864,2067,678
0500000US06097,6097,"Sonoma County, California",2009,109437,3969,80798,3614,1217,368,681,446,1675,633,2388,643,8182,1289,31848,2715,34807,2339,28639,1889,2583,637,2755,695,1447,506,1100,403,2282,692,8505,1110,9967,1129
0500000US06099,6099,"Stanislaus County, California",2009,96132,3720,69828,3305,1756,618,4986,1028,11400,1694,16085,1898,19887,2036,10779,1562,4935,1088,26304,2059,4562,942,3058,763,3103,784,4139,840,5528,964,3876,937,2038,697
0500000US06101,6101,"Sutter County, California",2009,19642,1373,14940,1313,107,140,949,495,1885,681,4201,993,3750,860,3299,775,749,278,4702,919,1045,546,571,323,251,223,846,372,854,395,951,392,184,129
0500000US06107,6107,"Tulare County, California",2009,72208,2486,54057,2674,1618,558,3725,1029,10188,1339,13755,1963,14647,1773,7307,1102,2817,695,18151,1598,2719,657,2579,804,2912,706,3591,884,2950,615,2137,553,1263,435
0500000US06111,6111,"Ventura County, California",2009,169308,3738,134239,3984,1424,619,1701,682,1151,494,3058,1015,12605,1475,50649,3258,63651,3091,35069,2576,1867,501,1750,567,1260,499,1284,584,4381,1049,10634,1247,13893,1849
0500000US06113,6113,"Yolo County, California",2009,37805,1579,28664,1754,637,497,234,239,564,376,2274,823,7419,1181,10262,1321,7274,1084,9141,1159,1228,493,437,261,590,342,813,419,1595,601,2066,610,2412,653
0500000US06115,6115,"Yuba County, California",2009,15321,1323,10970,1436,437,325,991,519,2089,718,2203,686,3771,1073,1107,557,372,202,4351,726,284,238,771,406,886,431,662,336,1296,478,337,211,115,121
0500000US06001,6001,"Alameda County, California",2010,286780,5237,220712,5421,1614,483,2458,698,5330,963,7176,1408,22316,2193,72687,3751,109131,4207,66068,3121,2988,637,2181,590,642,343,1438,516,5693,983,20050,1814,33076,1783
0500000US06007,6007,"Butte County, California",2010,50325,2185,32399,1937,563,294,1991,647,3270,942,5014,924,10613,1425,8095,1178,2853,700,17926,1690,3892,1001,1951,552,1303,529,1930,636,4193,839,2950,668,1707,675
0500000US06013,6013,"Contra Costa County, California",2010,243026,4695,190759,4999,2038,700,2905,769,7922,1505,16010,2044,31880,2717,50087,3372,79917,3401,52267,2359,3257,753,1941,684,4120,791,3386,787,7570,1176,10688,1432,21305,1733
0500000US06017,6017,"El Dorado County, California",2010,51155,2734,38534,2558,328,243,337,347,352,269,2293,863,8295,1562,17295,1996,9634,1374,12621,1644,1316,492,654,298,390,250,495,486,2101,744,4716,1056,2949,667
0500000US06019,6019,"Fresno County, California",2010,154283,4108,114058,3926,2565,820,9729,1410,15952,1895,21758,2167,33701,2614,23127,1862,7226,1488,40225,2544,4919,1073,4448,817,4895,958,6670,1087,9383,1479,6738,1221,3172,826
0500000US06023,6023,"Humboldt County, California",2010,31560,1850,19980,1704,600,467,396,331,734,377,1359,512,6422,1182,7525,1134,2944,672,11580,1518,1730,511,1269,546,470,234,405,245,2987,801,3027,820,1692,605
0500000US06025,6025,"Imperial County, California",2010,27947,1648,19051,1668,545,325,2306,794,5038,1041,6518,1168,3895,881,639,287,110,142,8896,1425,1624,588,1555,538,2047,758,1336,709,1197,434,678,325,459,404
0500000US06029,6029,"Kern County, California",2010,148939,3532,107754,3173,3426,890,17039,2097,21937,2267,26168,2267,24975,2294,10272,1469,3937,784,41185,2650,7730,1515,7440,1142,6644,1069,6270,1259,6176,1141,4508,943,2417,793
0500000US06031,6031,"Kings County, California",2010,20953,1516,15174,1561,377,221,1061,457,2143,694,4763,1185,4043,896,2639,782,148,175,5779,892,441,233,826,366,618,285,1628,563,756,331,1058,475,452,253
0500000US06033,6033,"Lake County, California",2010,15970,1551,10260,1453,416,263,822,516,1584,673,1297,553,2857,797,2535,844,749,460,5710,1043,1873,872,655,352,695,510,803,518,711,320,517,350,456,316
0500000US06037,6037,"Los Angeles County, California",2010,1501448,14839,1156155,13900,14150,1699,18448,2124,33467,2480,54791,3514,176107,6676,409454,8672,449738,9540,345293,8511,21059,2270,13280,1664,9130,1144,13216,1692,41532,2822,107846,4615,139230,4704
0500000US06039,6039,"Madera County, California",2010,25469,1872,19077,1561,414,233,1598,651,3132,900,4490,1105,4217,989,3347,1002,1879,762,6392,1034,583,316,583,301,735,381,953,405,1569,513,943,441,1026,487
0500000US06041,6041,"Marin County, California",2010,66429,2772,50006,2790,264,220,744,513,536,480,632,426,1690,734,6847,1357,39293,2483,16423,1535,418,299,523,335,253,213,482,430,746,506,1701,509,12300,1381
0500000US06045,6045,"Mendocino County, California",2010,18318,1755,9932,1471,66,85,193,184,223,193,442,358,2112,665,3755,942,3141,849,8386,1394,1551,723,678,357,167,165,344,240,832,381,2906,827,1908,655
0500000US06047,6047,"Merced County, California",2010,40334,2510,29786,2501,1873,726,6289,1227,7036,1437,5195,1091,5005,1139,2602,796,1786,661,10548,1444,1002,538,2465,663,2108,663,1649,536,1181,483,913,337,1230,477
0500000US06053,6053,"Monterey County, California",2010,63894,2982,45014,2797,627,342,1256,548,2883,849,3128,798,9055,1538,12757,1677,15308,1647,18880,2216,1782,627,969,542,1014,526,640,328,1688,567,4276,995,8511,1226
0500000US06055,6055,"Napa County, California",2010,30948,1999,21906,2062,186,188,93,109,422,324,1319,652,3010,767,8216,1317,8660,1522,9042,1313,997,402,1139,580,228,207,478,309,985,434,1604,542,3611,897
0500000US06057,6057,"Nevada County, California",2010,28278,1771,19471,1427,176,160,447,360,388,294,922,491,3595,815,9286,1471,4657,1017,8807,1376,1359,622,358,229,124,156,532,404,1056,487,2954,778,2424,726
0500000US06059,6059,"Orange County, California",2010,584314,7164,444114,7163,4785,817,5099,891,6653,1486,8520,1133,33520,2897,136359,5228,249178,5758,140200,4249,9956,1388,7563,1272,4887,899,4977,1057,12083,1362,37145,3017,63589,3060
0500000US06061,6061,"Placer County, California",2010,93350,3170,71114,3328,938,477,528,370,2352,884,3226,750,19990,2179,29738,2590,14342,1762,22236,1817,1902,660,686,368,591,323,981,532,4704,857,8238,1158,5134,996
0500000US06065,6065,"Riverside County, California",2010,458273,6812,349306,6591,6972,1297,19560,2250,43373,3398,60897,3799,103552,5616,84853,4235,30099,2545,108967,4454,22064,2377,10432,1524,13469,1653,11920,1690,22975,2297,16689,1772,11418,1697
0500000US06067,6067,"Sacramento County, California",2010,294365,5847,225690,5377,4124,887,10843,1870,24841,2136,39126,2735,71313,3981,55573,3254,19870,2250,68675,3628,6910,1134,5962,1219,6652,852,10042,1394,15559,1692,16285,1831,7265,1164
0500000US06071,6071,"San Bernardino County, California",2010,372535,7382,285972,7416,8412,1745,23232,2694,37962,3158,46871,3323,69493,4672,74498,4490,25504,2362,86563,3906,15691,1684,12787,1548,9527,1323,12817,1548,15174,1986,13062,1827,7505,1224
0500000US06073,6073,"San Diego County, California",2010,572400,8785,438814,7546,5386,1190,5441,1150,9864,1476,19789,2235,64245,4685,175514,4943,158575,5322,133586,5311,12164,1472,8898,1497,4719,1002,6741,1088,17236,1667,41775,3130,42053,2733
0500000US06075,6075,"San Francisco County, California",2010,123128,4317,84904,3824,66,112,534,343,331,267,536,333,2469,824,9519,1328,71449,3456,38224,2719,1161,644,548,304,766,487,774,478,1377,562,3024,753,30574,2350
0500000US06077,6077,"San Joaquin County, California",2010,124244,4141,96709,3796,2209,688,7655,1542,15379,2019,17388,1820,28151,2631,19190,2091,6737,1194,27535,2342,3348,856,3994,770,3572,878,3395,782,5271,1059,4220,858,3735,822
0500000US06079,6079,"San Luis Obispo County, California",2010,59862,2141,41224,2274,341,271,637,424,750,459,1040,514,4881,1171,17185,1770,16390,1735,18638,1838,1535,415,1337,506,955,381,1454,557,1778,530,5389,1054,6190,1196
0500000US06081,6081,"San Mateo County, California",2010,152358,4237,113945,4257,342,204,982,415,1146,559,1251,434,3434,896,15188,1662,91602,3871,38413,2354,1227,415,943,368,463,263,252,183,958,457,4330,874,30240,2110
0500000US06083,6083,"Santa Barbara County, California",2010,75146,2601,51962,2501,982,500,763,341,1336,660,3681,927,9257,1568,11959,1578,23984,1545,23184,1667,1820,613,1816,587,1329,475,660,404,3114,754,3991,785,10454,1264
0500000US06085,6085,"Santa Clara County, California",2010,342955,4963,256276,5674,2251,690,4754,1170,2584,629,4210,1059,12920,1969,55629,4028,173928,4899,86679,3495,5271,992,4401,1001,1778,535,1402,449,3582,901,15226,1780,55019,3114
0500000US06087,6087,"Santa Cruz County, California",2010,54209,3225,39258,3199,341,256,436,485,891,528,949,576,3578,931,9675,1415,23388,1817,14951,1508,257,208,1261,707,1046,499,409,237,1629,680,2749,744,7600,1234
0500000US06089,6089,"Shasta County, California",2010,44695,2085,29421,2099,782,415,1246,541,3099,846,5786,1398,9078,1395,5939,1028,3491,881,15274,1550,2654,785,1469,610,1900,521,1790,592,3456,708,2979,803,1026,406
0500000US06095,6095,"Solano County, California",2010,87615,2945,67552,3341,1607,742,2666,930,5211,1230,9999,1601,20185,1986,20558,2067,7326,1178,20063,1495,1649,511,1316,525,2520,569,2459,637,4664,843,5334,954,2121,619
0500000US06097,6097,"Sonoma County, California",2010,110953,3114,78737,3222,1170,495,1197,412,2753,934,3365,946,8888,1453,33122,2291,28242,2058,32216,2362,3981,968,1390,531,1716,642,865,355,2663,822,10924,1540,10677,1227
0500000US06099,6099,"Stanislaus County, California",2010,98598,3087,74469,3146,1700,495,7448,1492,16018,1950,18258,1677,17600,1775,9226,1486,4219,1159,24129,1958,4334,1045,2324,613,3930,904,4248,949,3905,785,3461,873,1927,657
0500000US06101,6101,"Sutter County, California",2010,17958,1234,12676,1240,288,257,771,436,1157,472,3140,824,5082,969,1410,489,828,346,5282,951,802,350,209,160,943,483,1225,445,924,388,748,305,431,236
0500000US06107,6107,"Tulare County, California",2010,75913,2391,54406,2597,730,358,6649,1319,11417,1619,12917,1656,12522,1862,7717,1060,2454,666,21507,1851,3300,822,3270,904,4191,892,3492,817,3615,801,2445,687,1194,525
0500000US06111,6111,"Ventura County, California",2010,170124,4279,129346,4108,1554,595,1062,492,1931,664,4106,837,15232,1871,48826,3258,56635,2932,40778,2570,3202,749,3045,882,846,402,1432,516,3343,872,12511,1544,16399,1778
0500000US06113,6113,"Yolo County, California",2010,37863,2183,27412,2175,649,376,761,466,2086,764,2545,765,6024,1038,8477,1231,6870,997,10451,1252,1418,582,825,428,437,298,706,376,1845,502,2510,696,2710,727
0500000US06115,6115,"Yuba County, California",2010,14982,1451,10881,1181,396,304,1368,611,1593,667,3359,917,2629,854,966,443,570,357,4101,928,737,355,373,306,1024,541,533,443,836,385,490,311,108,133
0500000US06001,6001,"Alameda County, California",2011,289222,5684,222697,5513,2369,642,2750,718,5416,1161,7205,1320,29355,3009,69848,3695,105754,4471,66525,3269,3073,738,2594,845,2208,699,2036,581,8499,1275,17903,1712,30212,2348
0500000US06007,6007,"Butte County, California",2011,48746,2448,31909,2586,1235,650,2137,714,4021,909,4798,1118,9692,1619,7468,1481,2558,898,16837,1758,2996,811,1995,583,1771,734,1914,705,3708,1000,3174,830,1279,517
0500000US06013,6013,"Contra Costa County, California",2011,246590,5513,190712,5751,2383,725,3632,949,9744,1444,17296,2242,35241,3266,46180,3470,76236,3909,55878,3863,3526,953,2746,931,3053,838,4366,1064,9948,1862,12564,1725,19675,2188
0500000US06017,6017,"El Dorado County, California",2011,48985,2549,36227,2414,717,503,86,106,1525,602,2771,901,8799,1607,14952,1796,7377,1368,12758,1527,1677,516,394,282,313,213,915,460,2705,928,4231,959,2523,905
0500000US06019,6019,"Fresno County, California",2011,155609,4439,114643,4274,2957,788,12479,1452,21060,2505,24828,2700,29162,2671,18229,2096,5928,1098,40966,2656,6225,1157,5087,971,4469,751,7645,1455,8331,1297,6243,1079,2966,914
0500000US06023,6023,"Humboldt County, California",2011,28459,1875,17122,1643,527,290,135,145,549,277,1127,587,5579,1120,6495,1036,2710,714,11337,1180,1049,443,1053,456,323,246,353,238,3173,799,3830,864,1556,425
0500000US06025,6025,"Imperial County, California",2011,27172,1553,19365,1523,523,319,2553,755,7199,1239,4675,1004,2920,794,1207,440,288,263,7807,1103,2219,523,2001,687,1158,500,1258,490,735,368,290,182,146,193
0500000US06029,6029,"Kern County, California",2011,144094,4352,104141,4124,4547,1017,16770,1726,23687,2594,20928,2491,25934,2865,8963,1672,3312,1078,39953,2587,8390,1271,8522,1389,6292,1080,6005,1045,5770,1283,3730,1114,1244,460
0500000US06031,6031,"Kings County, California",2011,22822,1448,16974,1521,466,270,1459,562,3201,876,5566,1117,4652,1090,928,439,702,328,5848,891,1168,496,1114,446,1171,522,831,310,1105,388,300,152,159,108
0500000US06033,6033,"Lake County, California",2011,16839,1362,9855,1411,499,371,971,571,1415,648,1666,736,2384,818,2203,769,717,443,6984,1069,1163,553,2128,697,414,300,475,398,1409,520,753,315,642,409
0500000US06037,6037,"Los Angeles County, California",2011,1482011,12100,1126864,11396,12479,1454,18052,2016,35170,3184,55819,3679,185673,6637,406489,7323,413182,7867,355147,8018,24667,2079,12431,1398,10207,1471,13914,1558,44863,3157,113439,4849,135626,5119
0500000US06039,6039,"Madera County, California",2011,24738,1996,16427,1984,236,189,1978,707,3185,968,4374,1096,3833,1006,1681,540,1140,627,8311,1049,1305,640,1174,398,1237,499,1307,513,1587,576,1157,604,544,355
0500000US06041,6041,"Marin County, California",2011,60453,2759,43474,2667,373,402,222,190,391,279,502,329,1651,641,5012,1020,35323,2402,16979,1497,376,313,873,551,536,344,321,237,1299,652,1705,622,11869,1358
0500000US06045,6045,"Mendocino County, California",2011,20447,1648,11224,1578,658,482,102,123,133,150,1484,717,2467,744,3581,848,2799,969,9223,1306,1203,513,1581,751,788,445,496,270,1363,566,2350,644,1442,534
0500000US06047,6047,"Merced County, California",2011,38880,2463,28126,2290,608,315,6231,993,6781,1288,6444,1261,5074,1189,2017,600,971,332,10754,1144,1892,474,2169,582,2277,743,996,394,1706,467,937,321,777,317
0500000US06053,6053,"Monterey County, California",2011,58668,2648,41893,2536,892,567,960,573,2627,813,4128,1029,10508,1381,10528,1333,12250,1495,16775,1494,1377,566,1148,567,713,376,649,291,3469,768,3504,811,5915,986
0500000US06055,6055,"Napa County, California",2011,27183,1774,19241,1788,197,159,91,122,731,456,571,472,3186,888,6617,1226,7848,1084,7942,1003,748,381,521,309,286,241,1004,433,1453,447,1278,476,2652,623
0500000US06057,6057,"Nevada County, California",2011,30219,2173,21607,2023,370,305,101,121,646,427,1451,735,5363,1121,9120,1296,4556,1133,8612,1050,884,480,488,265,274,193,894,348,1761,537,2467,719,1844,681
0500000US06059,6059,"Orange County, California",2011,581991,6072,443304,6618,4551,960,5024,1097,5954,1099,11273,1414,36693,2699,148364,5138,231445,5609,138687,3984,9984,1244,7538,1043,5931,1255,3780,777,10018,1209,37608,2526,63828,3290
0500000US06061,6061,"Placer County, California",2011,94614,3282,70800,3486,929,542,909,443,2780,917,5979,1402,21342,2343,27250,2925,11611,1660,23814,2215,2350,784,773,472,830,402,1528,572,4870,1146,9167,1610,4296,1111
0500000US06065,6065,"Riverside County, California",2011,451415,7857,337651,8577,6714,1575,19623,2130,46812,3684,61575,5377,93406,5933,85573,5326,23948,2978,113764,5528,20206,2398,15436,1892,14001,2124,13637,2033,22481,2535,18537,1942,9466,1883
0500000US06067,6067,"Sacramento County, California",2011,286161,6945,217036,6261,5002,1082,12810,1859,30951,2932,47275,3886,59675,3578,43472,3393,17851,2626,69125,3670,8519,1227,6267,1000,7662,1186,9498,1240,18464,2081,13366,1793,5349,996
0500000US06071,6071,"San Bernardino County, California",2011,381133,7803,292309,7745,9071,1692,30495,3847,42947,4451,44232,3865,75402,5481,68262,5076,21900,2820,88824,4403,18695,2251,12701,1939,8667,1534,12521,1692,15718,2275,15491,2262,5031,1165
0500000US06073,6073,"San Diego County, California",2011,565447,6512,427532,6778,5616,978,5625,1100,10439,1317,20694,2264,71675,3087,162073,5714,151410,5158,137915,4071,13638,1567,8773,1646,5263,937,6574,1147,16578,1621,46223,2557,40866,2655
0500000US06075,6075,"San Francisco County, California",2011,123681,4286,87602,4114,623,353,499,253,493,610,384,227,1552,590,12768,1449,71283,3710,36079,2878,378,216,951,419,330,228,38,63,2051,733,4703,865,27628,2575
0500000US06077,6077,"San Joaquin County, California",2011,124893,3875,92654,3663,2842,765,9458,1542,15393,1879,17935,2081,28108,2813,13901,1953,5017,1306,32239,2262,3976,906,3943,728,4840,883,5267,980,7013,1125,4442,869,2758,632
0500000US06079,6079,"San Luis Obispo County, California",2011,56773,2117,37595,1951,495,309,591,424,780,357,1166,438,5162,1030,14521,1550,14880,1560,19178,1592,2022,648,1647,654,692,351,815,392,2294,571,5277,1015,6431,1220
0500000US06081,6081,"San Mateo County, California",2011,150930,3851,111295,3709,694,447,868,421,551,339,1210,440,3087,756,18406,1963,86479,3005,39635,2154,1019,386,678,263,516,301,429,282,1540,489,6669,1233,28784,1916
0500000US06083,6083,"Santa Barbara County, California",2011,71387,2527,49518,2347,677,428,601,291,1850,475,3385,822,9041,1244,11765,1470,22199,1809,21869,1656,1631,592,1177,483,1107,398,1185,458,3360,788,3532,820,9877,1338
0500000US06085,6085,"Santa Clara County, California",2011,343742,4867,257329,5700,1765,579,3480,879,2813,953,5833,1264,13926,1700,59083,3483,170429,4267,86413,4469,4023,1013,5966,1113,1639,546,871,370,5807,1108,14855,1620,53252,3455
0500000US06087,6087,"Santa Cruz County, California",2011,54319,2402,38380,2463,206,193,608,373,484,359,809,387,5210,1188,9146,1407,21917,1989,15939,1488,442,257,975,441,322,225,1020,511,2364,768,3284,745,7532,1205
0500000US06089,6089,"Shasta County, California",2011,45256,1976,28355,2012,804,471,1316,510,3705,937,6577,1425,8565,1584,5533,1092,1855,544,16901,1352,3691,977,1628,511,1489,535,2924,737,3190,722,2295,715,1684,687
0500000US06095,6095,"Solano County, California",2011,85648,3209,65924,3447,916,463,2501,679,4741,1044,10167,1784,21148,2612,20326,2097,6125,1267,19724,1713,1409,555,985,409,2533,834,3161,708,5293,1134,4277,1029,2066,670
0500000US06097,6097,"Sonoma County, California",2011,107486,3552,77308,3439,768,481,1627,715,2242,775,2861,752,10892,1225,31685,2623,27233,2565,30178,2366,3297,682,1884,665,1292,623,746,404,3128,725,9883,1307,9948,1342
0500000US06099,6099,"Stanislaus County, California",2011,97147,3225,70083,3299,1524,601,8430,1393,19233,2154,15147,1861,15456,1940,7034,1307,3259,839,27064,2203,4345,857,3853,896,5176,868,4992,1093,4084,832,2724,811,1890,731
0500000US06101,6101,"Sutter County, California",2011,19872,1433,14799,1495,162,162,1117,437,3249,1027,3516,908,4671,1069,1569,630,515,328,5073,874,1141,587,578,360,962,425,701,309,1051,345,559,326,81,109
0500000US06107,6107,"Tulare County, California",2011,76347,2682,55841,2960,2106,713,8725,1222,15520,2028,12373,1804,9195,1404,5768,1154,2154,777,20506,1662,3808,924,2875,622,4026,835,4380,821,2602,757,1832,621,983,458
0500000US06111,6111,"Ventura County, California",2011,173534,3760,137331,3697,1512,682,1361,506,2909,925,4389,997,16998,1713,56250,3383,53912,2444,36203,2407,3397,738,2423,713,1299,488,779,405,5160,969,12301,1428,10844,1509
0500000US06113,6113,"Yolo County, California",2011,37802,2312,28085,2016,705,347,516,415,1861,801,3496,879,7737,1432,7851,1306,5919,1043,9717,1290,1311,524,460,308,883,583,1061,404,1499,452,2307,687,2196,713
0500000US06115,6115,"Yuba County, California",2011,13324,1267,9935,1271,516,304,797,350,2208,838,3809,896,1462,629,887,501,256,202,3389,806,491,221,722,366,778,411,527,246,176,212,536,425,159,190
0500000US06001,6001,"Alameda County, California",2012,286205,5284,216631,5040,1774,467,3115,766,5704,1087,9305,1410,27102,2598,66146,3582,103485,3486,69574,2779,4403,777,3039,678,2830,564,2544,740,6641,1100,21558,1686,28559,2118
0500000US06007,6007,"Butte County, California",2012,50752,2105,32873,1951,1015,314,3741,799,4846,1052,5906,1136,8711,1086,6564,1043,2090,582,17879,1548,4163,949,2353,671,1029,345,1905,634,3811,830,3757,830,861,349
0500000US06013,6013,"Contra Costa County, California",2012,244208,4892,188950,4823,2565,754,3569,789,11418,1614,15269,1660,34946,2424,47612,3131,73571,3392,55258,2983,4213,1008,2707,781,4195,917,4622,1043,8051,1275,12728,1548,18742,1796
0500000US06017,6017,"El Dorado County, California",2012,47733,1998,34327,2028,769,375,485,318,1297,584,2730,803,8718,1275,13888,1349,6440,964,13406,1223,1310,534,394,275,698,547,742,380,3128,758,4715,968,2419,658
0500000US06019,6019,"Fresno County, California",2012,150354,3479,108864,3381,2731,834,15173,1953,20668,1956,23486,2323,24622,1841,15898,1846,6286,1041,41490,2673,5223,902,6716,1211,7532,1199,5583,1003,8297,1124,6086,1034,2053,494
0500000US06023,6023,"Humboldt County, California",2012,28072,1613,18483,1623,449,325,509,335,971,495,1992,689,6316,1249,6514,1087,1732,558,9589,1137,820,361,835,399,517,321,1226,525,2282,631,2263,524,1646,639
0500000US06025,6025,"Imperial County, California",2012,26517,1836,16895,1759,416,297,2573,703,5150,1022,4497,1079,3371,908,759,459,129,121,9622,1292,2168,735,2682,750,1705,588,890,324,1278,505,789,351,110,108
0500000US06029,6029,"Kern County, California",2012,147900,3817,106199,3836,5091,936,20134,2099,25662,2602,20986,2156,21911,2523,9032,1462,3383,772,41701,2502,7362,1417,7575,1137,7951,1559,6374,1092,7045,1420,3951,918,1443,447
0500000US06031,6031,"Kings County, California",2012,19777,1547,14255,1299,131,123,2319,684,3150,733,3401,738,3674,792,1228,510,352,227,5522,855,968,393,941,328,1189,402,1068,509,1080,402,169,143,107,96
0500000US06033,6033,"Lake County, California",2012,15542,1557,9536,1552,587,283,2019,726,1662,567,2083,729,1301,477,1152,647,732,455,6006,1050,1640,585,1195,477,697,354,496,380,768,379,759,383,451,372
0500000US06037,6037,"Los Angeles County, California",2012,1481122,11896,1121835,11313,15659,1504,17456,1725,34632,2151,57615,2720,196532,6262,398670,8234,401271,7864,359287,6574,22372,1848,14940,1626,11624,1710,15775,1315,52499,3066,110725,4473,131352,4106
0500000US06039,6039,"Madera County, California",2012,24555,1669,16709,1707,412,303,2394,742,3039,856,4476,1051,4317,923,1570,666,501,275,7846,1074,1092,416,684,401,1449,594,1299,472,1385,549,1393,573,544,297
0500000US06041,6041,"Marin County, California",2012,63948,2193,45388,2349,377,242,519,287,305,243,728,465,1824,669,6215,1036,35420,2318,18560,1638,989,317,169,153,285,235,240,207,1482,606,2219,611,13176,1527
0500000US06045,6045,"Mendocino County, California",2012,18959,1278,10067,1151,329,297,586,546,551,293,894,420,2633,731,3554,801,1520,428,8892,1049,1090,524,254,182,539,326,929,445,1809,517,2361,716,1910,594
0500000US06047,6047,"Merced County, California",2012,40931,2532,30195,2247,645,344,6672,890,9118,1426,4764,1094,5239,965,2590,772,1167,440,10736,1221,1757,515,2526,623,1870,556,1271,520,1390,478,1285,339,637,339
0500000US06053,6053,"Monterey County, California",2012,60584,2594,43257,2585,838,370,1224,473,3173,721,5014,911,9950,1153,12364,1456,10694,1285,17327,1522,1521,539,714,369,1477,546,1357,471,3076,696,3724,740,5458,817
0500000US06055,6055,"Napa County, California",2012,29220,1412,20187,1523,234,169,367,251,421,245,812,317,2922,724,8138,1077,7293,1048,9033,884,770,308,826,306,377,183,568,261,1003,408,2831,625,2658,574
0500000US06057,6057,"Nevada County, California",2012,29567,1721,18485,1590,299,224,211,152,737,404,2099,708,4659,1188,6765,1190,3715,928,11082,1282,1089,465,226,226,641,492,586,378,2778,732,3286,879,2476,695
0500000US06059,6059,"Orange County, California",2012,565956,6120,421483,6179,4419,976,5562,1199,6330,1107,10926,1791,36201,2742,144131,5174,213914,5493,144473,4170,10719,1260,6291,1114,4766,920,5183,953,13359,1536,42455,2644,61700,3044
0500000US06061,6061,"Placer County, California",2012,92455,2507,68641,2926,1232,466,1032,446,1818,620,6464,1209,19294,1896,25736,2051,13065,1571,23814,1876,2209,663,1108,482,974,379,1687,569,6109,1103,7323,909,4404,1046
0500000US06065,6065,"Riverside County, California",2012,442164,7580,325771,7640,7161,1225,20463,1933,42370,2798,59142,3885,93660,4663,79783,3893,23192,2285,116393,4057,26131,1898,12498,1281,13170,1413,14979,1386,22334,2363,17699,1785,9582,1269
0500000US06067,6067,"Sacramento County, California",2012,289227,4852,221612,4903,4053,716,12140,1330,34260,2584,48424,3231,61243,3565,45500,2628,15992,1897,67615,2866,8707,1018,6099,896,9833,1227,9409,1109,15556,1799,12467,1348,5544,1053
0500000US06071,6071,"San Bernardino County, California",2012,360060,6921,274681,6021,7159,1116,25146,2302,42350,3360,46902,3360,71026,3835,61550,3514,20548,1799,85379,3542,18086,1690,11528,1459,11018,1547,12193,1543,15716,1846,11052,1534,5786,1023
0500000US06073,6073,"San Diego County, California",2012,573530,6642,429578,7221,6464,1089,6460,1220,12685,1434,22105,1957,69089,3909,173795,4976,138980,5440,143952,4180,16471,1674,9070,1410,5410,1066,5778,1032,21658,1832,44138,2185,41427,2634
0500000US06075,6075,"San Francisco County, California",2012,124739,4592,88407,3872,746,449,1242,665,401,208,342,228,1764,587,10935,1274,72977,3306,36332,2646,550,318,675,290,378,250,167,152,1082,489,6020,1202,27460,2276
0500000US06077,6077,"San Joaquin County, California",2012,121799,3621,89083,3470,2874,660,8284,1179,15027,1624,18420,1905,24686,2047,15114,1898,4678,1076,32716,2200,5180,1104,4690,869,4425,728,5543,909,5534,924,4601,777,2743,835
0500000US06079,6079,"San Luis Obispo County, California",2012,56105,2277,37533,2272,425,276,886,582,890,364,936,393,6832,1212,13302,1696,14262,1459,18572,1472,1177,452,1769,659,724,369,1050,433,2831,767,4878,876,6143,994
0500000US06081,6081,"San Mateo County, California",2012,148728,3608,107218,3665,307,207,824,505,807,236,793,376,3115,828,19423,1808,81949,3079,41510,2234,2448,571,784,381,489,307,343,247,1248,498,5118,900,31080,2269
0500000US06083,6083,"Santa Barbara County, California",2012,73176,2449,49835,2294,465,293,1369,496,1478,544,5310,1096,9917,1384,9359,1329,21937,1934,23341,1847,2452,612,1962,781,597,294,901,390,2847,697,4125,881,10457,1294
0500000US06085,6085,"Santa Clara County, California",2012,344484,5421,255233,5805,2414,764,3367,835,2002,694,4169,948,15051,1643,59486,3100,168744,4653,89251,3675,6016,1049,5321,1003,1717,630,1331,532,3598,746,15229,1561,56039,2838
0500000US06087,6087,"Santa Cruz County, California",2012,52900,2407,38681,2537,451,303,776,419,873,417,536,365,3865,891,10506,1645,21674,1746,14219,1393,659,391,435,228,375,268,294,227,1068,438,3492,758,7896,1024
0500000US06089,6089,"Shasta County, California",2012,42265,1908,27251,1663,304,188,2181,612,4587,964,6157,1171,6542,1007,5795,1079,1685,465,15014,1123,2517,753,1640,497,1426,461,2032,556,2457,503,3474,734,1468,554
0500000US06095,6095,"Solano County, California",2012,83408,2784,64835,2634,964,309,2706,689,7758,1006,11507,1744,19753,1853,17407,1623,4740,954,18573,1508,2654,834,823,356,2410,618,3457,754,3684,714,3306,735,2239,752
0500000US06097,6097,"Sonoma County, California",2012,110476,3322,80697,2928,1983,545,938,362,2279,610,3603,792,13401,1613,35760,2452,22733,1786,29779,1878,4005,819,2018,465,1036,419,1385,448,3284,759,9018,1193,9033,1048
0500000US06099,6099,"Stanislaus County, California",2012,93081,2911,69968,2826,1359,482,8619,1267,20158,1967,15295,1877,14131,1692,7047,1104,3359,719,23113,1490,3455,875,4329,773,4130,692,3418,708,3644,739,2326,726,1811,489
0500000US06101,6101,"Sutter County, California",2012,18517,1200,12778,1307,389,248,1281,446,2653,787,3825,916,2489,644,1522,494,619,311,5739,839,629,402,728,304,1239,438,740,364,1419,468,572,255,412,240
0500000US06107,6107,"Tulare County, California",2012,75044,2700,52061,2960,1203,427,8045,1276,13266,1904,11923,1767,10904,1796,4000,1000,2720,869,22983,2086,2974,692,5633,1297,4026,923,3331,771,3694,933,2375,582,950,308
0500000US06111,6111,"Ventura County, California",2012,172028,3950,133540,3838,1530,687,1942,620,3903,925,3620,805,18411,1745,56020,3283,48114,2426,38488,1963,4106,819,2272,588,830,325,2095,613,4590,990,13073,1493,11522,1515
0500000US06113,6113,"Yolo County, California",2012,35683,1960,25818,1717,242,220,218,225,2095,688,3664,922,7603,1132,7163,1027,4833,752,9865,1178,1764,679,607,300,702,359,990,415,1557,539,1605,488,2640,654
0500000US06115,6115,"Yuba County, California",2012,14671,1122,10375,1159,49,86,1524,550,1859,556,2786,738,2920,849,857,434,380,359,4296,856,1024,428,898,479,705,331,341,251,618,309,177,173,533,315
0500000US06001,6001,"Alameda County, California",2013,288417,4698,217870,4957,4974,769,1617,550,3669,849,6196,1336,20852,2095,63686,3329,116876,3875,70547,3073,4206,894,3310,814,1499,431,2131,599,6393,1043,19437,1955,33571,2374
0500000US06007,6007,"Butte County, California",2013,48961,2379,30662,1997,1261,451,2341,690,4159,686,4513,776,8419,1248,7919,1395,2050,618,18299,1689,3924,734,1966,614,1352,434,2636,737,3686,817,3811,958,924,442
0500000US06013,6013,"Contra Costa County, California",2013,247289,4837,182194,4683,3861,947,2394,861,6066,1309,11965,1707,26763,2095,53276,2674,77869,3103,65095,3483,6314,1135,2028,670,3366,919,4053,925,10116,1500,15244,1557,23974,2361
0500000US06017,6017,"El Dorado County, California",2013,48749,2157,34055,2077,826,414,297,243,465,267,3356,893,6005,1144,14477,1810,8629,1458,14694,1660,1843,662,278,272,1192,644,1014,526,2941,794,4804,977,2622,617
0500000US06019,6019,"Fresno County, California",2013,152766,3755,108751,3449,3612,702,11275,1489,18677,1751,23446,2353,27804,2295,16284,1625,7653,1421,44015,2856,6435,1116,5492,927,6610,1212,7750,1271,8516,1145,6712,1108,2500,573
0500000US06023,6023,"Humboldt County, California",2013,28950,1391,17226,1397,477,286,271,225,979,413,2656,851,6200,1054,5368,881,1275,394,11724,1064,1794,563,756,329,451,255,1151,488,3191,797,3095,692,1286,517
0500000US06025,6025,"Imperial County, California",2013,25644,2032,15947,1862,352,246,2031,862,4414,1244,4592,1045,3738,1079,405,256,415,401,9697,1243,2704,604,1490,564,2038,746,1381,568,899,434,931,414,254,184
0500000US06029,6029,"Kern County, California",2013,137511,4443,96246,3999,4002,1094,15601,1996,19047,2316,19546,2252,23032,2249,11681,1612,3337,720,41265,2691,8223,1330,8743,1561,6343,1301,5894,1021,7413,1249,4106,838,543,303
0500000US06031,6031,"Kings County, California",2013,21090,1578,14699,1460,247,239,2247,718,3073,763,4392,877,3058,741,1090,444,592,468,6391,992,1213,516,863,420,1233,406,936,387,1106,543,753,297,287,212
0500000US06033,6033,"Lake County, California",2013,16595,1322,10145,1396,396,298,1088,489,2757,829,2074,769,1646,657,1352,533,832,512,6450,1099,1000,558,1639,611,376,207,891,414,1045,428,480,265,1019,484
0500000US06037,6037,"Los Angeles County, California",2013,1477894,14280,1097561,13495,27986,2430,14977,1703,27495,2115,43264,2833,163584,5418,398424,9379,421831,8320,380333,6735,31833,2251,14794,1474,9409,1350,13283,1408,44527,2604,119870,4429,146617,4212
0500000US06039,6039,"Madera County, California",2013,25570,1786,17072,1785,164,188,3092,906,3670,900,3086,920,3551,729,2778,727,731,361,8498,1102,962,450,1074,538,1080,606,2086,674,1134,500,1323,506,839,484
0500000US06041,6041,"Marin County, California",2013,67526,2327,48916,2497,818,506,279,198,162,153,576,336,1389,586,5333,1156,40359,2359,18610,1717,981,477,666,365,323,227,318,215,651,332,2141,696,13530,1407
0500000US06045,6045,"Mendocino County, California",2013,19271,1571,11236,1519,419,279,108,131,939,460,1089,547,3069,943,3730,885,1882,738,8035,1173,877,439,1255,683,273,208,554,257,1171,459,2036,579,1869,558
0500000US06047,6047,"Merced County, California",2013,40650,2025,27417,1987,996,471,4826,1170,7360,1264,5820,1051,4013,1052,2930,690,1472,640,13233,1407,2426,655,2445,786,2732,733,2406,825,1549,612,1056,396,619,258
0500000US06053,6053,"Monterey County, California",2013,61919,2274,42942,2515,845,311,663,297,2305,816,3659,839,9075,1522,12529,1511,13866,1554,18977,1407,1437,524,1152,461,817,279,1109,497,2229,635,5254,1034,6979,1001
0500000US06055,6055,"Napa County, California",2013,29568,1564,21978,1439,742,281,351,218,356,225,838,374,2613,549,7891,1025,9187,1043,7590,1081,872,351,854,304,318,212,240,196,945,342,1637,476,2724,592
0500000US06057,6057,"Nevada County, California",2013,28215,1601,18435,1515,622,359,173,197,343,217,1290,644,4949,1162,7187,1339,3871,834,9780,1460,802,426,141,113,74,81,1035,502,2117,781,3303,905,2308,765
0500000US06059,6059,"Orange County, California",2013,577242,6926,423346,6902,10235,1280,4462,1062,5200,1028,6584,1753,25329,2260,129022,4946,242514,6379,153896,4878,13374,1577,7557,1148,4617,943,4939,1061,10054,1381,39010,2535,74345,3415
0500000US06061,6061,"Placer County, California",2013,92391,2806,68275,2837,1714,466,605,415,1436,617,4245,867,14564,1538,29687,2246,16024,1796,24116,1678,2826,703,1022,417,665,412,910,525,4775,940,8999,1089,4919,973
0500000US06065,6065,"Riverside County, California",2013,442179,7433,325105,7712,13953,1817,14627,1818,33622,2892,51100,4059,91921,4799,91052,4032,28830,2746,117074,4306,25526,2351,12708,1736,10979,1479,14317,1930,20984,1554,21160,1830,11400,1451
0500000US06067,6067,"Sacramento County, California",2013,282206,5311,210444,5965,7228,1080,9440,1305,21903,1986,38481,3084,61004,3755,53339,3064,19049,1879,71762,3428,9487,1142,4763,883,7027,1066,10996,1257,15934,1794,16901,1573,6654,942
0500000US06071,6071,"San Bernardino County, California",2013,361591,5248,266470,5361,9470,1347,17979,1844,33643,3376,41010,2905,65806,3205,71759,3783,26803,2516,95121,3678,20745,2151,8687,1490,11192,1584,12084,1590,17852,2104,17321,2170,7240,1256
0500000US06073,6073,"San Diego County, California",2013,576985,6112,426725,7595,9360,1341,5176,1179,8221,1205,16805,2158,63882,3862,168850,6070,154431,5050,150260,4992,18706,2235,8013,1394,4556,1117,5859,1221,15772,2068,47840,2557,49514,2962
0500000US06075,6075,"San Francisco County, California",2013,127211,4092,86276,3943,1040,429,453,259,328,243,232,188,1464,525,8504,1238,74255,3773,40935,2193,1630,593,416,228,642,327,253,193,589,328,4258,867,33147,2134
0500000US06077,6077,"San Joaquin County, California",2013,119716,3216,86166,3549,3444,853,6175,1244,13156,1491,16623,2196,22126,2409,18813,2203,5829,1053,33550,2217,5461,914,4078,817,3494,662,4873,804,7215,1107,5474,1138,2955,651
0500000US06079,6079,"San Luis Obispo County, California",2013,59488,2158,40001,2386,1061,462,730,325,493,317,1261,517,5591,1218,16360,2124,14505,1826,19487,1645,2128,713,1061,635,500,302,627,294,1773,664,5166,869,8232,1240
0500000US06081,6081,"San Mateo County, California",2013,156006,3266,112831,3412,1983,606,742,291,764,384,723,334,2805,784,13388,1463,92426,3550,43175,2158,1552,490,742,342,427,290,252,216,1291,510,6073,1144,32838,1907
0500000US06083,6083,"Santa Barbara County, California",2013,73083,2839,49627,2754,1130,381,1369,566,1424,505,3181,659,9414,1462,10093,1351,23016,1592,23456,2207,3393,1094,1088,423,892,359,1009,420,3145,689,3497,811,10432,1472
0500000US06085,6085,"Santa Clara County, California",2013,346701,5514,250638,5458,4485,712,3075,817,2171,635,2826,974,7614,1298,46238,3028,184229,4323,96063,3315,7388,1200,4178,781,1309,590,2247,704,3572,869,13587,1375,63782,2672
0500000US06087,6087,"Santa Cruz County, California",2013,56426,2450,39692,2395,677,315,960,627,333,225,797,357,3600,889,12150,1685,21175,1817,16734,1522,958,404,999,533,413,274,438,268,1507,541,3316,701,9103,1262
0500000US06089,6089,"Shasta County, California",2013,42681,1855,27536,1823,1610,478,1385,612,3368,801,5781,1180,7910,1196,5902,843,1580,591,15145,1476,2858,710,1540,569,1621,499,1823,443,3579,676,2796,760,928,357
0500000US06095,6095,"Solano County, California",2013,84317,3067,63996,3008,2455,583,1158,471,4692,826,10956,1677,19139,1709,19017,1492,6579,963,20321,1815,2485,697,1339,617,2821,626,2711,602,4499,881,4637,881,1829,541
0500000US06097,6097,"Sonoma County, California",2013,110682,3513,77932,3300,2782,671,1180,573,998,473,2286,640,11264,1475,30644,2754,28778,2099,32750,2215,5425,1183,1879,658,988,543,771,302,3346,737,9491,1439,10850,1401
0500000US06099,6099,"Stanislaus County, California",2013,94674,2732,69062,2864,3359,785,7297,1258,14196,1710,14830,1980,16167,2190,10649,1311,2564,747,25612,1791,4206,780,2018,579,3530,799,5642,1156,4739,1083,3162,767,2315,543
0500000US06101,6101,"Sutter County, California",2013,18772,1353,12955,1422,466,236,685,343,2971,796,3195,797,3149,774,1655,570,834,376,5817,923,866,409,511,254,611,288,1278,398,1406,590,743,357,402,199
0500000US06107,6107,"Tulare County, California",2013,70872,2878,50936,2980,1322,481,6928,1092,12043,2136,11646,1776,10219,1632,7194,1792,1584,490,19936,1766,3877,859,3880,885,4054,988,1914,568,3244,730,1848,466,1119,512
0500000US06111,6111,"Ventura County, California",2013,168134,3661,127156,3490,2973,685,1765,636,1491,663,1874,630,15263,1984,50356,2952,53434,2661,40978,2562,3510,804,3025,687,1466,529,1049,383,4949,969,14179,1909,12800,1104
0500000US06113,6113,"Yolo County, California",2013,34816,1715,24845,1781,821,566,156,160,1312,570,2385,700,5575,1134,8914,1291,5682,857,9971,1269,995,463,739,376,808,404,647,296,1664,518,2648,711,2470,671
0500000US06115,6115,"Yuba County, California",2013,14230,1178,9869,1344,480,327,1315,592,1827,619,2591,716,2286,785,1073,557,297,258,4361,953,809,535,727,405,815,467,477,297,580,420,841,428,112,114
