Id,Id2,Geography,Year,Estimate; Total:,Margin of Error; Total:,Estimate; With cash rent:,Margin of Error; With cash rent:,Estimate; With cash rent: - Less than $100,Margin of Error; With cash rent: - Less than $100,Estimate; With cash rent: - $100 to $149,Margin of Error; With cash rent: - $100 to $149,Estimate; With cash rent: - $150 to $199,Margin of Error; With cash rent: - $150 to $199,Estimate; With cash rent: - $200 to $249,Margin of Error; With cash rent: - $200 to $249,Estimate; With cash rent: - $250 to $299,Margin of Error; With cash rent: - $250 to $299,Estimate; With cash rent: - $300 to $349,Margin of Error; With cash rent: - $300 to $349,Estimate; With cash rent: - $350 to $399,Margin of Error; With cash rent: - $350 to $399,Estimate; With cash rent: - $400 to $449,Margin of Error; With cash rent: - $400 to $449,Estimate; With cash rent: - $450 to $499,Margin of Error; With cash rent: - $450 to $499,Estimate; With cash rent: - $500 to $549,Margin of Error; With cash rent: - $500 to $549,Estimate; With cash rent: - $550 to $599,Margin of Error; With cash rent: - $550 to $599,Estimate; With cash rent: - $600 to $649,Margin of Error; With cash rent: - $600 to $649,Estimate; With cash rent: - $650 to $699,Margin of Error; With cash rent: - $650 to $699,Estimate; With cash rent: - $700 to $749,Margin of Error; With cash rent: - $700 to $749,Estimate; With cash rent: - $750 to $799,Margin of Error; With cash rent: - $750 to $799,Estimate; With cash rent: - $800 to $899,Margin of Error; With cash rent: - $800 to $899,Estimate; With cash rent: - $900 to $999,Margin of Error; With cash rent: - $900 to $999,"Estimate; With cash rent: - $1,000 to $1,249","Margin of Error; With cash rent: - $1,000 to $1,249","Estimate; With cash rent: - $1,250 to $1,499","Margin of Error; With cash rent: - $1,250 to $1,499","Estimate; With cash rent: - $1,500 to $1,999","Margin of Error; With cash rent: - $1,500 to $1,999","Estimate; With cash rent: - $2,000 or more","Margin of Error; With cash rent: - $2,000 or more",Estimate; No cash rent,Margin of Error; No cash rent
0500000US06001,6001,"Alameda County, California",2005,222606,6934,215706,7014,344,232,866,548,1252,918,3239,826,3011,1144,1439,541,1945,723,1986,683,3878,1107,2885,924,3877,1097,5368,1582,6602,1579,6014,1619,6838,1231,22842,3244,22544,2779,51239,3840,32220,3482,26104,2878,11213,2164,6900,1569
0500000US06007,6007,"Butte County, California",2005,35629,2310,33940,2271,105,163,397,372,976,1238,584,289,428,269,683,446,923,640,1094,530,1226,587,1179,650,1850,658,2307,745,2725,924,2434,818,3028,1138,4199,1069,3221,1250,3705,938,1986,714,611,322,279,230,1689,691
0500000US06013,6013,"Contra Costa County, California",2005,105897,5176,102158,5096,133,166,312,335,1226,698,1142,582,1770,764,427,254,1914,1152,1083,629,1098,595,628,431,1029,629,1805,839,1643,705,1622,562,2490,862,9699,1985,12256,2097,22325,3029,15689,2257,16695,2778,7172,1728,3739,1332
0500000US06017,6017,"El Dorado County, California",2005,16914,1994,16356,1988,0,293,66,108,0,293,0,293,365,315,145,232,142,172,0,293,230,248,981,822,339,256,1037,1085,213,196,778,551,250,179,1488,616,2123,1026,3509,1178,1872,913,2133,854,685,487,558,422
0500000US06019,6019,"Fresno County, California",2005,116340,4515,109776,4548,325,259,655,464,567,363,2016,685,1793,656,1510,603,4753,1292,4254,1092,4498,1002,6287,1391,7872,1366,10639,2358,7650,1613,10843,2412,6217,1639,12177,2002,9188,1891,10617,1845,4119,1357,2942,1287,854,398,6564,1448
0500000US06023,6023,"Humboldt County, California",2005,22499,1453,21500,1503,0,293,44,74,45,76,218,156,632,328,352,333,646,359,1209,597,1083,425,1913,757,2974,949,1754,616,1518,559,1861,777,1601,693,1267,606,1006,458,1997,785,936,580,399,343,45,73,999,416
0500000US06025,6025,"Imperial County, California",2005,18943,1820,17877,1722,62,104,237,281,394,366,1028,569,918,565,628,381,984,563,1423,672,659,475,2010,792,1071,634,1143,620,1221,614,1272,713,930,619,851,499,662,417,1401,691,624,548,301,358,58,99,1066,523
0500000US06029,6029,"Kern County, California",2005,86245,4612,80588,4481,0,293,275,213,199,184,967,677,1885,802,724,470,3933,1845,4802,1449,5755,1482,5097,1144,8558,2344,6452,1366,6396,1440,4783,1505,5426,1533,5911,1361,5400,1289,8238,1777,3651,1151,1818,837,318,230,5657,1262
0500000US06031,6031,"Kings County, California",2005,16777,1419,14590,1461,0,293,44,71,327,334,498,438,312,231,352,269,489,353,618,457,865,490,978,477,878,537,723,394,1642,660,853,473,1296,620,1409,613,1029,641,1151,572,536,370,590,442,0,293,2187,688
0500000US06037,6037,"Los Angeles County, California",2005,1621543,17621,1579038,17741,3214,1471,3721,1057,7542,1692,25891,3101,13549,1999,12892,2406,16557,2798,22698,2927,31221,3415,46328,4812,56076,5175,66544,5916,78313,6300,83002,5538,92604,6348,197539,9499,172976,8168,283709,11016,164460,8212,135504,6904,64698,4539,42505,3514
0500000US06039,6039,"Madera County, California",2005,13217,1794,12019,1704,0,293,0,293,174,197,506,306,223,243,132,219,0,293,298,247,1464,748,714,461,956,605,1097,631,2014,842,553,396,452,305,1343,794,1312,743,635,426,88,143,58,116,0,293,1198,608
0500000US06041,6041,"Marin County, California",2005,35140,2595,33961,2566,0,293,82,133,0,293,340,276,569,462,401,241,100,117,295,289,279,433,445,530,275,291,303,302,32,55,379,264,365,307,1350,680,1775,764,6624,1554,5831,1334,8468,1640,6048,1802,1179,586
0500000US06045,6045,"Mendocino County, California",2005,13059,1582,11716,1539,24,36,246,322,122,167,356,307,237,221,252,237,62,87,156,161,349,314,352,269,612,366,988,579,471,371,1520,871,799,499,1322,768,1243,480,1717,903,469,386,360,267,59,103,1343,660
0500000US06047,6047,"Merced County, California",2005,29284,2274,26757,2181,0,293,186,244,365,243,403,292,305,255,672,478,251,182,1306,681,1635,668,1334,634,2860,996,812,497,2173,820,1215,623,2029,748,2299,690,2631,830,3821,1159,1824,870,584,474,52,89,2527,824
0500000US06053,6053,"Monterey County, California",2005,54966,2943,52509,2909,104,170,107,180,182,300,1449,788,911,529,124,151,458,404,451,397,907,493,410,382,1283,622,1820,756,1249,850,1861,727,2611,1276,5690,1252,6311,1577,9746,1568,5720,1641,6894,1722,4221,965,2457,812
0500000US06055,6055,"Napa County, California",2005,15879,1681,15478,1656,0,293,0,293,0,293,163,142,0,293,0,293,102,127,269,282,354,346,138,184,115,116,28,49,536,444,444,395,731,648,1089,600,2898,898,2817,784,2301,1025,2535,923,958,505,401,271
0500000US06059,6059,"Orange County, California",2005,368878,8059,357571,7829,192,194,96,112,402,297,4298,1312,1869,797,2104,1074,1094,563,2382,851,1357,630,1877,632,2212,831,3223,1095,5363,1445,5126,1642,6259,1214,22895,2842,34480,3350,90223,5154,77203,5872,68135,4938,26781,2525,11307,1997
0500000US06061,6061,"Placer County, California",2005,33722,3014,32639,2897,0,293,0,293,317,460,380,339,602,487,341,270,0,293,16,27,492,362,449,399,681,431,597,397,1048,647,1617,765,942,485,3353,1244,4291,1383,7215,1395,4581,1213,4587,1196,1130,453,1083,412
0500000US06065,6065,"Riverside County, California",2005,188839,7217,180402,7344,111,139,840,1013,799,574,1995,693,1922,661,1889,670,2804,919,4522,1600,3825,1425,4543,1296,4500,1219,8642,2453,8181,1578,9206,1880,9266,1878,22327,2777,17686,2295,33525,3473,19720,2789,18771,3030,5328,1280,8437,1870
0500000US06067,6067,"Sacramento County, California",2005,194871,5989,189430,6051,1020,1182,589,398,1703,1186,2757,969,1593,711,2026,1330,2096,1081,1596,665,3022,846,2607,971,6018,1644,8748,1640,10309,2094,13159,2115,16702,2910,31272,3267,20773,3032,31289,2965,17615,2288,12082,2185,2454,866,5441,1316
0500000US06071,6071,"San Bernardino County, California",2005,205157,7467,194172,7431,75,88,1114,922,1007,1037,2485,1162,2007,838,1945,1162,2093,707,3285,961,2781,849,6739,1702,7644,1772,10288,1972,9524,1895,9030,1700,11396,2450,25890,3571,21762,3211,37835,3951,16720,2544,16769,2290,3783,1097,10985,2359
0500000US06073,6073,"San Diego County, California",2005,434683,8540,419470,9026,208,205,438,273,1252,565,5837,1157,2221,628,1362,549,2311,737,4322,1364,4014,1319,5413,1408,4728,1575,7646,1326,13624,2267,16907,2423,19536,2924,46278,3378,48511,4019,87609,4906,53796,3783,64783,5672,28674,3611,15213,2346
0500000US06075,6075,"San Francisco County, California",2005,199796,4863,193425,5159,481,444,1115,627,1152,489,8130,1662,3786,1267,2822,932,2692,862,4663,1253,3008,1000,3383,961,5011,1406,5175,1196,4915,1116,6137,1262,5439,1046,11453,1677,13301,2184,29742,3253,25019,2597,32753,2515,23248,2279,6371,1378
0500000US06077,6077,"San Joaquin County, California",2005,76824,3971,73230,4013,86,106,112,131,808,756,944,604,957,526,479,344,1427,630,1450,656,1385,617,1806,722,3198,912,3577,986,5016,1427,4751,1271,4457,1071,11612,2245,8082,1582,11689,1960,5288,1171,4804,1248,1302,470,3594,1057
0500000US06079,6079,"San Luis Obispo County, California",2005,37919,2796,35230,2649,0,293,0,293,183,196,78,128,161,158,0,293,115,183,575,422,594,434,1282,654,342,287,722,454,845,391,2660,1139,2371,1122,4001,1166,3616,893,5218,1364,5329,1370,5203,1553,1935,910,2689,1125
0500000US06081,6081,"San Mateo County, California",2005,95555,3994,92952,4035,279,338,169,204,445,408,623,368,225,241,371,292,651,439,395,279,169,141,767,470,568,395,443,269,567,448,2639,1344,1599,786,6698,1722,6883,1261,21237,3018,17899,2195,19227,2737,11098,1620,2603,776
0500000US06083,6083,"Santa Barbara County, California",2005,58174,3149,54985,3143,116,100,184,245,0,293,1220,589,663,384,585,338,264,196,678,412,601,416,615,403,839,440,1105,480,862,424,1731,706,1636,567,6572,1660,5931,1377,8055,1452,6942,1625,10464,1762,5922,1284,3189,912
0500000US06085,6085,"Santa Clara County, California",2005,230742,6959,223544,6656,134,160,174,206,468,318,2865,879,844,523,878,435,1968,1167,1649,662,1324,619,1744,642,2234,1111,1760,638,2690,1132,4044,1117,6749,1876,20740,3316,20392,2571,49183,3173,38773,3800,41135,3882,23796,3061,7198,1951
0500000US06087,6087,"Santa Cruz County, California",2005,37400,2293,35752,2250,0,293,0,293,433,413,578,343,407,433,248,245,461,372,62,106,619,379,1010,566,973,536,450,307,822,549,833,574,753,412,2301,904,2759,807,6410,1390,6920,1472,5938,1146,3775,899,1648,791
0500000US06089,6089,"Shasta County, California",2005,23166,1885,22425,1905,0,293,233,364,625,659,200,169,725,614,894,503,516,337,143,200,1329,666,1801,858,1060,448,1157,435,1045,421,1034,598,2069,829,3030,875,2104,800,3001,910,873,469,337,263,249,333,741,345
0500000US06095,6095,"Solano County, California",2005,44550,2972,42489,2977,61,103,106,124,169,125,1182,741,109,105,390,347,332,310,360,242,585,409,236,310,345,284,607,432,1280,996,1192,624,1075,472,3408,1018,5736,1640,10556,1930,6417,1253,6353,1426,1990,727,2061,795
0500000US06097,6097,"Sonoma County, California",2005,63728,3663,61494,3756,114,115,116,141,220,185,1060,454,584,331,1164,1050,467,268,893,649,421,388,419,245,1325,718,728,469,1207,575,1547,658,2604,1268,7165,1823,6859,1590,12081,2023,7669,1284,10257,2134,4594,1660,2234,623
0500000US06099,6099,"Stanislaus County, California",2005,57506,3476,53615,3216,83,137,105,132,87,108,1199,837,468,366,781,467,921,891,658,378,968,487,1292,645,3462,1075,3652,1080,4385,1331,4212,1419,3923,1439,5794,1265,4972,1161,9478,1695,4939,1597,1864,668,372,259,3891,1233
0500000US06101,6101,"Sutter County, California",2005,10166,1143,9368,1186,0,293,204,327,0,293,25,42,563,432,0,293,219,217,289,241,373,218,469,291,706,452,813,353,757,424,436,257,537,420,948,635,689,443,1514,611,592,372,234,208,0,293,798,456
0500000US06107,6107,"Tulare County, California",2005,48378,2747,45488,2736,0,293,187,255,452,371,1557,616,933,466,1802,661,1901,648,2881,805,3960,1057,4167,1007,4436,1056,3271,835,3377,950,2224,825,2316,894,4655,1075,2919,1031,3156,1017,1007,612,94,111,193,163,2890,745
0500000US06111,6111,"Ventura County, California",2005,78525,4173,75006,4204,448,421,120,145,212,181,1495,951,628,491,721,442,419,428,1042,512,757,433,1331,1076,826,504,1611,651,1240,618,1482,855,2765,996,4503,1277,7193,1377,14808,2351,12780,1631,14920,2425,5705,1032,3519,921
0500000US06113,6113,"Yolo County, California",2005,29413,1963,28349,1953,259,301,0,293,249,331,497,354,50,88,211,255,341,313,413,336,270,258,272,236,659,415,941,600,1643,589,1817,695,1836,619,3028,951,4122,1051,4773,1043,2695,860,3329,1051,944,416,1064,690
0500000US06115,6115,"Yuba County, California",2005,9723,1538,7836,1534,0,293,120,110,9,17,144,148,0,293,0,293,783,602,209,252,1102,770,203,213,554,370,649,418,505,296,555,393,410,274,1182,622,213,212,566,400,632,456,0,293,0,293,1887,541
0500000US06001,6001,"Alameda County, California",2006,220508,5219,214417,5440,466,292,895,573,537,308,4198,1156,2812,829,1610,680,2000,622,3046,983,2942,1067,2594,874,2696,913,3863,946,5140,1181,7230,1356,7122,1280,20088,2380,21295,2508,49040,3555,33130,2389,29709,2830,14004,2415,6091,1139
0500000US06007,6007,"Butte County, California",2006,34302,2043,32863,2077,91,150,0,289,120,133,357,339,481,284,633,433,1011,555,788,462,1600,576,1501,630,1769,744,1404,540,2426,902,2759,992,2231,868,3087,943,2704,876,5405,1477,1866,641,2140,972,490,341,1439,677
0500000US06013,6013,"Contra Costa County, California",2006,100494,4660,96550,4467,207,342,331,395,787,470,1456,628,524,427,1126,606,617,403,784,449,964,539,991,489,1010,515,691,415,1361,516,1646,766,2132,802,7009,1358,9810,1754,23882,2191,15584,2208,15560,2450,10078,1787,3944,1287
0500000US06017,6017,"El Dorado County, California",2006,14011,1784,13468,1808,0,289,100,176,0,289,69,116,61,108,276,322,100,165,0,289,173,217,573,447,693,518,669,441,591,431,381,347,558,553,1139,710,1199,540,3728,1215,1775,738,1200,483,183,182,543,416
0500000US06019,6019,"Fresno County, California",2006,124893,3820,117937,3780,64,108,398,366,1163,722,2248,778,2635,875,3184,943,3196,1017,2789,772,4545,1116,7920,1641,7522,1400,7999,1572,8304,1569,9185,1685,9012,1427,13996,2208,9913,1666,12604,1987,6457,1290,4104,1068,699,384,6956,1288
0500000US06023,6023,"Humboldt County, California",2006,23909,1734,22222,1665,0,289,0,289,227,286,394,268,203,205,422,386,321,347,538,310,697,438,1842,757,1907,725,1638,840,2103,700,1402,565,1182,563,2518,834,1942,834,1742,732,1352,596,1577,763,215,255,1687,654
0500000US06025,6025,"Imperial County, California",2006,18008,2069,16769,2058,0,289,210,269,228,233,210,188,422,255,556,387,1140,670,751,584,905,490,779,488,1353,591,1710,777,1717,709,1679,772,766,467,734,391,1260,699,1228,850,974,674,147,143,0,289,1239,585
0500000US06029,6029,"Kern County, California",2006,90746,3920,86509,3799,200,204,289,310,569,350,865,492,1612,668,1472,682,3169,981,4621,1062,4725,1079,4630,1281,6738,1335,6661,1280,6293,1540,5694,1435,5724,1435,8286,1493,6230,1417,10692,1738,4929,1186,1909,581,1201,646,4237,1051
0500000US06031,6031,"Kings County, California",2006,17330,1614,14353,1592,0,289,0,289,149,195,133,153,113,184,79,91,301,304,490,304,1500,694,1323,577,1095,675,776,401,1130,598,1071,608,620,408,1861,847,1025,508,1982,763,362,294,238,202,105,123,2977,779
0500000US06037,6037,"Los Angeles County, California",2006,1607392,12498,1567880,12305,2744,854,3350,1024,4478,1035,22141,2152,15122,2183,11887,1621,10765,1456,17461,1894,23294,2543,29956,2614,42039,3143,50895,4104,63497,3680,80891,4622,83148,4584,180814,6787,176076,6481,314862,9471,181530,6873,167666,7162,85264,4835,39512,2676
0500000US06039,6039,"Madera County, California",2006,15988,2096,14993,1989,0,289,106,159,211,219,98,161,312,273,255,279,362,325,423,380,307,227,532,320,1278,720,655,485,743,368,1476,682,984,570,1256,622,1172,545,1906,783,2131,1055,786,527,0,289,995,502
0500000US06041,6041,"Marin County, California",2006,35072,2433,34154,2375,73,121,377,416,63,103,289,212,78,132,124,142,133,152,443,376,126,147,107,130,193,194,256,224,220,191,887,473,503,382,810,564,1522,696,6244,1357,6033,1261,9310,1183,6363,1379,918,429
0500000US06045,6045,"Mendocino County, California",2006,11740,1407,10487,1338,0,289,0,289,347,358,338,292,356,412,415,247,193,216,165,268,156,190,44,79,255,197,653,458,588,406,798,503,502,304,740,446,1319,546,1951,733,864,456,803,536,0,289,1253,488
0500000US06047,6047,"Merced County, California",2006,33267,2662,31103,2601,0,289,66,109,67,106,364,296,325,328,828,539,1029,623,431,401,1281,713,2428,917,2714,906,1560,726,1331,694,1797,685,2139,925,3730,1190,2445,847,4598,1297,3220,1183,617,461,133,187,2164,753
0500000US06053,6053,"Monterey County, California",2006,54884,2821,52450,2699,0,289,0,289,152,173,939,542,557,316,671,441,468,344,1106,619,907,523,544,352,938,584,1644,647,1929,758,1679,584,2202,829,5711,1101,6260,1388,10461,1408,6288,1333,6586,1604,3408,962,2434,796
0500000US06055,6055,"Napa County, California",2006,17939,1701,16483,1772,0,289,0,289,94,154,120,144,378,264,93,125,0,289,66,111,0,289,510,272,311,259,459,407,534,405,799,490,1166,690,1218,656,1633,698,3044,1031,2219,787,2438,881,1401,567,1456,664
0500000US06059,6059,"Orange County, California",2006,365593,7906,356951,7753,198,200,248,210,1030,605,4114,1197,1929,615,1883,656,1399,678,1297,663,675,302,2314,789,2079,737,1921,735,2168,703,5183,1362,4917,1218,18736,1978,26228,2882,82929,4259,74866,4971,79081,4472,43756,3380,8642,1436
0500000US06061,6061,"Placer County, California",2006,34062,2822,32785,2811,0,289,61,105,0,289,67,113,612,394,182,174,177,202,365,408,159,254,154,138,156,158,1357,709,458,294,1350,669,1254,704,3883,1269,4393,959,8277,1642,5143,1261,3726,1205,1011,600,1277,530
0500000US06065,6065,"Riverside County, California",2006,198403,5319,189810,5150,74,84,285,286,993,511,2293,809,827,409,1525,701,3373,944,3553,930,3922,1145,3798,1046,5453,1406,7638,1408,6671,1283,7252,1424,8528,1651,17387,2316,18786,2497,42647,3676,20088,2709,25360,3089,9357,1668,8593,1476
0500000US06067,6067,"Sacramento County, California",2006,194245,5916,188426,6078,223,240,619,372,1348,610,2817,843,1189,571,1670,631,1570,771,1797,708,3534,1040,3642,904,4413,1060,7977,1398,9535,1790,13913,2120,10252,1749,25921,2713,23728,2771,34080,3024,20129,2510,15777,2149,4292,1166,5819,1190
0500000US06071,6071,"San Bernardino County, California",2006,199393,6371,192293,6085,290,290,508,482,164,197,2609,785,1122,497,1783,737,2653,834,1898,719,3603,1155,4270,1181,5206,1264,6134,1369,7269,1616,9607,1721,10640,1913,22064,2333,25257,2599,38846,2826,20841,2500,21058,2425,6471,1364,7100,1403
0500000US06073,6073,"San Diego County, California",2006,440377,8456,425740,7978,540,383,549,313,1088,640,4241,961,3348,946,2437,762,2410,907,3123,875,3299,980,4665,1086,4856,1098,7706,1449,11200,1349,14444,1997,17746,2364,40543,3140,44577,3531,88053,4767,62578,3640,72329,4352,36008,3644,14637,1812
0500000US06075,6075,"San Francisco County, California",2006,195835,4469,189827,4601,609,503,1248,705,977,462,6390,1382,3583,1101,4213,1137,1848,731,3430,974,3691,1037,2860,948,2958,866,4774,1286,5546,1219,5180,1457,4723,1081,11326,1618,10714,1396,29943,2821,25000,2768,33313,3144,27501,2426,6008,1246
0500000US06077,6077,"San Joaquin County, California",2006,77981,3549,73696,3316,150,240,0,289,216,247,837,407,868,503,705,379,913,514,1510,676,1149,570,2551,983,2575,855,3595,1073,4794,1346,3855,1153,5154,1442,9055,1742,9051,1452,10861,1605,7335,1585,7293,1289,1229,611,4285,1184
0500000US06079,6079,"San Luis Obispo County, California",2006,41353,2514,38276,2534,0,289,0,289,112,135,371,282,597,518,0,289,543,490,336,311,360,270,1127,647,574,358,1586,661,2475,877,1041,557,1782,801,3388,1162,3417,963,8205,1421,6575,1340,4988,1597,799,540,3077,1074
0500000US06081,6081,"San Mateo County, California",2006,92730,3536,90174,3339,87,141,59,92,619,397,532,381,566,433,166,194,155,152,592,458,374,301,881,631,216,186,595,498,1230,623,809,483,1311,740,4051,965,7400,1288,19537,2585,19089,2393,17022,2327,14883,1640,2556,1073
0500000US06083,6083,"Santa Barbara County, California",2006,65741,2439,62479,2478,0,289,121,156,157,154,1129,549,644,305,490,338,493,330,746,416,557,358,609,480,654,439,895,455,1643,617,1673,626,2497,809,4914,1179,7014,1402,11604,1581,9676,1663,10540,2014,6423,1115,3262,693
0500000US06085,6085,"Santa Clara County, California",2006,230620,5831,223641,5749,113,130,212,230,488,336,3428,1024,1603,678,1259,605,1152,469,1364,531,1295,446,2849,990,1677,616,2538,900,1762,750,3377,1159,5605,1132,16927,2148,17148,2051,55148,3103,37994,3035,43947,3422,23755,2564,6979,1248
0500000US06087,6087,"Santa Cruz County, California",2006,37332,2695,35586,2712,139,216,0,289,0,289,476,307,375,267,635,500,858,464,527,385,585,554,271,324,647,431,1231,720,322,273,552,446,832,447,2657,909,2090,677,8318,1399,5028,1280,6740,1408,3303,996,1746,727
0500000US06089,6089,"Shasta County, California",2006,23496,2071,22655,2126,63,124,365,495,58,97,170,140,298,186,250,199,227,185,492,431,882,571,972,497,1605,865,1752,791,2585,894,1905,629,937,601,3655,1282,1976,792,2239,994,1983,919,176,211,65,110,841,500
0500000US06095,6095,"Solano County, California",2006,46838,2676,43651,2482,78,130,34,57,238,166,607,381,965,507,436,431,335,289,547,391,379,282,524,363,280,244,509,352,1018,482,1243,529,1633,747,3885,1012,6029,1204,10666,1512,4785,1047,7303,1476,2157,868,3187,891
0500000US06097,6097,"Sonoma County, California",2006,64350,2921,61064,2993,67,109,66,109,275,262,933,448,687,398,375,436,357,352,245,183,217,188,642,445,1151,452,1034,549,1368,684,1776,717,2273,991,6850,1448,5080,963,13162,1889,9261,1574,12552,2036,2693,917,3286,799
0500000US06099,6099,"Stanislaus County, California",2006,57700,3023,55266,2945,338,389,52,86,162,123,493,275,839,470,938,568,836,485,1289,572,1185,574,1620,567,3196,937,2398,860,3976,979,3427,1024,4703,1380,6196,1460,4639,1133,10157,1782,5476,1406,2998,980,348,197,2434,666
0500000US06101,6101,"Sutter County, California",2006,10804,1304,10347,1240,0,289,19,34,0,289,0,289,306,401,691,405,140,154,176,161,174,167,462,247,769,503,593,277,854,569,602,445,351,266,1374,487,934,500,1163,662,1364,556,321,283,54,92,457,376
0500000US06107,6107,"Tulare County, California",2006,49383,2765,45660,2658,272,204,226,253,103,108,760,359,1491,731,1161,563,1976,673,2919,875,3357,1012,2652,750,3159,728,4691,1193,2682,1108,3022,850,3233,846,3024,1039,4113,1140,3970,1093,1393,635,1021,444,435,350,3723,962
0500000US06111,6111,"Ventura County, California",2006,81132,3647,77722,3473,127,148,63,104,428,253,1414,716,937,543,961,553,607,347,986,506,841,467,850,595,1169,508,1234,530,1332,644,1353,718,2597,940,4070,878,4062,979,14220,1637,14993,1982,17009,2348,8469,1641,3410,857
0500000US06113,6113,"Yolo County, California",2006,30047,1600,29105,1570,0,289,0,289,0,289,437,423,294,356,341,298,446,304,721,552,545,446,791,580,1868,821,1394,784,842,427,977,490,2368,1035,3891,1354,3618,870,3304,782,3233,805,2622,851,1413,829,942,442
0500000US06115,6115,"Yuba County, California",2006,10875,1297,8390,1406,0,289,0,289,0,289,71,83,184,194,401,328,404,339,437,378,634,549,483,358,307,218,1090,542,551,401,347,246,534,405,247,254,1073,518,1100,667,238,211,157,172,132,235,2485,967
0500000US06001,6001,"Alameda County, California",2007,221400,5963,214513,5788,216,185,586,331,1089,497,4483,1205,2455,817,2046,710,1520,663,2134,629,1872,596,2614,863,2169,741,3776,1143,4599,1258,6869,1276,7412,1458,20185,2440,22886,2149,46245,3090,30807,3008,32588,2397,17962,2065,6887,1494
0500000US06007,6007,"Butte County, California",2007,35291,2080,33585,1945,0,292,39,70,182,288,654,644,1046,694,195,279,426,365,859,484,1524,796,1386,767,2070,790,1134,563,2417,1017,2187,798,2081,719,3362,1022,4880,1608,3863,1005,3286,948,1484,623,510,451,1706,599
0500000US06013,6013,"Contra Costa County, California",2007,105605,4007,102872,4089,229,259,536,426,648,472,1236,501,1394,770,1033,606,550,375,853,494,1108,774,938,512,1337,667,1184,685,1774,770,1348,575,2436,837,6976,1412,11224,2346,19589,2501,18268,2086,18810,2205,11401,1768,2733,702
0500000US06017,6017,"El Dorado County, California",2007,18552,1993,18193,1921,0,292,45,75,98,87,368,404,137,130,239,377,133,195,297,289,0,292,319,327,850,616,754,438,1108,688,829,586,805,669,1776,815,2049,771,3737,1055,768,458,3168,1082,713,366,359,271
0500000US06019,6019,"Fresno County, California",2007,123486,4539,118061,4570,219,186,669,416,1339,611,1416,590,1624,502,2126,728,3203,1193,2703,1003,3195,841,4624,1111,6288,1382,7348,1557,8390,1432,8929,1370,8990,2053,14538,2190,9329,1919,18260,2421,8956,1802,4678,1071,1237,447,5425,990
0500000US06023,6023,"Humboldt County, California",2007,21388,1855,18997,1684,98,99,68,113,50,83,97,111,440,280,163,159,180,188,633,412,842,477,1412,527,403,249,1440,781,1624,612,832,475,1310,615,1694,559,1602,662,2875,886,2003,892,1040,624,191,212,2391,918
0500000US06025,6025,"Imperial County, California",2007,23538,1917,22503,1980,0,292,79,97,373,294,943,586,1364,659,1277,679,567,426,503,297,1871,941,1640,733,2158,936,1569,645,1682,692,1009,540,1502,782,1423,725,1346,749,1909,872,1066,585,222,334,0,292,1035,445
0500000US06029,6029,"Kern County, California",2007,91840,4071,87085,4010,0,292,0,292,136,113,718,359,908,460,1692,686,2072,839,3811,1051,3092,1098,5563,1300,5196,1240,4981,1079,8092,1812,6382,1415,5622,1275,9468,1920,6453,1192,9699,1548,8100,1415,3744,1085,1356,681,4755,1135
0500000US06031,6031,"Kings County, California",2007,15479,1414,13381,1504,0,292,0,292,305,331,353,270,166,199,154,171,343,401,824,527,1047,669,438,280,261,213,1024,512,1398,682,1203,614,325,267,1310,611,661,366,2021,747,1243,654,189,244,116,175,2098,665
0500000US06037,6037,"Los Angeles County, California",2007,1623435,14196,1584203,14435,2824,822,1820,660,4548,1223,22142,2022,17230,2013,10278,1662,13666,2107,16878,2481,20734,2526,28110,2940,31463,2854,42757,3082,54225,3405,66888,4099,75226,4630,165808,5860,173726,7789,306144,8500,212312,7746,203352,7993,114072,5698,39232,3109
0500000US06039,6039,"Madera County, California",2007,16321,1792,14841,1841,0,292,108,186,344,476,274,253,641,688,226,191,398,337,272,239,835,495,198,215,696,393,1025,555,1569,521,634,397,1120,633,1473,588,1716,735,1594,875,1137,659,387,342,194,231,1480,608
0500000US06041,6041,"Marin County, California",2007,34803,2294,33453,2359,0,292,315,352,56,94,265,286,556,374,0,292,70,116,350,340,97,167,373,417,388,272,305,317,291,251,343,312,149,131,1221,625,607,360,7052,1219,6387,1193,8133,1339,6495,1259,1350,576
0500000US06045,6045,"Mendocino County, California",2007,12182,1595,11638,1578,172,278,78,120,0,292,124,149,353,411,88,104,551,514,517,361,55,95,404,341,133,171,399,270,889,522,403,351,794,526,1581,697,1346,700,1942,773,1209,693,551,442,49,85,544,311
0500000US06047,6047,"Merced County, California",2007,31692,2480,28996,2493,0,292,0,292,235,280,428,388,717,427,1008,626,282,215,1094,597,1489,672,1356,691,2827,1017,1729,758,1970,903,942,419,1044,575,3634,1110,3347,1104,4381,1197,1481,711,944,563,88,103,2696,733
0500000US06053,6053,"Monterey County, California",2007,61203,2997,58881,2923,0,292,0,292,119,147,559,423,922,667,275,242,618,453,365,224,658,465,1175,541,659,405,1025,511,1400,627,2453,917,2681,816,6529,1288,7422,1338,10579,1625,8388,1425,9017,1508,4037,935,2322,720
0500000US06055,6055,"Napa County, California",2007,16768,1452,15767,1399,0,292,52,85,62,102,98,121,109,135,282,244,165,191,211,295,241,356,111,143,363,371,159,263,735,391,681,450,371,347,1453,673,1216,555,2594,957,3197,1034,2529,820,1138,644,1001,434
0500000US06059,6059,"Orange County, California",2007,364220,6109,354158,5926,85,100,119,189,797,493,3215,947,1753,690,1674,592,879,400,2160,704,1588,721,1635,651,1551,667,2516,959,3067,980,3999,1042,4515,912,12444,1994,25228,2528,73416,4344,74969,4120,88703,4495,49845,3365,10062,1808
0500000US06061,6061,"Placer County, California",2007,37339,2430,35960,2405,0,292,79,124,146,124,96,114,554,483,248,230,137,159,288,261,50,85,514,346,1020,629,158,165,927,790,882,517,1885,856,2974,1046,5235,1331,7428,1765,6108,1357,4984,1185,2247,885,1379,526
0500000US06065,6065,"Riverside County, California",2007,197065,7188,189930,7206,50,82,413,316,903,539,1898,669,1770,723,2301,809,1869,800,2625,681,3676,1142,3887,1114,4036,1175,5796,1402,7495,1504,6468,1637,7898,1632,17591,2783,16522,2095,36926,3402,26521,3107,27497,2591,13788,2139,7135,1390
0500000US06067,6067,"Sacramento County, California",2007,195570,5174,190452,5313,585,481,626,489,1263,663,3151,965,1284,491,1645,802,1506,611,2054,708,2081,670,3067,795,2910,878,7303,1349,8838,1271,11754,1803,11779,2049,26259,2755,25396,2645,32282,3113,23857,2571,18896,2288,3916,919,5118,1087
0500000US06071,6071,"San Bernardino County, California",2007,206058,6270,197237,6233,217,180,616,442,339,232,1054,449,1371,508,1781,768,1084,416,2252,781,3090,972,3727,891,4322,1122,5885,1243,7676,1560,8642,1740,9762,1662,19821,2667,22291,2144,41064,3173,28780,2841,25806,3135,7657,1361,8821,1829
0500000US06073,6073,"San Diego County, California",2007,461022,7836,445823,7897,267,248,360,289,979,569,3918,936,4105,1202,2627,762,2248,798,3770,1015,4303,1166,4901,1193,5250,1117,6687,1479,9239,1665,13115,1848,16484,2538,38604,3547,46513,3317,88616,5172,67980,4491,79440,4837,46417,3113,15199,1986
0500000US06075,6075,"San Francisco County, California",2007,200138,4408,195086,4335,392,379,638,549,904,499,5559,1147,3437,933,2611,806,2159,785,3434,1038,5112,1215,3880,1027,4092,1203,4109,1090,3399,963,5734,1382,4799,1196,12026,2084,12832,1928,29238,2779,23538,2412,34790,3077,32403,2977,5052,1199
0500000US06077,6077,"San Joaquin County, California",2007,76331,4545,72513,4380,0,292,44,73,279,338,793,431,532,341,892,574,636,308,1583,581,1168,505,1916,784,3294,908,2750,946,3373,923,3697,1071,3929,1111,11246,2134,6590,1559,13706,2331,5859,1305,7488,1543,2738,914,3818,1052
0500000US06079,6079,"San Luis Obispo County, California",2007,44467,2602,41677,2309,59,99,0,292,44,73,124,133,583,489,291,211,240,326,428,495,762,575,794,596,927,514,904,532,1313,656,946,518,2297,1221,4612,1452,3781,1289,9618,1922,6094,1546,5693,968,2167,884,2790,1179
0500000US06081,6081,"San Mateo County, California",2007,95740,3668,92956,3518,150,236,70,111,252,188,195,187,0,292,551,462,95,154,324,227,244,199,67,110,558,461,1096,494,507,357,1060,504,1193,632,4028,1230,5305,1049,18865,2212,15252,1995,26499,2718,16645,2025,2784,964
0500000US06083,6083,"Santa Barbara County, California",2007,66045,2607,62183,2477,0,292,116,134,136,222,467,356,964,454,841,432,460,321,890,471,151,120,1040,454,947,519,1262,595,1305,564,1119,541,1239,536,5240,1428,4357,1051,12868,1876,8146,1545,12634,1853,8001,1357,3862,1060
0500000US06085,6085,"Santa Clara County, California",2007,227777,6319,222134,6392,499,366,215,213,272,172,2090,744,2030,737,804,414,1993,829,2806,850,1450,559,1790,745,2477,693,2608,713,3016,1091,4241,1030,4495,1003,13277,2021,14502,2202,42068,3309,35219,3030,50558,3957,35724,2744,5643,1179
0500000US06087,6087,"Santa Cruz County, California",2007,37942,2058,36772,2090,0,292,236,303,44,75,671,435,465,275,586,453,67,109,467,386,132,116,509,378,691,441,910,513,1105,648,1229,545,1920,695,2231,794,2385,731,7450,1245,5082,1121,6097,1289,4495,1189,1170,559
0500000US06089,6089,"Shasta County, California",2007,24877,1969,23248,1893,0,292,0,292,167,213,578,491,1092,487,615,452,192,151,759,640,213,191,1186,754,1413,755,488,279,1493,615,1618,602,2352,953,2286,840,2335,899,4573,1088,1621,928,158,123,109,179,1629,744
0500000US06095,6095,"Solano County, California",2007,44563,2503,42577,2538,0,292,39,65,222,196,419,285,447,320,337,248,577,370,560,343,426,302,433,353,545,359,561,348,1035,537,1429,540,1318,561,3621,1047,5387,1198,8309,1337,5251,1237,9021,1593,2640,751,1986,697
0500000US06097,6097,"Sonoma County, California",2007,68338,3055,64707,3087,122,148,197,292,203,174,721,366,703,380,265,206,358,291,416,282,626,372,1146,514,639,446,472,294,1088,619,1214,498,2621,868,4629,937,6410,1426,15410,2173,10615,2033,12174,2052,4678,1049,3631,1213
0500000US06099,6099,"Stanislaus County, California",2007,56837,3363,54506,3274,159,188,228,362,61,102,1055,609,350,406,1300,625,937,572,513,359,460,351,1502,693,2340,827,2561,744,2587,822,3139,904,3650,941,5499,1090,6641,1375,10205,1875,6084,1361,3976,1068,1259,579,2331,794
0500000US06101,6101,"Sutter County, California",2007,10445,1272,10098,1286,0,292,0,292,0,292,49,86,245,199,118,115,186,166,273,250,82,142,635,439,232,199,628,385,506,262,1285,716,484,287,1749,840,672,405,1755,674,881,516,318,290,0,292,347,235
0500000US06107,6107,"Tulare County, California",2007,50160,2468,47664,2513,0,292,169,148,229,226,953,539,482,317,1366,595,1799,752,2413,747,2432,887,3693,968,4606,1276,3694,1121,2136,738,2730,903,2521,821,4809,1261,2682,931,6718,1352,2671,859,1052,604,509,398,2496,654
0500000US06111,6111,"Ventura County, California",2007,82445,3679,78476,3579,0,292,0,292,301,220,843,571,1114,470,771,409,962,529,338,330,338,281,646,514,1624,611,1301,567,1029,460,1543,698,1344,636,4644,1262,4627,1270,13763,1950,13403,1859,17782,1888,12103,1773,3969,1055
0500000US06113,6113,"Yolo County, California",2007,30607,1792,29446,1745,0,292,58,99,173,182,392,247,183,155,375,251,397,362,682,411,558,388,539,358,869,557,413,241,1047,514,2165,865,1222,627,3652,860,2615,818,5228,1282,3543,921,3858,1008,1477,756,1161,581
0500000US06115,6115,"Yuba County, California",2007,11067,1269,10385,1227,0,292,0,292,0,292,485,424,194,156,59,104,120,101,247,289,368,360,612,447,856,532,1383,671,957,622,339,302,719,432,1109,624,351,267,662,403,404,294,1381,637,139,239,682,386
0500000US06001,6001,"Alameda County, California",2008,228751,5741,222112,5677,668,441,163,200,1408,680,3432,915,2506,751,1303,631,592,311,2781,939,1399,541,2186,702,2864,839,3868,927,3420,948,4631,1108,6787,1307,17131,2062,17840,2215,49500,4047,38198,3381,38727,3100,22708,2320,6639,1391
0500000US06007,6007,"Butte County, California",2008,36560,2391,35310,2436,78,142,69,110,222,219,169,210,681,450,807,578,585,377,1101,610,998,515,1304,583,1236,582,3222,1127,1904,614,1345,463,2579,897,4239,1210,4659,1257,4385,1304,2766,885,2019,753,942,638,1250,477
0500000US06013,6013,"Contra Costa County, California",2008,114412,4807,110672,4693,391,392,330,397,752,566,1146,615,1100,438,742,456,1322,785,958,583,614,367,1733,927,1062,658,632,422,1751,832,718,386,1837,763,5750,1481,9320,1632,24899,2905,17869,2318,23320,2480,14426,1714,3740,1165
0500000US06017,6017,"El Dorado County, California",2008,18818,1909,18208,1912,0,294,0,294,35,56,49,84,91,107,154,148,194,298,220,224,237,293,35,58,492,398,131,196,902,539,304,330,1634,844,1730,842,2099,961,4193,1088,1884,920,2353,821,1471,731,610,307
0500000US06019,6019,"Fresno County, California",2008,129165,4378,123809,4302,271,356,595,404,745,398,1829,797,1961,652,2102,858,3233,991,3935,1166,4305,1161,3395,956,7282,1569,6765,1556,7874,1544,8699,1746,9494,2155,13613,1960,8682,1463,18722,2111,10440,2016,7715,1448,2152,737,5356,1395
0500000US06023,6023,"Humboldt County, California",2008,24356,1860,22892,1758,0,294,271,238,326,293,539,469,285,210,529,407,273,215,320,269,670,394,1846,789,1235,616,1704,679,959,390,1577,743,1445,724,2447,740,1380,525,2548,948,2495,920,1914,718,129,155,1464,499
0500000US06025,6025,"Imperial County, California",2008,21095,1891,19805,1846,52,90,57,99,463,374,488,354,482,396,970,525,631,412,1426,661,1006,529,880,552,1239,680,2375,963,2161,1033,809,455,888,410,1491,643,1404,813,1672,620,447,255,704,412,160,267,1290,504
0500000US06029,6029,"Kern County, California",2008,98718,4748,93625,4534,0,294,268,317,237,199,638,375,1743,859,1399,726,1435,550,2847,890,2921,944,3687,1022,5264,1339,7275,1533,7245,1602,6352,1576,5353,1505,11954,2022,7560,1562,13208,1989,6548,1371,5465,1397,2226,804,5093,1298
0500000US06031,6031,"Kings County, California",2008,18086,1625,16567,1522,46,80,72,91,0,294,174,165,214,251,312,249,0,294,602,387,606,359,825,565,813,539,799,403,543,372,900,550,1139,662,1650,769,1259,493,3890,1147,1190,579,1367,682,166,161,1519,620
0500000US06037,6037,"Los Angeles County, California",2008,1639800,13653,1602453,13184,3673,834,1883,642,3520,1181,19075,1880,19081,2182,11172,1474,12137,1777,18623,2097,17269,2384,23598,2455,28090,2889,31429,3178,49514,3891,53114,3623,60368,4047,149088,6070,167059,7394,321848,8412,229995,7460,234101,7272,147816,6234,37347,3592
0500000US06039,6039,"Madera County, California",2008,16914,1700,15136,1638,0,294,0,294,56,100,0,294,136,161,431,418,445,321,361,451,171,142,74,125,584,377,670,465,1219,589,1165,583,850,512,1347,744,1572,771,3711,1026,882,672,1349,786,113,157,1778,725
0500000US06041,6041,"Marin County, California",2008,35808,2635,34454,2552,118,183,0,294,0,294,393,487,477,441,74,127,243,248,205,258,384,336,357,286,119,142,0,294,325,296,105,112,123,147,543,382,1123,595,4495,1128,6913,1332,9523,1764,8934,1587,1354,706
0500000US06045,6045,"Mendocino County, California",2008,13349,1605,12107,1575,0,294,0,294,0,294,97,109,159,156,244,279,277,191,649,540,467,354,288,254,415,299,423,327,907,630,835,555,397,327,1258,652,976,571,2997,846,948,439,710,558,60,106,1242,607
0500000US06047,6047,"Merced County, California",2008,33851,2126,31320,2086,0,294,96,118,274,296,614,434,318,229,601,379,574,478,1332,613,2313,855,2469,992,2369,1006,1558,743,2693,956,2079,783,2282,888,2514,994,1875,808,4390,1059,2015,909,871,619,83,130,2531,796
0500000US06053,6053,"Monterey County, California",2008,60627,3048,58786,2979,80,134,44,73,258,341,564,409,1020,506,376,262,448,343,403,284,548,363,711,430,1454,665,852,513,2291,1092,2015,689,2699,890,5028,1418,7716,1689,10741,1767,6923,1486,9849,1724,4766,1123,1841,712
0500000US06055,6055,"Napa County, California",2008,16286,1798,15699,1820,0,294,0,294,46,79,282,342,452,298,0,294,55,90,77,137,450,550,69,120,281,256,372,317,873,825,249,294,257,263,793,561,1251,496,3337,1029,2783,952,2610,777,1462,632,587,408
0500000US06059,6059,"Orange County, California",2008,378613,7205,369598,7054,270,176,47,77,655,422,2861,918,2266,744,1982,817,1284,428,1587,617,1714,821,1354,573,1460,654,1754,617,1232,484,2592,794,4835,1217,12964,1847,23114,2500,66319,3392,83114,4445,97243,5294,60951,4147,9015,1674
0500000US06061,6061,"Placer County, California",2008,34540,2679,33547,2609,0,294,0,294,80,115,365,369,389,293,123,142,87,99,109,130,152,161,579,500,756,507,527,469,956,580,1166,580,648,437,2201,937,3189,1300,7437,1695,3462,853,7387,1325,3934,1020,993,426
0500000US06065,6065,"Riverside County, California",2008,209250,6483,202547,6423,322,304,198,262,622,499,1504,575,1916,810,1351,457,2012,773,1794,746,2458,918,3551,1139,4068,1070,4285,1262,4790,1215,5896,1272,7281,1518,18308,2636,17358,2348,40111,3774,30287,3395,36138,3879,18297,2340,6703,1192
0500000US06067,6067,"Sacramento County, California",2008,204149,5775,198898,5699,704,539,553,463,1583,849,2900,1083,1631,612,1405,696,1410,603,1792,666,1754,563,2974,836,4350,1081,5933,1241,7643,1330,10293,1811,12913,1818,23002,2467,24583,2592,37123,3442,27252,3207,23958,2712,5142,1088,5251,1130
0500000US06071,6071,"San Bernardino County, California",2008,215082,6908,206939,6985,220,220,1032,678,566,409,921,376,2062,666,1210,625,1647,734,2264,842,2982,1024,3507,1121,4639,1195,5413,1284,6980,1567,8137,1410,7413,1366,19616,2704,21833,2821,46513,3408,26298,2250,30916,2709,12770,2500,8143,1813
0500000US06073,6073,"San Diego County, California",2008,452651,8696,439638,8570,119,142,209,175,883,475,4487,1099,5527,1270,2570,821,1274,618,3760,1013,3604,969,3787,1070,4828,1118,5158,1138,7381,1189,12500,1843,12798,1792,36570,3179,41126,3571,88443,4788,67529,4018,86063,4478,51022,3460,13013,1781
0500000US06075,6075,"San Francisco County, California",2008,195714,5676,191007,5735,495,410,1107,651,537,345,4034,1035,4507,847,2799,1360,2801,837,4481,1315,3692,1010,4886,1417,4460,1229,2736,886,3475,957,5619,1247,4306,1204,9743,1634,8993,1544,25754,2525,21946,2481,35507,3380,39129,3142,4707,1012
0500000US06077,6077,"San Joaquin County, California",2008,83894,3495,79251,3452,57,92,97,164,244,183,917,481,686,449,1106,570,606,359,1160,659,1595,604,1530,579,3024,996,3554,951,4086,1077,4051,1000,3524,1093,10637,1789,7932,1374,12543,1582,8478,1543,9051,1851,4373,1154,4643,1219
0500000US06079,6079,"San Luis Obispo County, California",2008,37215,2864,35586,2927,0,294,0,294,235,370,44,71,182,185,542,431,0,294,228,288,346,250,455,334,1701,807,733,686,981,564,1613,586,1378,500,2673,1086,3579,884,6569,1541,5738,1386,6021,1455,2568,901,1629,745
0500000US06081,6081,"San Mateo County, California",2008,100369,4269,97261,4311,192,190,155,243,75,127,340,300,336,223,398,390,496,352,976,600,287,240,407,255,283,268,684,453,1107,664,705,449,703,548,2443,745,5138,1372,19773,2331,18913,1945,23510,2384,20340,2371,3108,1010
0500000US06083,6083,"Santa Barbara County, California",2008,64084,3177,61131,3177,0,294,49,80,342,259,174,147,350,273,758,500,610,472,299,213,508,434,818,534,662,315,723,427,702,343,1356,561,1833,826,4338,1070,4833,1091,12204,1783,8923,1648,11615,1623,10034,1591,2953,888
0500000US06085,6085,"Santa Clara County, California",2008,232767,5704,226200,5596,450,299,263,263,330,262,1251,575,2473,967,1513,705,1294,664,1613,669,2253,883,1373,656,2032,718,1603,606,1547,707,2527,938,1920,775,12720,2286,14508,2283,38213,3118,38697,2996,56422,3385,43198,3212,6567,1215
0500000US06087,6087,"Santa Cruz County, California",2008,37760,2297,36475,2303,0,294,90,76,23,41,838,352,834,508,528,317,86,102,227,293,637,476,263,201,411,315,825,424,808,518,544,331,806,496,1749,551,2059,768,5758,1084,5754,1233,9547,1657,4688,1090,1285,592
0500000US06089,6089,"Shasta County, California",2008,24438,2239,23030,2147,0,294,0,294,56,94,425,375,321,215,404,473,706,503,388,376,399,269,1077,668,642,495,1256,710,1749,757,1299,636,1111,602,2594,1215,2663,1046,5660,1305,1254,557,711,439,315,217,1408,627
0500000US06095,6095,"Solano County, California",2008,49056,2903,47147,2805,0,294,54,93,234,190,214,194,594,432,181,209,235,254,422,258,431,437,229,249,297,262,934,544,385,243,647,359,1371,478,4015,1182,4238,1288,10506,1759,7029,1232,11815,1734,3316,1039,1909,593
0500000US06097,6097,"Sonoma County, California",2008,66159,3152,63070,3105,113,138,167,234,462,397,296,248,434,310,702,517,450,262,645,454,436,387,1392,593,490,306,703,408,606,323,1594,682,1722,823,5650,1298,5814,1158,13471,1812,10890,1594,12423,1782,4610,1077,3089,862
0500000US06099,6099,"Stanislaus County, California",2008,60806,3339,57927,3217,0,294,0,294,234,248,881,656,865,491,500,355,425,284,1059,467,717,470,1104,544,1654,590,2108,735,3114,975,3976,1084,3519,1048,6993,1438,8496,1770,10794,1736,6336,1566,4428,1195,724,385,2879,869
0500000US06101,6101,"Sutter County, California",2008,12286,1373,11274,1347,60,102,54,89,0,294,148,196,160,150,0,294,0,294,355,307,229,234,836,439,635,530,543,325,1079,542,1176,543,563,271,837,385,301,190,1893,715,1470,607,853,510,82,130,1012,479
0500000US06107,6107,"Tulare County, California",2008,50961,3130,47500,2877,0,294,46,76,157,152,604,462,759,420,818,457,1249,520,1726,756,3043,939,2737,1032,3318,854,3143,919,4326,1023,3410,857,2489,725,5360,1391,2661,870,7145,1744,3032,981,753,517,724,426,3461,895
0500000US06111,6111,"Ventura County, California",2008,86708,3728,83360,3916,113,134,448,415,510,317,808,466,839,513,542,323,1028,565,650,332,1198,671,624,360,632,335,1545,642,1111,615,988,535,1273,438,2674,763,5708,1226,11746,1834,14982,2427,20076,2405,15865,2228,3348,892
0500000US06113,6113,"Yolo County, California",2008,32058,3378,30689,3293,73,133,0,294,0,294,259,262,126,156,95,153,444,320,370,297,268,223,1451,704,431,272,594,414,1654,592,1242,521,1133,530,2969,858,2631,830,5771,1551,4126,1123,5234,1239,1818,749,1369,494
0500000US06115,6115,"Yuba County, California",2008,10560,1343,9320,1310,54,99,0,294,32,53,0,294,211,157,0,294,0,294,441,291,220,295,398,249,240,252,455,340,915,600,581,434,864,553,754,436,930,482,1136,563,1466,745,623,355,0,294,1240,420
0500000US06001,6001,"Alameda County, California",2009,237574,5884,232328,5966,582,460,921,577,812,572,3047,864,3320,894,1331,588,1710,740,3458,951,2680,857,2161,794,2118,813,5421,1367,4734,1140,6384,1404,5728,1282,15730,2082,20374,2376,48258,3434,39761,2863,41410,3072,22388,2604,5246,1125
0500000US06007,6007,"Butte County, California",2009,32602,2421,30723,2426,0,294,0,294,261,309,801,517,187,205,460,359,351,301,607,511,912,460,1051,552,1876,1136,2190,679,1866,566,1466,759,3031,1175,2569,847,2701,983,4854,1118,2602,834,2400,742,538,406,1879,595
0500000US06013,6013,"Contra Costa County, California",2009,117223,5428,114045,5189,0,294,443,395,427,352,1208,564,1566,608,2109,942,1051,566,1188,535,749,422,1609,789,1506,731,1294,589,834,525,1907,834,3012,1028,7570,1862,8045,1515,21107,2342,16151,2179,26951,3152,15318,2008,3178,1020
0500000US06017,6017,"El Dorado County, California",2009,14176,1942,13182,1786,65,111,0,294,0,294,102,167,0,294,302,310,51,86,123,179,271,259,115,134,393,372,431,330,305,273,475,347,315,413,1248,687,863,492,3386,1069,1760,810,2171,740,806,373,994,500
0500000US06019,6019,"Fresno County, California",2009,128342,3864,122070,3776,336,332,732,458,996,508,1280,511,2594,841,1321,630,2648,837,1627,627,3058,920,4083,1026,5539,1139,6513,1454,7747,1372,9245,1703,8376,1661,16725,2009,10677,1918,18020,2090,10472,1560,7849,1627,2232,780,6272,1056
0500000US06023,6023,"Humboldt County, California",2009,23224,1577,21904,1565,0,294,0,294,100,170,195,212,521,442,124,136,404,256,89,82,631,333,1387,762,760,435,1847,745,1455,531,1506,731,1404,617,3131,1046,951,503,3895,1181,1942,835,1064,528,498,307,1320,715
0500000US06025,6025,"Imperial County, California",2009,19944,1950,18573,1853,0,294,105,163,284,241,789,475,623,321,664,458,642,351,959,619,953,553,1300,632,1428,698,1291,515,1209,496,836,389,801,495,1793,733,1471,662,1659,619,783,524,877,475,106,190,1371,550
0500000US06029,6029,"Kern County, California",2009,96434,4698,92442,4508,142,228,796,517,115,140,706,385,1528,542,1283,538,1405,834,2303,956,3326,1092,3589,976,5000,1293,5026,1355,6392,1344,3511,1101,6026,1313,12886,2032,8259,1863,12566,1741,9262,1928,6550,1598,1771,640,3992,1011
0500000US06031,6031,"Kings County, California",2009,19087,1801,17331,1741,0,294,0,294,86,116,314,253,674,404,192,163,165,181,710,494,594,497,433,289,296,267,696,467,963,622,993,550,1434,618,2154,763,1637,897,3372,982,1468,598,926,481,224,158,1756,619
0500000US06033,6033,"Lake County, California",2009,8923,1429,8409,1497,0,294,0,294,0,294,61,102,372,352,208,217,0,294,117,196,184,313,438,422,254,232,396,299,849,661,407,393,692,572,1111,626,693,514,1435,763,1033,743,159,225,0,294,514,422
0500000US06037,6037,"Los Angeles County, California",2009,1651764,14842,1608268,14103,3754,1019,2924,946,3983,1104,15243,1773,18114,2013,9963,1556,8815,1481,16392,2046,14487,2068,23148,2458,24821,2587,31815,2868,39542,3280,53377,3762,56562,4228,146001,6628,156284,7181,327950,8942,250783,9003,249730,8460,154580,6342,43496,3423
0500000US06039,6039,"Madera County, California",2009,15647,1583,13938,1610,0,294,0,294,0,294,220,171,104,113,205,241,404,409,86,139,645,517,335,261,732,523,394,345,1405,686,867,511,1188,705,1466,767,1253,591,1944,896,1702,671,793,384,195,202,1709,691
0500000US06045,6045,"Mendocino County, California",2009,12486,1598,11822,1558,244,360,0,294,112,128,77,132,453,387,90,125,343,398,437,348,442,295,324,220,474,435,315,283,276,209,1239,577,1116,696,765,390,1056,595,1627,586,684,504,1254,636,494,373,664,393
0500000US06047,6047,"Merced County, California",2009,34219,2459,31677,2482,48,80,0,294,166,273,306,200,339,354,378,345,543,408,1012,575,1374,596,1675,712,2195,923,1787,671,1975,810,2132,738,1597,569,3948,1021,3440,977,5626,1246,2025,778,1003,472,108,124,2542,758
0500000US06053,6053,"Monterey County, California",2009,63460,2797,60749,2728,0,294,161,207,409,436,394,282,844,511,319,263,646,352,632,332,571,383,723,557,780,383,1259,622,1535,704,1513,684,2884,1000,5560,1143,6011,1321,13729,1903,6249,1319,9740,1664,6790,1372,2711,874
0500000US06055,6055,"Napa County, California",2009,17716,1879,17087,1969,0,294,29,47,0,294,295,225,152,182,66,111,41,74,46,80,75,96,0,294,197,233,304,233,597,464,453,348,234,268,1293,651,1321,591,3691,1036,2444,914,3805,1224,2044,731,629,431
0500000US06059,6059,"Orange County, California",2009,389030,7282,379355,7312,103,147,46,77,403,299,2190,562,2437,715,1779,703,1877,793,1643,603,2855,798,2159,746,2260,728,1782,643,2237,731,2689,944,3748,1058,9739,1536,19984,2342,67119,3837,85669,4532,102891,4762,65745,4955,9675,1363
0500000US06061,6061,"Placer County, California",2009,35908,2558,34509,2607,34,59,0,294,338,387,131,177,199,185,225,240,690,536,245,283,379,272,198,190,162,162,331,250,1206,665,867,488,1356,659,2628,719,4037,1154,6879,1235,4397,1061,6254,1577,3953,1214,1399,686
0500000US06065,6065,"Riverside County, California",2009,209259,6840,199895,6629,162,152,269,201,344,379,1660,708,2232,823,2093,686,2579,942,3301,1066,3518,1004,2718,738,3550,993,3952,1142,4998,1422,6066,1210,4900,1093,17043,2319,19758,2275,42949,3290,29463,3536,29171,2926,19169,2647,9364,1587
0500000US06067,6067,"Sacramento County, California",2009,214776,5894,209427,6147,777,525,900,452,1071,549,2903,1048,1234,464,1154,571,1343,644,2518,906,1960,640,3065,848,4245,1124,7441,1532,8970,1571,12200,1928,14102,2257,24521,2611,23213,2538,43802,3063,24332,2421,21563,2703,8113,1755,5349,1225
0500000US06071,6071,"San Bernardino County, California",2009,214620,6266,206352,6197,78,128,328,339,896,528,2284,834,1485,561,1421,597,1791,711,2702,899,2516,809,4598,1193,4630,1360,5037,1482,7632,1510,8989,1784,7969,1443,19218,2689,23611,2916,43008,3935,30320,2849,29095,2743,8744,1717,8268,1563
0500000US06073,6073,"San Diego County, California",2009,470188,6384,459254,6057,705,471,640,483,902,496,3195,828,4837,1217,3080,859,2096,777,2730,782,3880,1032,3790,1116,4817,1011,5312,1291,6956,1379,9321,1646,11597,1811,39998,3229,41957,3754,93632,4805,72385,4403,88201,5013,59223,4420,10934,1518
0500000US06075,6075,"San Francisco County, California",2009,202406,4190,196190,4408,695,442,1182,842,1047,644,3646,1146,5737,1049,1753,657,1078,553,3118,1037,3453,1064,4354,951,3104,925,3690,1052,3356,1037,4401,1018,3456,1032,8330,1483,10144,1919,24419,2799,24679,2443,40549,3450,43999,3082,6216,1256
0500000US06077,6077,"San Joaquin County, California",2009,81533,4457,78230,4362,0,294,216,304,241,242,826,391,395,266,596,395,291,181,1001,527,787,477,1886,728,1908,806,2683,741,3425,932,3652,1006,3545,814,9447,1632,8421,1647,15239,2143,9689,1605,10448,1858,3534,982,3303,762
0500000US06079,6079,"San Luis Obispo County, California",2009,39231,2671,37898,2572,0,294,0,294,171,220,37,61,426,265,66,109,178,166,185,300,371,256,454,383,342,235,300,310,912,588,1153,571,1818,726,3385,1157,5166,1597,7947,1628,5042,1088,6893,1311,3052,1181,1333,632
0500000US06081,6081,"San Mateo County, California",2009,98032,4147,95484,4041,0,294,180,316,302,417,609,386,607,430,172,167,285,187,811,457,579,398,540,442,236,247,729,537,582,488,892,402,850,432,4038,1227,4363,1201,17266,2287,18531,2006,24506,2354,19406,2294,2548,830
0500000US06083,6083,"Santa Barbara County, California",2009,65842,3203,63127,3124,125,150,85,146,140,139,591,399,626,421,221,173,641,522,449,310,817,446,955,584,582,379,1032,413,1033,469,1295,607,2298,666,3994,1079,4246,1172,11546,1621,10639,1606,11403,1680,10409,1964,2715,811
0500000US06085,6085,"Santa Clara County, California",2009,242273,6323,235632,6281,931,491,266,299,430,339,3290,1142,2286,698,878,398,1558,733,1927,717,1480,590,1830,666,1853,685,2345,750,2013,774,1966,787,2361,1035,9220,1660,13141,2307,39748,3259,44367,3147,59179,3706,44563,3798,6641,1280
0500000US06087,6087,"Santa Cruz County, California",2009,36212,2482,34626,2341,39,67,94,122,226,340,915,482,504,356,536,476,140,139,559,371,364,299,50,86,991,725,970,533,600,322,693,483,856,445,2381,852,2332,785,4821,1369,5384,1341,7728,1494,4443,1195,1586,713
0500000US06089,6089,"Shasta County, California",2009,24762,2044,22968,2194,0,294,244,324,236,303,213,160,732,560,186,168,582,379,409,475,906,581,130,151,1209,622,1267,667,1638,669,1404,683,1398,689,1973,729,2104,753,3985,1009,1980,830,1335,632,1037,550,1794,715
0500000US06095,6095,"Solano County, California",2009,47862,2678,46728,2726,0,294,153,237,316,339,175,193,452,375,347,310,740,522,210,153,449,308,1043,517,455,331,671,412,642,395,621,433,1547,585,3608,1115,3458,932,11006,1869,5747,1258,10623,1923,4465,1192,1134,558
0500000US06097,6097,"Sonoma County, California",2009,70941,3408,67162,3277,0,294,150,246,438,332,853,480,793,531,521,423,385,369,567,285,133,142,854,470,710,370,977,529,1510,778,1069,637,2731,1015,5808,1159,6185,1252,13539,1934,11456,1835,11402,1787,7081,1491,3779,1017
0500000US06099,6099,"Stanislaus County, California",2009,64951,3767,61878,3580,168,165,85,98,463,418,329,306,475,349,1233,565,844,497,592,341,592,432,1413,649,1992,785,1285,567,2966,951,2813,885,4861,1277,7482,1446,8157,1359,9223,1735,9105,1653,6156,1390,1644,663,3073,858
0500000US06101,6101,"Sutter County, California",2009,11516,1473,11065,1416,0,294,0,294,56,105,318,387,131,166,187,273,273,267,214,244,153,174,497,535,626,421,437,305,878,450,560,348,902,439,1307,444,1057,484,1406,535,847,517,1100,600,116,114,451,339
0500000US06107,6107,"Tulare County, California",2009,54201,2830,51237,2857,95,156,79,132,426,299,927,524,757,428,371,221,1669,589,1692,609,2492,700,2966,830,3028,1060,4232,942,2254,753,2127,818,2705,944,6649,1566,4295,1244,6396,1493,5149,1232,2516,888,412,254,2964,781
0500000US06111,6111,"Ventura County, California",2009,90941,3684,88128,3559,44,75,283,373,151,145,1113,495,1103,527,603,457,863,560,770,535,668,550,631,508,687,403,2526,709,1726,842,1266,541,1283,625,2681,1047,4361,1174,13609,1995,16478,2267,22102,2382,15180,2017,2813,701
0500000US06113,6113,"Yolo County, California",2009,29545,2304,28437,2246,50,84,0,294,222,210,385,282,528,349,448,434,245,191,40,68,419,314,625,452,738,370,1021,558,885,560,852,446,1621,593,2532,705,3012,1082,5683,1291,3355,1144,3554,936,2222,916,1108,555
0500000US06115,6115,"Yuba County, California",2009,9326,1477,8458,1425,0,294,45,78,131,209,56,92,148,133,51,86,171,194,213,218,130,157,658,454,231,176,528,376,587,397,383,318,772,448,1152,727,371,286,1526,823,704,501,601,402,0,294,868,502
0500000US06001,6001,"Alameda County, California",2010,250630,5892,243400,5916,723,460,1034,628,902,526,5559,1333,3405,1002,2628,802,1968,755,2790,873,1431,586,1692,658,3586,994,2005,820,3350,985,4413,1133,6785,1568,17974,1959,20365,2692,51999,3525,41097,3258,45457,3435,24237,2846,7230,1389
0500000US06007,6007,"Butte County, California",2010,34304,2433,32847,2345,0,294,144,170,0,294,19,31,408,256,104,120,777,395,571,354,375,261,1395,547,1864,771,1667,651,1860,789,1583,740,2589,997,4932,1194,3611,1056,4874,1226,3160,1092,2133,684,781,428,1457,683
0500000US06013,6013,"Contra Costa County, California",2010,124857,5397,120671,5290,220,284,104,178,376,333,1765,787,682,401,719,401,1237,530,663,500,444,357,1548,912,1631,739,906,625,1250,794,1796,794,1975,757,7172,1543,9538,1483,25511,2640,20942,2472,24720,2768,17472,2179,4186,1033
0500000US06019,6019,"Fresno County, California",2010,130407,4533,124192,4205,438,372,932,535,1354,744,1463,719,988,494,2385,972,2147,937,3434,1008,4235,1015,4108,1191,5873,1218,6217,1265,8757,1728,9009,1660,7177,1382,14127,2160,10548,1490,20312,2834,10942,2007,7320,1501,2426,761,6215,1208
0500000US06023,6023,"Humboldt County, California",2010,23420,2073,22546,2097,0,294,74,118,0,294,205,171,305,180,172,164,756,488,629,427,494,270,750,338,1638,674,2209,936,1560,737,793,502,1429,688,2574,878,1556,595,3855,1167,1861,698,1470,716,216,209,874,473
0500000US06025,6025,"Imperial County, California",2010,20259,1729,19046,1727,0,294,61,103,189,157,623,392,422,361,782,573,298,222,1010,563,869,476,446,370,1143,623,1069,440,1787,751,1239,555,1395,613,1393,581,2152,894,2180,795,1331,619,657,410,0,294,1213,521
0500000US06029,6029,"Kern County, California",2010,103345,4129,98582,4229,112,137,116,139,347,283,892,505,1006,441,1251,682,1666,735,2267,783,2340,877,3800,1224,7058,1369,5350,1219,7525,1446,6792,1646,6255,1228,12237,1941,9100,1586,16262,2207,6256,1223,5988,1240,1962,659,4763,1010
0500000US06031,6031,"Kings County, California",2010,19865,1745,18207,1569,147,255,0,294,101,190,201,222,157,169,185,176,97,124,614,347,300,304,801,404,756,419,612,427,1679,596,1385,586,1115,530,3913,1095,804,393,2950,1012,1405,602,739,439,246,215,1658,758
0500000US06037,6037,"Los Angeles County, California",2010,1700905,14777,1656726,14460,3012,1004,1914,620,4235,1151,23332,2271,16342,2021,12275,1890,8534,1519,11738,1767,14252,2218,19510,2278,22460,2407,33354,2958,36664,3132,50623,3291,61065,4312,142812,6448,160101,6081,350132,7476,254118,7064,267709,7122,162544,6460,44179,3533
0500000US06039,6039,"Madera County, California",2010,16720,2092,15233,2180,0,294,230,278,0,294,43,73,642,482,229,217,112,180,340,307,793,487,659,433,508,328,824,557,268,228,519,406,497,376,2525,1183,1739,704,2460,818,1613,752,968,445,264,201,1487,741
0500000US06041,6041,"Marin County, California",2010,36263,2655,35455,2626,0,294,167,178,39,79,198,188,358,302,278,292,247,313,269,302,557,445,230,253,560,418,166,136,322,288,248,323,412,389,935,558,1744,756,4323,1152,6473,1476,10116,1779,7813,1132,808,388
0500000US06045,6045,"Mendocino County, California",2010,14739,1677,13399,1630,0,294,0,294,17,30,184,240,299,401,473,371,313,286,51,80,379,254,57,94,640,500,556,388,712,454,559,335,272,292,1125,515,2057,713,2456,885,982,503,1322,638,945,531,1340,706
0500000US06047,6047,"Merced County, California",2010,33551,2467,31265,2271,56,98,410,418,0,294,363,281,483,340,524,395,568,383,729,477,976,477,1923,792,1363,536,2024,820,2139,761,2103,883,1740,711,3232,875,2718,1042,5028,1180,3047,1178,1794,664,45,78,2286,757
0500000US06053,6053,"Monterey County, California",2010,61552,3144,59949,3212,393,318,51,84,0,294,264,270,227,206,612,405,178,177,475,401,254,254,699,515,799,444,1893,862,598,347,1401,789,2757,976,6262,1434,5788,1280,11688,1730,8706,1416,11205,1662,5699,1275,1603,655
0500000US06055,6055,"Napa County, California",2010,18806,1866,18259,1903,0,294,0,294,97,167,330,298,129,115,243,244,137,158,141,175,187,222,427,446,273,193,0,294,229,254,582,386,621,476,1418,617,1488,709,3805,1074,3547,965,2872,816,1733,700,547,359
0500000US06057,6057,"Nevada County, California",2010,12573,1814,11766,1721,0,294,0,294,0,294,135,159,0,294,267,409,75,102,130,113,421,384,512,511,427,481,60,102,386,262,684,530,417,366,1772,861,783,431,1757,940,1017,519,2352,842,571,466,807,387
0500000US06059,6059,"Orange County, California",2010,401983,7249,394382,7088,54,87,284,215,967,472,3025,873,2740,938,1611,658,1946,652,2168,765,1311,604,2861,889,2198,763,2387,994,2868,941,2490,826,3136,744,14551,1775,20883,2424,79813,4771,85267,4649,99054,5565,64768,3437,7601,1274
0500000US06061,6061,"Placer County, California",2010,37884,3175,36866,3116,0,294,0,294,0,294,322,221,152,168,233,212,191,182,230,276,164,162,498,358,558,350,827,581,759,476,1468,768,1672,776,2967,902,5415,1357,6539,1540,6228,1496,5436,1307,3207,1089,1018,434
0500000US06065,6065,"Riverside County, California",2010,211802,6293,205302,6232,123,136,756,523,425,275,1535,597,1696,622,2903,952,1488,737,1576,676,2326,897,3673,1112,2725,774,4788,1240,4495,1146,5686,1316,7334,1243,19473,2563,21392,2484,41695,3068,32458,3399,32512,2928,16243,2101,6500,1388
0500000US06067,6067,"Sacramento County, California",2010,220149,6521,213975,6553,237,196,309,276,1012,565,3632,1092,1559,593,1459,547,1414,631,1754,663,1572,748,2461,775,3463,815,6460,1355,10744,1832,11092,1555,13706,1848,27761,3026,22971,2527,42958,3761,27421,2934,24550,3349,7440,1664,6174,1235
0500000US06071,6071,"San Bernardino County, California",2010,222440,6787,216123,6701,543,447,656,441,608,373,1378,528,1676,797,1131,531,1565,558,2083,828,3129,852,2706,973,4242,1251,7598,1773,6721,1213,6722,1380,11240,1973,22863,2682,27233,2842,42514,2589,32705,2935,27766,3513,11044,2032,6317,1309
0500000US06073,6073,"San Diego County, California",2010,488810,8262,477054,8432,482,357,587,460,380,310,4043,902,3345,853,2852,1014,2571,893,3148,798,2394,742,3693,1052,3921,997,5301,1091,7830,1415,9862,1906,13952,2019,36200,3460,39843,3030,98411,5273,77870,4770,100499,4667,59870,3318,11756,1600
0500000US06075,6075,"San Francisco County, California",2010,212884,5751,207400,5910,324,270,576,452,853,564,3089,924,4525,899,2741,1108,2440,757,3137,1053,2595,947,4504,1207,3709,1051,4339,1160,4129,1137,4650,1166,2907,979,8998,1823,9955,1945,26459,2588,25501,2823,42822,2978,49147,3824,5484,1390
0500000US06077,6077,"San Joaquin County, California",2010,91225,4294,86912,4210,175,292,37,62,327,357,469,262,1042,666,659,419,726,465,803,411,1119,686,1806,651,2462,821,2443,783,5306,1156,3908,1043,3375,887,10708,2016,8533,1605,16069,2115,12132,2405,11542,1681,3271,972,4313,1195
0500000US06079,6079,"San Luis Obispo County, California",2010,39791,2841,37517,2824,0,294,0,294,0,294,109,134,217,209,140,170,57,97,978,627,795,535,528,484,279,301,162,161,1012,574,681,386,1701,689,3976,1088,3930,943,7675,1416,4665,1031,5606,1302,5006,1226,2274,751
0500000US06081,6081,"San Mateo County, California",2010,105151,3721,102158,3710,0,294,75,124,261,194,386,249,582,381,210,198,593,419,615,345,579,408,60,103,118,140,559,476,717,423,1134,526,688,376,4051,1264,3425,1040,19426,2031,22317,2227,25369,2582,20993,2327,2993,1015
0500000US06083,6083,"Santa Barbara County, California",2010,65696,2952,62424,2885,63,106,185,222,160,153,580,286,775,454,401,340,649,543,460,488,823,478,648,440,352,253,1010,564,1254,585,1087,544,2338,772,5140,1407,4537,1077,10111,1510,9235,1476,11822,1696,10794,1651,3272,914
0500000US06085,6085,"Santa Clara County, California",2010,256280,5605,250980,5530,358,320,401,249,262,225,2490,844,2637,867,1325,686,1012,501,1500,528,1463,426,1654,544,2318,834,3069,902,2517,965,3766,1152,1638,620,10123,1657,14373,2258,42393,3460,47764,3856,62363,4157,47554,3329,5300,1144
0500000US06087,6087,"Santa Cruz County, California",2010,37055,3689,35077,3510,0,294,92,151,233,198,703,490,636,332,948,882,360,351,247,314,313,342,351,284,294,265,844,473,466,365,612,480,1177,712,1759,628,2202,888,5484,1334,6014,1365,7477,1423,4865,1245,1978,824
0500000US06089,6089,"Shasta County, California",2010,23214,1968,22080,1963,171,230,108,131,149,189,174,273,340,265,450,355,691,526,293,240,363,469,563,338,773,536,1638,676,1122,516,1022,560,1069,597,2475,911,1696,703,3366,918,3063,999,1887,825,667,338,1134,553
0500000US06095,6095,"Solano County, California",2010,52587,3052,50383,2996,0,294,0,294,210,272,395,288,548,359,256,219,371,205,498,364,516,302,503,527,261,223,606,431,810,566,1568,835,1648,764,2454,912,4565,1186,12423,1846,7213,1385,10139,1778,5399,1317,2204,909
0500000US06097,6097,"Sonoma County, California",2010,74758,2896,71726,2760,0,294,462,470,593,438,839,419,680,433,356,296,223,165,251,197,505,312,1271,627,455,292,457,368,614,406,2010,1055,1484,583,5651,1163,5632,978,17637,1935,11068,1825,14182,2077,7356,1396,3032,914
0500000US06099,6099,"Stanislaus County, California",2010,67163,3214,63536,3223,145,161,271,320,188,244,1072,581,870,512,399,247,414,253,729,454,1020,526,1465,568,1904,738,2710,804,2824,1022,2953,892,2034,783,7408,1402,6839,1214,12489,1884,10277,1885,6017,1318,1508,522,3627,978
0500000US06101,6101,"Sutter County, California",2010,14108,1307,13554,1359,0,294,71,128,0,294,0,294,401,307,213,219,217,256,201,307,654,558,445,365,865,533,912,540,955,515,628,507,1482,660,1142,619,1197,579,1552,690,1377,689,1122,602,120,128,554,312
0500000US06107,6107,"Tulare County, California",2010,53677,2982,50837,2979,125,145,0,294,340,267,406,265,1080,466,1459,647,1152,557,1666,615,2175,746,2236,636,2512,724,3403,1036,2718,744,3566,1084,2662,607,5957,1103,5140,1086,8664,1765,3073,949,2272,784,231,302,2840,625
0500000US06111,6111,"Ventura County, California",2010,95780,4870,93385,4859,547,437,311,329,599,382,1472,711,1025,611,907,476,605,446,787,503,777,518,855,504,475,340,806,385,1499,722,795,472,1546,580,4550,1129,5053,1228,15893,2068,15628,2129,21627,2740,17628,2650,2395,745
0500000US06113,6113,"Yolo County, California",2010,30722,3524,29752,3526,55,92,0,294,72,122,704,589,590,519,380,326,273,238,124,152,511,439,469,337,276,234,981,553,1168,566,665,405,1298,695,2872,851,3052,968,6212,1612,3364,951,5188,1642,1498,721,970,488
0500000US06115,6115,"Yuba County, California",2010,8193,1425,7627,1384,159,243,72,116,0,294,65,108,71,123,31,56,144,214,59,100,172,154,197,196,495,314,473,375,466,342,609,524,753,451,704,412,660,404,1188,554,616,397,632,369,61,102,566,306
0500000US06001,6001,"Alameda County, California",2011,256337,6348,247094,6268,815,433,720,433,764,478,5152,1244,3146,804,1750,679,1834,762,2951,797,1692,720,2100,642,2342,722,3713,968,2950,823,4547,1087,5613,1171,16809,2490,18537,2117,49328,3343,42464,3519,51296,3696,28571,3014,9243,1453
0500000US06007,6007,"Butte County, California",2011,34888,2242,32311,2102,0,208,472,415,220,245,427,323,415,287,748,531,198,175,486,327,474,408,983,573,1269,618,2136,815,2285,791,3156,973,1991,934,3368,1283,3556,1144,4536,1122,2542,634,2576,899,473,423,2577,1141
0500000US06013,6013,"Contra Costa County, California",2011,129736,5075,126455,5101,163,192,0,208,378,280,1375,583,2505,972,448,283,619,312,1269,791,643,568,1050,635,1271,706,1132,522,1736,820,1536,693,2170,972,7098,1563,10311,2102,27001,3152,22062,3027,23718,3507,19970,2932,3281,833
0500000US06017,6017,"El Dorado County, California",2011,19126,2359,17336,1996,0,208,122,203,89,102,80,92,0,208,150,170,146,171,509,359,320,358,162,143,378,446,630,438,1335,619,562,404,447,333,2024,704,1835,583,2644,802,1866,715,1832,837,2205,941,1790,891
0500000US06019,6019,"Fresno County, California",2011,130646,4521,124426,4482,394,240,183,146,416,234,2103,699,2402,763,1329,556,1431,554,2216,836,2796,803,4172,1134,4828,1085,7169,1246,7878,1272,8333,1781,7251,1319,16220,2211,12937,1882,21613,2578,10513,1834,8051,1881,2191,756,6220,1231
0500000US06023,6023,"Humboldt County, California",2011,22724,2169,21348,2135,38,65,56,94,65,73,117,111,794,590,132,225,434,282,498,385,613,395,470,383,1244,647,1301,528,637,364,1771,745,861,422,2175,874,2941,889,2761,716,2144,785,1308,571,988,660,1376,417
0500000US06025,6025,"Imperial County, California",2011,21618,1596,20448,1648,0,208,103,125,224,171,403,262,433,425,1020,501,760,564,656,334,1052,555,1154,536,1729,623,1002,503,1374,592,1215,578,663,385,2776,737,1174,548,2744,895,1512,698,454,271,0,208,1170,462
0500000US06029,6029,"Kern County, California",2011,110667,4859,105520,4698,291,275,142,181,942,735,981,536,1569,750,1935,789,1793,848,2569,680,3714,1000,4838,1261,4677,1231,5181,1375,5815,1410,6200,1537,7901,1425,10921,2175,10728,2046,15413,2389,9536,1852,8244,1746,2130,1045,5147,1181
0500000US06031,6031,"Kings County, California",2011,17978,1626,16410,1618,0,208,0,208,232,373,114,180,206,138,339,243,370,321,219,170,428,353,773,402,185,251,942,440,508,377,1279,616,472,273,1821,673,1937,616,2846,782,1708,727,1953,671,78,134,1568,487
0500000US06033,6033,"Lake County, California",2011,12046,1715,11067,1725,112,200,0,208,96,120,346,395,0,208,73,126,197,194,0,208,313,325,240,239,929,745,1056,730,418,420,226,343,450,428,724,544,791,555,1948,758,2268,885,818,498,62,105,979,561
0500000US06037,6037,"Los Angeles County, California",2011,1719784,15328,1675291,14403,2452,784,2165,670,4476,963,21105,2430,17335,2332,11575,1792,10946,1469,15327,1917,13367,1881,17766,1983,22198,2373,28792,2881,34466,2309,50762,3588,57479,3162,134532,5544,163092,6188,357016,10800,265463,7134,268955,8771,176022,7343,44493,3610
0500000US06039,6039,"Madera County, California",2011,16048,1995,13995,1868,0,208,0,208,124,166,80,137,155,214,49,96,433,385,498,405,447,333,749,489,881,500,664,467,1052,488,1038,653,1126,581,2029,811,1065,512,1266,636,1485,603,408,389,446,403,2053,749
0500000US06041,6041,"Marin County, California",2011,41270,2828,39855,2765,25,47,0,208,98,161,253,209,539,407,963,780,337,335,295,265,362,294,162,171,65,115,229,261,370,345,333,397,454,311,825,470,2539,1048,5726,1554,6900,1647,9217,1660,10163,1763,1415,676
0500000US06045,6045,"Mendocino County, California",2011,12050,1445,11023,1329,0,208,32,56,0,208,62,70,348,343,402,308,95,133,56,100,159,161,425,368,385,338,399,332,317,259,91,97,325,304,1241,608,966,463,2702,970,1565,825,1045,489,408,334,1027,549
0500000US06047,6047,"Merced County, California",2011,35953,2258,33356,2318,0,208,0,208,266,278,325,237,306,261,383,236,528,286,1027,585,1043,407,2079,697,1705,712,2006,624,1718,728,2097,798,2683,848,3656,1148,2994,896,6744,1259,2528,875,913,474,355,292,2597,775
0500000US06053,6053,"Monterey County, California",2011,65089,2990,63037,2947,195,289,107,138,0,208,567,362,246,184,363,236,587,455,937,464,379,301,644,379,735,475,1173,548,1486,590,2032,668,1716,827,4517,1209,6363,1349,14412,2000,10608,1893,9803,1555,6167,1299,2052,647
0500000US06055,6055,"Napa County, California",2011,22750,1912,21225,1860,0,208,0,208,0,208,217,230,200,167,194,216,54,93,196,226,267,391,107,158,167,176,573,492,44,76,351,266,685,535,1422,542,2210,1075,3058,890,3282,1183,5414,1321,2784,994,1525,717
0500000US06057,6057,"Nevada County, California",2011,10952,1757,10137,1637,0,208,0,208,0,208,67,107,101,124,0,208,101,176,276,411,336,275,0,208,206,211,263,233,726,487,314,300,493,496,471,342,1035,674,1779,817,1294,665,1082,649,1593,662,815,455
0500000US06059,6059,"Orange County, California",2011,410864,6997,401286,6820,439,348,724,481,437,269,3717,956,1580,637,1392,481,2179,1023,2475,736,1343,524,1802,636,1750,677,2182,766,1841,588,3067,801,3777,1089,12916,1984,21103,2348,73222,4360,89670,4873,105097,5120,70573,4211,9578,1524
0500000US06061,6061,"Placer County, California",2011,38676,3264,37218,3277,0,208,75,130,211,239,182,189,91,125,439,400,185,180,530,413,46,76,351,265,223,153,1049,667,660,537,996,483,2558,931,2536,933,3983,1095,6238,1351,6136,1569,8073,2103,2656,1009,1458,811
0500000US06065,6065,"Riverside County, California",2011,233379,8333,224587,8167,548,656,340,313,633,463,2526,846,3084,917,1268,535,2249,1021,2361,847,2803,845,2933,900,3402,969,6497,1202,5748,1171,9078,1685,8030,1416,21737,2924,22065,2591,42182,3891,31597,3009,32693,3968,22813,3413,8792,1847
0500000US06067,6067,"Sacramento County, California",2011,224356,6095,217200,5895,61,75,802,498,1753,596,2257,682,2256,840,1358,502,1626,714,1601,526,1500,609,2873,707,4831,1086,9713,1845,9904,1765,10527,1816,14088,1904,24474,2353,22053,1920,41679,3700,28661,2932,28704,3276,6479,1721,7156,1682
0500000US06071,6071,"San Bernardino County, California",2011,228569,7146,221383,7027,288,321,162,134,1032,694,1829,746,2766,1050,1244,521,1184,688,2301,1009,2085,884,2384,801,3965,1190,6046,1432,7692,2148,10368,2019,9379,1872,20976,2901,25598,3861,51279,4578,30742,4258,29134,3570,10929,2419,7186,1549
0500000US06073,6073,"San Diego County, California",2011,495609,8241,481552,7919,390,333,781,525,1232,462,3685,880,2903,788,2285,729,2553,888,3223,1136,3403,1059,3163,1041,4410,1091,6761,1658,7887,1600,9684,1642,16151,1834,39485,3563,41065,3356,96908,4848,77968,4807,97516,5649,60099,3831,14057,2031
0500000US06075,6075,"San Francisco County, California",2011,219025,5653,213215,5694,331,287,926,742,738,437,5597,1102,3574,1022,1851,721,2142,873,3289,915,4506,1469,2820,857,3737,1126,2825,773,4278,1198,3962,1211,3020,935,9459,1863,10416,1853,27606,2751,24740,2833,46352,4057,51046,3191,5810,1140
0500000US06077,6077,"San Joaquin County, California",2011,88856,3657,85322,3853,28,53,0,208,393,326,534,304,533,305,1180,599,927,461,1746,644,1516,621,2499,864,2919,1030,3024,1022,4037,1213,4110,1028,3834,1074,9360,1795,9341,1785,14280,2511,11536,2034,9215,1811,4310,1673,3534,1079
0500000US06079,6079,"San Luis Obispo County, California",2011,44406,3029,41079,3067,0,208,0,208,137,162,400,387,198,195,598,403,78,133,0,208,464,359,766,550,677,504,1582,765,1037,662,1255,638,833,544,1684,599,2557,910,10026,2037,5892,1496,8868,1659,4027,1272,3327,974
0500000US06081,6081,"San Mateo County, California",2011,105596,3707,102481,3673,107,129,280,361,81,137,344,250,236,228,270,167,143,177,731,591,602,384,969,665,604,384,239,269,883,424,915,483,1113,537,3020,979,3476,1014,17484,2139,16791,2281,30429,2869,23764,2426,3115,836
0500000US06083,6083,"Santa Barbara County, California",2011,69502,2583,66810,2690,177,230,200,218,122,202,451,200,451,286,893,513,287,209,288,228,569,388,422,266,1348,724,1382,646,1288,562,1357,834,2250,849,4711,1069,4076,1098,12578,1754,9504,1383,14250,1840,10206,1609,2692,937
0500000US06085,6085,"Santa Clara County, California",2011,262717,5508,256619,5428,323,457,735,501,821,477,2657,868,1607,661,1240,578,1629,769,2882,1082,1482,585,1979,732,3116,1131,3235,1000,1598,628,2537,785,1888,779,8036,1738,11923,1674,41403,3649,46219,4122,68161,4437,53148,3678,6098,1364
0500000US06087,6087,"Santa Cruz County, California",2011,40456,2667,39710,2644,0,208,420,540,94,162,744,424,449,312,225,253,378,420,701,493,240,261,422,261,419,338,261,260,912,601,1252,792,134,112,1357,591,2478,861,6619,1633,6395,1169,9615,2016,6595,1239,746,395
0500000US06089,6089,"Shasta County, California",2011,23846,2238,22338,2111,0,208,0,208,201,321,305,241,648,377,338,181,281,200,287,189,635,443,754,424,639,340,1129,559,1054,673,1030,592,1704,735,2820,873,2175,779,4047,1043,1424,940,2069,806,798,415,1508,719
0500000US06095,6095,"Solano County, California",2011,54344,3041,52059,3126,0,208,0,208,272,212,676,470,457,275,360,318,356,364,526,454,410,266,480,324,399,333,273,263,961,527,1274,631,1352,590,5669,1530,5148,1386,9855,1629,7884,1522,10213,1636,5494,1270,2285,945
0500000US06097,6097,"Sonoma County, California",2011,73217,3635,69539,3482,160,194,316,334,658,340,915,555,724,419,549,285,237,192,626,362,1135,639,736,425,689,498,668,357,1037,557,1745,598,1145,640,4469,999,6402,1215,16651,2637,10220,1377,14326,1811,6131,1471,3678,945
0500000US06099,6099,"Stanislaus County, California",2011,70713,3278,67358,3067,0,208,245,293,149,191,529,224,634,440,938,535,453,316,1136,562,813,538,1236,516,1763,670,3552,1121,2690,894,3314,909,4734,1308,8394,1781,8017,1520,14867,2400,7220,1321,5309,1345,1365,504,3355,990
0500000US06101,6101,"Sutter County, California",2011,11801,1529,10663,1375,0,208,0,208,60,109,39,70,224,195,177,261,104,97,0,208,312,327,464,397,517,331,595,294,851,643,988,481,713,387,787,335,682,365,2171,776,957,478,899,474,123,149,1138,580
0500000US06107,6107,"Tulare County, California",2011,55543,2541,52078,2500,78,98,147,177,0,208,582,324,632,325,645,346,1189,428,1629,628,2567,879,3208,972,3470,1001,3774,936,3445,944,3938,931,3066,816,5808,1313,5379,1360,6020,1244,3951,1155,1870,1185,680,389,3465,740
0500000US06111,6111,"Ventura County, California",2011,91958,3572,89420,3535,192,316,463,442,638,313,1363,617,1170,544,1375,709,384,261,657,339,748,319,808,522,437,318,1076,560,977,393,1350,558,1426,549,3633,947,4870,1216,14444,2022,16453,2037,20353,1964,16603,2481,2538,777
0500000US06113,6113,"Yolo County, California",2011,32299,2196,31322,2310,0,208,56,102,70,85,257,208,359,269,674,620,574,524,742,535,62,83,319,373,676,484,711,563,1422,519,1377,607,1387,633,4131,1042,3263,1030,5810,1318,3961,1091,3538,971,1933,658,977,500
0500000US06115,6115,"Yuba County, California",2011,10421,1468,9558,1424,0,208,192,251,0,208,188,162,72,88,287,314,81,143,60,105,196,163,547,405,805,485,594,372,903,441,575,526,697,461,318,270,836,562,1128,527,947,548,883,516,249,247,863,421
0500000US06001,6001,"Alameda County, California",2012,262069,5487,255615,5363,420,331,532,357,1025,413,4288,998,3176,834,2394,741,2817,687,3116,904,2185,627,2522,692,2632,779,2625,729,3169,787,5454,1310,6487,1158,16034,1708,16335,1793,49799,3106,46233,3347,52376,3974,31996,2997,6454,1046
0500000US06007,6007,"Butte County, California",2012,34636,2502,32636,2436,0,197,26,42,70,83,230,250,244,216,320,219,326,219,274,197,242,206,1733,714,1545,647,1943,611,2359,771,1049,428,2594,1128,3707,995,3883,935,5259,1139,3314,1048,2880,831,638,313,2000,652
0500000US06013,6013,"Contra Costa County, California",2012,136189,4960,131249,4944,172,206,419,259,611,276,1605,620,954,579,1912,902,447,317,1132,498,492,270,333,253,1076,513,1362,584,1165,565,1676,740,2267,782,7019,1443,9436,1425,25866,2543,20329,2173,30028,2654,22948,2693,4940,1026
0500000US06017,6017,"El Dorado County, California",2012,17825,2182,16777,2193,0,197,54,100,0,197,118,181,222,286,0,197,72,121,7,12,42,74,167,163,152,141,9,15,912,474,674,372,1166,460,1843,783,1725,875,3278,1052,1982,632,2346,758,2008,721,1048,584
0500000US06019,6019,"Fresno County, California",2012,141926,3606,135744,3601,739,445,694,420,548,378,2304,797,1488,549,1958,716,2389,655,2078,695,2369,749,3932,1061,6731,1043,7045,1418,7426,1225,9297,1727,8339,1604,18214,2328,11453,2030,22979,2340,13936,2028,8927,1630,2898,791,6182,1049
0500000US06023,6023,"Humboldt County, California",2012,24169,1818,22818,1856,0,197,0,197,100,112,142,129,391,381,158,134,310,240,346,201,587,357,738,459,1264,630,1536,575,2491,791,610,442,1312,622,3046,887,2108,736,3100,729,1987,606,2366,767,226,192,1351,550
0500000US06025,6025,"Imperial County, California",2012,20230,1998,18622,1913,0,197,122,183,126,160,237,255,543,545,545,335,358,345,690,411,229,198,1180,606,1367,679,1656,537,1665,696,1140,517,1494,678,1763,733,1634,821,2153,874,668,542,1052,506,0,197,1608,561
0500000US06029,6029,"Kern County, California",2012,108067,4317,102951,4145,362,397,218,268,413,338,823,427,889,445,1312,597,1444,568,2302,713,2292,828,4296,1092,4358,1002,6657,1296,5416,1050,6219,1289,6776,1305,10756,1538,9818,1729,18145,2529,10963,1706,7527,1519,1965,651,5116,1186
0500000US06031,6031,"Kings County, California",2012,20599,1710,19462,1641,92,147,0,197,18,36,315,243,149,153,453,347,181,217,269,200,435,274,593,412,789,441,1490,575,1841,573,1811,844,1438,524,1530,600,1524,490,2906,854,2103,723,1117,495,408,387,1137,361
0500000US06037,6037,"Los Angeles County, California",2012,1750538,12601,1709594,12439,4123,951,2257,756,4753,969,20213,2142,15781,1596,9588,1512,9573,1405,15449,1542,11817,1445,18753,1761,20615,2048,24955,2154,36308,2826,49445,3334,56283,2906,136406,4728,169581,6076,356116,8476,274489,7374,285907,8659,187182,7335,40944,2470
0500000US06039,6039,"Madera County, California",2012,16480,1730,14530,1590,0,197,249,289,0,197,66,122,50,89,109,106,169,202,244,258,358,339,424,453,448,299,1185,626,1054,619,719,385,729,506,1764,736,1663,559,2456,941,1234,471,969,461,640,277,1950,851
0500000US06041,6041,"Marin County, California",2012,38479,2444,37167,2409,100,166,0,197,173,187,438,377,272,288,56,96,286,211,92,161,78,118,393,325,115,142,229,208,334,231,533,323,704,553,703,336,1265,426,3889,983,7209,1399,11622,1867,8676,1526,1312,508
0500000US06045,6045,"Mendocino County, California",2012,16244,1317,15093,1348,0,197,137,160,110,129,366,290,143,161,324,235,328,343,863,522,972,506,443,376,264,225,320,284,1016,519,285,254,932,511,1401,546,842,537,2548,891,2062,917,1245,494,492,237,1151,523
0500000US06047,6047,"Merced County, California",2012,35520,2389,32990,2265,0,197,0,197,359,306,346,196,356,267,189,146,801,482,638,403,1485,647,907,503,1861,641,2208,820,1362,467,2137,646,2573,831,3752,1130,3973,1240,6102,1268,2749,977,1033,452,159,208,2530,707
0500000US06053,6053,"Monterey County, California",2012,63587,2750,62359,2723,97,152,36,64,28,49,409,346,338,242,240,164,410,268,356,243,806,414,645,409,556,351,269,223,1282,541,1422,564,1986,680,5512,1030,7512,1585,12550,1853,9458,1515,10740,1598,7707,1504,1228,432
0500000US06055,6055,"Napa County, California",2012,19004,1523,17929,1543,0,197,168,194,0,197,47,80,377,308,138,172,337,302,352,244,85,105,120,124,363,504,239,295,61,71,339,273,213,192,775,346,1099,435,4009,812,2308,753,3964,825,2935,672,1075,395
0500000US06059,6059,"Orange County, California",2012,429412,6235,419652,6227,645,416,338,404,860,448,3111,855,2690,856,2143,703,988,457,2756,837,1953,680,2390,675,1392,551,2290,843,2841,978,2023,676,3722,1129,10479,1500,20556,2379,70095,4434,91240,3848,117039,4294,80101,4522,9760,1402
0500000US06061,6061,"Placer County, California",2012,40638,2587,39309,2568,0,197,0,197,31,56,180,177,239,162,243,209,226,187,54,90,213,190,366,296,71,88,508,331,911,416,829,369,705,349,3478,1060,4300,1131,7187,1239,7542,1360,8114,1192,4112,1111,1329,471
0500000US06065,6065,"Riverside County, California",2012,243096,6849,233885,6755,222,198,198,234,842,454,2038,693,1964,600,1648,679,2219,821,2216,797,1979,632,2995,780,4520,1434,5305,984,6765,1550,7231,1499,8612,1461,22191,2234,22281,2618,45875,3189,32123,2488,43540,3431,19121,2772,9211,1403
0500000US06067,6067,"Sacramento County, California",2012,227418,5529,221479,5399,467,270,542,323,1042,348,2558,816,1691,621,1185,476,1646,650,3293,956,1601,645,3081,846,4121,947,7555,1436,9656,1861,11384,1914,11474,1726,29970,2588,23189,1862,41841,3454,31069,2686,26033,3052,8081,1446,5939,1493
0500000US06071,6071,"San Bernardino County, California",2012,240628,7154,231819,7175,259,219,314,308,991,469,1216,521,1790,661,1649,538,1888,657,1645,594,2597,929,3284,958,4279,1122,6579,1349,9079,1495,7548,1398,11407,1856,20878,2429,27252,2994,52094,4629,32552,3416,33274,3260,11244,1586,8809,1425
0500000US06073,6073,"San Diego County, California",2012,506123,7464,493339,7247,730,446,648,304,1434,727,4416,794,3289,1071,2904,758,2754,796,2870,736,3842,856,2595,734,4733,1172,3595,923,6917,1365,8514,1317,13014,1786,35128,2946,43861,3085,104425,4791,76803,4054,100862,5331,70005,4520,12784,1456
0500000US06075,6075,"San Francisco County, California",2012,222103,4887,217105,4777,1509,803,1302,730,1078,473,5263,1092,4218,1106,2649,835,2292,747,3150,944,4053,1290,3333,875,3055,1020,3265,850,4010,1105,4170,1343,2968,894,6744,1267,6387,1150,24427,2301,23589,2624,47119,3910,62524,3517,4998,1366
0500000US06077,6077,"San Joaquin County, California",2012,93962,3322,89552,3404,243,320,115,99,299,249,787,421,558,253,271,171,1006,453,740,354,1668,681,2043,709,2983,837,4040,864,3241,888,4796,1011,5059,1177,8642,1315,9616,1349,16283,2238,11869,1745,12299,1853,2994,984,4410,917
0500000US06079,6079,"San Luis Obispo County, California",2012,45792,2809,43646,2761,0,197,52,86,0,197,384,256,458,283,224,172,166,162,445,373,372,308,299,263,272,219,520,348,1516,907,770,373,1181,531,3244,1000,4773,1052,9774,1735,7549,1705,7858,1165,3789,889,2146,820
0500000US06081,6081,"San Mateo County, California",2012,110160,3537,106893,3475,0,197,0,197,321,296,634,316,214,174,248,164,369,374,527,323,203,178,158,139,390,290,660,484,637,409,808,423,666,498,2571,854,2771,1012,15938,1891,21125,2302,29941,2768,28712,2602,3267,877
0500000US06083,6083,"Santa Barbara County, California",2012,68463,2801,66588,2776,42,67,553,436,354,353,887,448,345,267,369,307,294,235,360,284,458,300,705,308,1025,567,826,377,379,289,1280,598,1672,619,4251,1104,5241,1143,11484,1636,9373,1463,16679,1963,10011,1485,1875,518
0500000US06085,6085,"Santa Clara County, California",2012,269326,5977,264095,5827,315,183,537,409,729,409,3138,826,2205,568,1689,600,888,347,2961,943,1300,551,2283,800,1965,716,1678,579,1950,643,1873,613,2935,709,6567,1355,10767,1686,32753,2876,45752,3213,74247,4604,67563,3840,5231,1061
0500000US06087,6087,"Santa Cruz County, California",2012,40353,2530,39272,2490,0,197,0,197,102,147,541,254,198,153,471,334,365,209,535,397,180,216,298,207,421,332,374,232,515,356,525,439,399,378,1536,756,2646,880,5453,1275,5661,1365,10956,1798,8096,1578,1081,436
0500000US06089,6089,"Shasta County, California",2012,25900,1893,24700,1796,0,197,0,197,212,263,199,133,428,275,272,278,456,310,612,434,790,541,693,375,396,197,1119,542,1026,557,1336,569,1218,367,3320,809,2099,809,4228,1007,3305,873,2081,683,910,531,1200,567
0500000US06095,6095,"Solano County, California",2012,57731,2836,55574,2815,0,197,0,197,238,250,604,396,666,360,245,218,0,197,641,307,741,427,469,290,509,321,1004,761,533,416,1031,533,1469,518,3362,1053,4877,956,11696,1742,11573,1816,10603,1569,5313,1174,2157,903
0500000US06097,6097,"Sonoma County, California",2012,73872,3291,70860,3197,124,153,70,116,156,152,462,255,733,434,672,418,455,400,661,434,245,208,264,188,470,310,554,284,253,240,1381,735,1597,591,4140,1022,6136,1178,16996,2086,14187,1874,13251,1745,8053,1195,3012,826
0500000US06099,6099,"Stanislaus County, California",2012,74416,2882,70703,2916,59,96,451,452,97,169,591,372,480,261,502,316,913,391,705,374,1198,687,1807,696,2315,961,2964,983,2420,775,3172,929,3136,1004,9992,1779,7730,1466,14003,2006,7630,1427,8596,1827,1942,722,3713,1013
0500000US06101,6101,"Sutter County, California",2012,12742,1183,12002,1155,148,174,33,55,0,197,64,106,253,194,100,119,81,93,151,154,66,119,311,268,695,438,664,380,1008,539,553,316,922,438,1558,584,935,382,1677,478,1383,559,1075,482,325,320,740,377
0500000US06107,6107,"Tulare County, California",2012,57570,2699,53843,2726,127,145,267,359,43,52,546,341,1199,587,876,442,870,319,1977,668,2061,728,1306,582,3168,929,2398,733,4290,1157,3663,860,3516,959,6354,1416,4822,1201,8487,1573,3725,882,3197,1089,951,491,3727,893
0500000US06111,6111,"Ventura County, California",2012,95849,4031,93048,4089,202,197,144,143,117,113,571,244,590,319,1047,511,335,201,307,171,691,415,801,483,780,440,948,445,1147,534,716,470,1869,664,3630,916,5436,1049,15316,1884,15781,1975,23042,2164,19578,2155,2801,762
0500000US06113,6113,"Yolo County, California",2012,35885,2175,34933,2147,0,197,136,162,47,89,262,209,403,328,289,285,695,560,956,582,358,337,760,584,1382,557,987,577,1558,731,738,473,1892,829,2849,904,3870,806,6566,1277,4342,973,4743,1098,2100,594,952,488
0500000US06115,6115,"Yuba County, California",2012,10171,1129,9336,1071,0,197,96,140,0,197,36,60,266,192,224,202,226,230,99,127,168,166,127,221,772,503,589,425,303,276,221,183,716,382,1295,571,464,238,1543,594,937,459,980,478,274,181,835,466
0500000US06001,6001,"Alameda County, California",2013,267492,5563,260616,5693,693,324,602,332,1268,523,3979,1214,3640,939,1978,765,866,457,2672,726,2700,874,2128,812,2280,784,3337,976,3220,846,4684,1139,4655,1187,12818,1898,18174,2008,44581,3073,46951,3300,59984,3910,39406,3148,6876,1221
0500000US06007,6007,"Butte County, California",2013,36197,2468,34459,2381,0,203,6,12,105,175,364,315,258,208,229,206,96,106,179,187,630,319,1000,594,1270,518,1991,691,2062,661,3462,1144,2816,901,4282,1106,3883,956,4453,1143,3602,1057,2795,1070,976,644,1738,809
0500000US06013,6013,"Contra Costa County, California",2013,135067,4372,131649,4296,318,227,418,424,190,159,1420,638,1517,698,441,386,1245,663,1167,622,992,603,727,367,823,456,927,523,962,464,1689,778,2193,838,5999,1435,8781,1783,24248,2772,21145,2367,32571,3485,23876,2512,3418,715
0500000US06017,6017,"El Dorado County, California",2013,18002,2125,16031,2045,0,203,0,203,0,203,420,571,0,203,0,203,345,401,316,323,0,203,306,418,591,501,352,343,557,444,373,361,733,524,1372,454,2415,946,3208,1103,1621,572,1712,786,1710,923,1971,850
0500000US06019,6019,"Fresno County, California",2013,140751,4010,135035,4049,763,419,619,462,1173,552,789,447,1889,688,1494,632,2370,878,3018,991,2587,888,4662,1095,5578,1280,6662,1157,8539,1475,9891,1726,8181,1291,15755,2134,13822,2091,22214,2407,12675,1795,8896,2015,3458,993,5716,1334
0500000US06023,6023,"Humboldt County, California",2013,24241,1688,22205,1648,51,91,0,203,0,203,69,106,468,404,44,57,110,136,404,304,368,372,770,602,726,390,968,502,1501,556,1789,789,1566,866,2010,711,1817,575,3730,983,2831,950,2186,677,797,489,2036,847
0500000US06025,6025,"Imperial County, California",2013,21786,1814,20489,1778,0,203,111,122,287,294,542,435,1039,472,118,142,302,196,696,376,608,383,1485,759,605,379,1208,640,1517,676,1488,652,1263,446,1530,621,1403,630,3730,1166,1271,644,1172,518,114,138,1297,613
0500000US06029,6029,"Kern County, California",2013,119672,4683,114752,4528,338,275,123,211,303,310,479,286,1337,638,1174,629,731,435,2809,869,2879,1001,3823,928,4486,1135,6893,1464,7100,1525,7789,1708,6675,1396,11118,1815,12871,2122,20096,2987,9951,1947,10671,2070,3106,1144,4920,1262
0500000US06031,6031,"Kings County, California",2013,20723,1555,19867,1520,126,203,283,295,106,173,300,300,564,355,388,272,440,386,462,359,404,423,546,431,861,486,1240,647,1499,775,1296,614,966,503,1793,645,1724,714,3617,1093,1259,490,1366,681,627,515,856,367
0500000US06037,6037,"Los Angeles County, California",2013,1769811,13917,1725102,13798,4475,1119,3759,835,4359,995,17648,1955,19481,1882,12410,1970,10829,1575,12876,1727,11694,1746,17565,2178,20136,2188,24137,2062,31914,2485,40951,2938,51309,2818,129129,5625,162765,6628,349908,9299,284542,8216,297317,8738,217898,7141,44709,3641
0500000US06039,6039,"Madera County, California",2013,18979,1576,17670,1518,38,63,152,203,66,111,406,345,421,363,301,305,347,389,291,291,483,312,132,132,886,510,561,436,550,380,442,262,716,429,1396,652,2407,869,4936,1217,1858,733,977,554,304,287,1309,578
0500000US06041,6041,"Marin County, California",2013,35321,2272,33903,2126,0,203,611,485,367,466,159,152,396,294,254,278,356,309,62,95,148,184,122,144,299,257,82,94,63,106,7,12,97,116,670,379,933,405,4992,1186,5137,1100,8302,1429,10846,1636,1418,640
0500000US06045,6045,"Mendocino County, California",2013,14338,1851,13019,1847,0,203,152,226,395,399,6,11,513,416,415,427,378,286,182,157,329,283,381,319,585,438,204,169,589,492,1006,729,172,191,1137,593,1861,733,1589,677,1303,638,1284,532,538,427,1319,471
0500000US06047,6047,"Merced County, California",2013,37001,2002,35207,1969,0,203,298,255,300,279,323,275,218,181,740,385,385,294,651,341,927,575,941,463,1838,633,2768,838,1637,617,2009,799,2222,721,3675,958,3714,969,7204,1391,2427,797,2321,885,609,429,1794,528
0500000US06053,6053,"Monterey County, California",2013,63634,2370,61742,2490,132,167,0,203,0,203,345,352,601,451,756,480,584,404,259,176,454,352,696,318,572,323,1214,533,1210,597,1117,564,1425,554,3387,891,5103,1108,15005,1998,9018,1168,10636,1644,9228,1365,1892,661
0500000US06055,6055,"Napa County, California",2013,17914,1604,16976,1576,0,203,0,203,0,203,29,47,391,356,117,112,77,126,55,66,92,119,313,267,61,73,215,183,53,89,397,320,675,389,1082,463,1083,546,3251,958,3030,855,3032,769,3023,939,938,425
0500000US06059,6059,"Orange County, California",2013,426548,7197,415913,7088,590,427,449,292,782,547,2226,745,3472,765,2674,942,1822,887,2278,793,2085,724,1420,616,1255,624,1162,563,2329,822,3188,1086,2733,788,11417,1789,18470,2338,64743,4437,85231,4151,112519,5173,95068,4780,10635,1651
0500000US06061,6061,"Placer County, California",2013,41893,2674,40743,2664,177,210,344,333,0,203,159,149,236,234,278,259,119,106,198,193,140,145,509,376,446,268,571,348,386,260,796,529,929,479,2848,913,3194,1180,6912,1284,7508,1166,8775,1393,6218,1262,1150,475
0500000US06065,6065,"Riverside County, California",2013,251406,6801,241615,6479,285,186,547,412,517,449,1666,721,1821,566,1464,591,2038,716,3102,1091,2050,696,3103,892,4490,1051,6222,1386,5599,1238,8128,1562,7708,1455,18373,2062,22691,2405,47199,3680,37769,2347,44713,3120,22130,2288,9791,1533
0500000US06067,6067,"Sacramento County, California",2013,238374,5288,231032,5205,299,232,1226,546,1535,740,1943,643,2779,999,1484,651,2085,704,1660,698,1586,621,3451,1272,3935,920,8104,1637,10195,1822,10676,1996,11648,1681,27454,2680,22909,2570,45009,3503,33795,2953,30397,2791,8862,1565,7342,1362
0500000US06071,6071,"San Bernardino County, California",2013,242499,5970,233475,6196,632,536,677,453,667,349,1540,591,1234,453,1000,558,2578,816,2004,801,2501,789,3073,1116,3629,911,6077,1339,6356,1390,7219,1220,10847,2315,20792,2313,26096,3110,54096,4332,35258,3586,34269,2620,12930,1876,9024,1650
0500000US06073,6073,"San Diego County, California",2013,516401,7656,504584,7752,1105,517,1654,834,1052,492,3655,897,4623,1312,2462,726,3063,1147,3029,1033,1957,630,2769,801,4171,1106,4789,1259,5312,1318,7321,1439,12995,1866,31280,2913,38980,3063,109460,6094,80213,5205,108211,5781,76483,3976,11817,1694
0500000US06075,6075,"San Francisco County, California",2013,227440,4797,222412,4790,1210,594,1350,697,630,415,3707,1221,5377,1249,2694,996,1371,672,4383,1194,3684,1152,2408,716,3243,1181,3987,1072,3910,1252,3229,966,3220,1020,10339,1904,8535,1545,24575,2952,24240,2601,43396,3605,66924,3419,5028,1050
0500000US06077,6077,"San Joaquin County, California",2013,96593,3698,91794,3505,244,235,48,79,233,233,469,256,685,349,721,355,699,416,717,387,1563,615,1242,512,3075,1046,3036,893,3971,1080,4489,1098,5108,1092,10157,1526,9974,1553,16040,2041,12751,2054,12534,1814,4038,1175,4799,1120
0500000US06079,6079,"San Luis Obispo County, California",2013,45181,2630,42801,2519,0,203,0,203,0,203,476,427,410,351,215,207,261,226,456,478,438,527,554,336,427,294,342,254,427,421,817,486,1477,826,3610,1248,4577,1246,8527,1679,8501,1738,6670,1497,4616,1204,2380,968
0500000US06081,6081,"San Mateo County, California",2013,102785,3131,100173,3079,99,122,112,178,592,481,411,342,834,618,297,218,70,68,467,390,506,411,389,317,502,487,284,268,715,459,709,467,1058,623,2530,906,2813,880,11475,1657,16694,1751,28221,2678,31395,2787,2612,742
0500000US06083,6083,"Santa Barbara County, California",2013,67582,3230,64917,3239,82,134,124,153,180,253,606,482,767,370,295,216,473,436,918,430,239,193,457,281,1104,553,695,296,1201,484,761,412,1485,567,3402,766,4854,1128,11674,1878,9121,1633,14187,1916,12292,1717,2665,968
0500000US06085,6085,"Santa Clara County, California",2013,272636,6028,267208,5990,552,487,708,511,433,448,1302,588,2221,768,1451,694,1317,506,2523,789,1237,519,1486,600,1233,458,1997,633,1657,553,1937,634,1652,693,5745,1144,8969,1358,31580,3077,43728,3420,71627,4419,83853,4409,5428,1264
0500000US06087,6087,"Santa Cruz County, California",2013,37556,2530,36250,2668,18,30,20,34,119,204,328,268,279,240,882,590,299,236,557,497,902,668,632,465,405,256,436,442,903,593,843,695,63,100,1558,972,2337,932,4995,1409,6379,1322,7584,1374,6711,1113,1306,649
0500000US06089,6089,"Shasta County, California",2013,27048,1733,26163,1735,41,73,48,82,203,255,188,141,245,264,357,340,513,394,343,368,322,296,1104,757,842,430,1036,492,1603,703,2030,802,1618,628,2778,826,3303,929,4795,1003,2657,827,1774,683,363,269,885,354
0500000US06095,6095,"Solano County, California",2013,58260,3135,56602,3050,0,203,0,203,65,113,286,224,714,430,191,144,521,335,373,354,239,187,883,623,928,687,607,373,703,370,902,540,1666,769,3048,856,5053,1167,11880,1699,8876,1496,13669,2339,5998,1147,1658,505
0500000US06097,6097,"Sonoma County, California",2013,78405,3228,75053,3253,135,163,0,203,0,203,1051,692,1038,422,483,340,572,440,625,359,879,575,1573,714,687,404,976,483,746,380,783,448,1688,824,3732,933,6437,1533,14289,1808,13244,2068,17325,2390,8790,1494,3352,1071
0500000US06099,6099,"Stanislaus County, California",2013,72737,2986,69024,2981,26,42,76,127,56,91,682,525,756,395,778,398,727,456,931,457,187,142,933,408,2332,874,1977,879,2473,852,3192,998,4290,1157,9652,1924,8101,1527,15791,1996,9273,1534,4898,1156,1893,874,3713,1071
0500000US06101,6101,"Sutter County, California",2013,12981,1322,12538,1308,0,203,0,203,0,203,97,111,82,103,352,333,108,111,181,205,95,114,184,213,456,357,579,302,575,345,686,424,880,475,1258,510,1257,541,2212,740,1882,714,1403,547,251,159,443,228
0500000US06107,6107,"Tulare County, California",2013,62537,2708,59982,2794,77,93,206,198,350,285,862,668,847,399,926,421,1075,587,1820,667,1555,577,2596,917,3173,849,4511,1566,3802,1185,3361,770,4099,1184,6486,1401,7239,1777,9518,1574,4480,1169,2302,835,697,403,2555,782
0500000US06111,6111,"Ventura County, California",2013,97654,3470,94488,3517,37,61,58,101,267,207,928,424,1513,606,803,627,1044,540,891,568,369,269,980,588,465,310,783,349,1389,634,709,434,1716,563,2381,799,3782,985,12633,1659,15603,1925,25359,2506,22778,2519,3166,743
0500000US06113,6113,"Yolo County, California",2013,36208,2198,34348,2106,0,203,146,183,94,154,514,446,262,266,293,414,71,61,395,294,406,318,488,402,672,437,1393,691,1821,685,1110,567,1069,551,3121,1069,2223,690,7015,1052,6078,1387,4843,1223,2334,755,1860,781
0500000US06115,6115,"Yuba County, California",2013,10823,1299,10226,1296,0,203,363,378,103,118,0,203,177,208,0,203,37,62,100,136,115,120,311,273,311,268,267,254,564,384,977,540,713,476,928,525,835,515,1276,553,1571,674,1311,516,267,249,597,376
