Id,Id2,Geography,Year,Estimate; Total:,Margin of Error; Total:,Estimate; Total: - Median household income for units with a mortgage,Margin of Error; Total: - Median household income for units with a mortgage,Estimate; Total: - Median household for units without a mortgage,Margin of Error; Total: - Median household for units without a mortgage
0500000US06001,6001,"Alameda County, California",2005,84733,2176,94195,2735,50156,3325
0500000US06007,6007,"Butte County, California",2005,54360,2994,65598,3555,33533,3170
0500000US06013,6013,"Contra Costa County, California",2005,87265,2538,95661,2740,50202,3048
0500000US06017,6017,"El Dorado County, California",2005,72402,4451,85465,6829,42382,9281
0500000US06019,6019,"Fresno County, California",2005,58268,2914,65372,2611,36411,4107
0500000US06023,6023,"Humboldt County, California",2005,50477,3225,65627,7554,30493,3837
0500000US06025,6025,"Imperial County, California",2005,51898,4735,60583,4384,32466,7024
0500000US06029,6029,"Kern County, California",2005,51474,2311,61353,2135,30819,2084
0500000US06031,6031,"Kings County, California",2005,50735,4805,55002,4379,40854,6005
0500000US06033,6033,"Lake County, California",2005,44490,5111,54467,9126,27609,3372
0500000US06037,6037,"Los Angeles County, California",2005,70200,935,78623,1249,42928,1375
0500000US06039,6039,"Madera County, California",2005,58237,5201,65379,5346,40606,6757
0500000US06041,6041,"Marin County, California",2005,98921,5502,112627,7438,60535,13314
0500000US06045,6045,"Mendocino County, California",2005,48631,3442,69102,9863,32588,7152
0500000US06047,6047,"Merced County, California",2005,52513,3833,58909,5188,34543,4796
0500000US06053,6053,"Monterey County, California",2005,73368,5334,81651,3585,52700,12053
0500000US06055,6055,"Napa County, California",2005,73669,3986,87347,10220,37368,6212
0500000US06057,6057,"Nevada County, California",2005,60524,4634,73056,6359,36591,11968
0500000US06059,6059,"Orange County, California",2005,84248,1912,94101,2080,48516,2252
0500000US06061,6061,"Placer County, California",2005,76076,3337,87541,4052,44271,6403
0500000US06065,6065,"Riverside County, California",2005,65103,1633,73177,2060,36310,2349
0500000US06067,6067,"Sacramento County, California",2005,67613,1745,74470,1893,40500,2203
0500000US06071,6071,"San Bernardino County, California",2005,62198,1551,69072,2247,32128,2637
0500000US06073,6073,"San Diego County, California",2005,75947,1420,85612,1650,42510,1916
0500000US06075,6075,"San Francisco County, California",2005,83778,3503,101613,5257,50291,5359
0500000US06077,6077,"San Joaquin County, California",2005,65777,2345,73523,3122,38508,2412
0500000US06079,6079,"San Luis Obispo County, California",2005,62338,3233,71225,4920,37187,9520
0500000US06081,6081,"San Mateo County, California",2005,93079,3990,105715,3367,53482,2959
0500000US06083,6083,"Santa Barbara County, California",2005,74189,3871,87975,5011,43043,4674
0500000US06085,6085,"Santa Clara County, California",2005,100705,1974,109495,2590,58073,3976
0500000US06087,6087,"Santa Cruz County, California",2005,83696,5419,96554,6210,45295,6683
0500000US06089,6089,"Shasta County, California",2005,54867,2969,65694,4356,35983,4056
0500000US06095,6095,"Solano County, California",2005,78227,3792,84768,3661,40036,3965
0500000US06097,6097,"Sonoma County, California",2005,72036,3154,84787,3918,41641,3128
0500000US06099,6099,"Stanislaus County, California",2005,59695,2714,66137,2405,35937,2887
0500000US06101,6101,"Sutter County, California",2005,61055,4976,72567,10780,40095,7910
0500000US06107,6107,"Tulare County, California",2005,50510,2425,56206,3666,33806,3364
0500000US06111,6111,"Ventura County, California",2005,81320,2284,91707,2870,40822,4584
0500000US06113,6113,"Yolo County, California",2005,71205,4155,82526,5902,43044,6426
0500000US06115,6115,"Yuba County, California",2005,51254,4143,58537,6630,40640,12683
0500000US06001,6001,"Alameda County, California",2006,88984,2400,100887,2053,50579,2615
0500000US06007,6007,"Butte County, California",2006,54449,4096,65352,4134,33110,3895
0500000US06013,6013,"Contra Costa County, California",2006,89500,2371,97856,2597,51615,3039
0500000US06017,6017,"El Dorado County, California",2006,83557,4118,93750,3064,45367,4910
0500000US06019,6019,"Fresno County, California",2006,61567,1614,69418,1756,39927,3860
0500000US06023,6023,"Humboldt County, California",2006,54448,4463,60709,3548,41452,4361
0500000US06025,6025,"Imperial County, California",2006,49787,3658,54197,6156,35676,6734
0500000US06029,6029,"Kern County, California",2006,57885,3637,67682,2661,35493,2362
0500000US06031,6031,"Kings County, California",2006,60337,6097,67133,10814,43788,21075
0500000US06033,6033,"Lake County, California",2006,45299,8645,53968,3072,30484,9161
0500000US06037,6037,"Los Angeles County, California",2006,74725,875,83015,890,44450,1137
0500000US06039,6039,"Madera County, California",2006,51159,2926,58205,5032,28454,3827
0500000US06041,6041,"Marin County, California",2006,101121,4219,112738,5670,61472,4643
0500000US06045,6045,"Mendocino County, California",2006,44551,3643,60079,11986,31901,4509
0500000US06047,6047,"Merced County, California",2006,54255,3501,60505,3590,37703,5220
0500000US06053,6053,"Monterey County, California",2006,74248,4009,81589,3179,47102,3962
0500000US06055,6055,"Napa County, California",2006,79775,4489,91214,7891,48930,15821
0500000US06057,6057,"Nevada County, California",2006,58609,4019,74412,8580,35391,7048
0500000US06059,6059,"Orange County, California",2006,89191,1559,99375,1584,51121,2332
0500000US06061,6061,"Placer County, California",2006,84678,2709,95419,4028,50531,6752
0500000US06065,6065,"Riverside County, California",2006,64536,1570,74286,1741,37320,1888
0500000US06067,6067,"Sacramento County, California",2006,71721,1446,78479,1888,44497,3551
0500000US06071,6071,"San Bernardino County, California",2006,64559,1722,72264,1437,34564,1919
0500000US06073,6073,"San Diego County, California",2006,78150,1222,87826,1775,42999,2402
0500000US06075,6075,"San Francisco County, California",2006,98054,3884,113920,4629,56529,5358
0500000US06077,6077,"San Joaquin County, California",2006,68878,3827,78635,2956,39741,3618
0500000US06079,6079,"San Luis Obispo County, California",2006,65603,3692,75841,7011,46486,6067
0500000US06081,6081,"San Mateo County, California",2006,98236,3023,110594,2616,55065,5771
0500000US06083,6083,"Santa Barbara County, California",2006,71105,3112,84100,4259,44588,3671
0500000US06085,6085,"Santa Clara County, California",2006,102579,1898,113554,2618,57633,2539
0500000US06087,6087,"Santa Cruz County, California",2006,85000,4879,99096,6243,48445,7111
0500000US06089,6089,"Shasta County, California",2006,53730,2490,63302,3967,35684,3616
0500000US06095,6095,"Solano County, California",2006,78816,2733,83451,2435,47485,5263
0500000US06097,6097,"Sonoma County, California",2006,78200,3328,87131,2919,44674,4080
0500000US06099,6099,"Stanislaus County, California",2006,62625,3163,68182,2319,40044,3651
0500000US06101,6101,"Sutter County, California",2006,67165,4280,73862,4402,34024,4163
0500000US06107,6107,"Tulare County, California",2006,54256,2005,60964,1626,40012,4591
0500000US06111,6111,"Ventura County, California",2006,86626,2289,96304,3096,45533,5273
0500000US06113,6113,"Yolo County, California",2006,78200,4726,86301,7679,55144,17647
0500000US06115,6115,"Yuba County, California",2006,57193,7221,69924,10023,23160,9710
0500000US06001,6001,"Alameda County, California",2007,94228,2456,103188,2576,52080,3912
0500000US06007,6007,"Butte County, California",2007,51852,4238,63336,2473,31825,3671
0500000US06013,6013,"Contra Costa County, California",2007,93160,2414,102029,2487,52279,2724
0500000US06017,6017,"El Dorado County, California",2007,81115,6291,92040,5050,46312,6937
0500000US06019,6019,"Fresno County, California",2007,66070,2880,73569,2909,44137,3443
0500000US06023,6023,"Humboldt County, California",2007,47852,5046,63064,9083,31765,4760
0500000US06025,6025,"Imperial County, California",2007,53606,4718,62841,7391,29571,8169
0500000US06029,6029,"Kern County, California",2007,60623,2108,67189,3095,36573,3613
0500000US06031,6031,"Kings County, California",2007,62490,5255,70953,6732,30004,6044
0500000US06033,6033,"Lake County, California",2007,46915,8128,67464,15205,30370,5849
0500000US06037,6037,"Los Angeles County, California",2007,78567,956,86738,1110,48684,1295
0500000US06039,6039,"Madera County, California",2007,63552,5522,70184,7294,39756,6685
0500000US06041,6041,"Marin County, California",2007,107269,5634,122288,8073,66434,10440
0500000US06045,6045,"Mendocino County, California",2007,54257,6309,74268,7696,35809,5694
0500000US06047,6047,"Merced County, California",2007,61400,4527,68564,5729,40611,9912
0500000US06053,6053,"Monterey County, California",2007,75745,3390,82993,5238,56501,6900
0500000US06055,6055,"Napa County, California",2007,80089,9693,99889,7597,42492,7159
0500000US06057,6057,"Nevada County, California",2007,63752,4062,71212,7077,52692,9958
0500000US06059,6059,"Orange County, California",2007,93249,1514,104361,1411,53416,2592
0500000US06061,6061,"Placer County, California",2007,84236,3514,94030,2835,46324,5242
0500000US06065,6065,"Riverside County, California",2007,70155,1276,79552,1557,39221,1960
0500000US06067,6067,"Sacramento County, California",2007,75367,1691,82837,1995,47087,2828
0500000US06071,6071,"San Bernardino County, California",2007,69297,1917,76758,1843,38539,3315
0500000US06073,6073,"San Diego County, California",2007,82944,1155,92965,1649,46100,2149
0500000US06075,6075,"San Francisco County, California",2007,101558,4175,123915,5716,51348,4475
0500000US06077,6077,"San Joaquin County, California",2007,69290,3792,79794,2987,42163,3449
0500000US06079,6079,"San Luis Obispo County, California",2007,78792,4417,90715,5990,47308,6488
0500000US06081,6081,"San Mateo County, California",2007,102243,2927,115394,4070,62313,3555
0500000US06083,6083,"Santa Barbara County, California",2007,80274,4409,92996,5055,50065,5179
0500000US06085,6085,"Santa Clara County, California",2007,108924,2169,119383,2980,68930,3694
0500000US06087,6087,"Santa Cruz County, California",2007,81888,4443,95010,6417,54156,4554
0500000US06089,6089,"Shasta County, California",2007,53687,5010,62443,4178,35008,4743
0500000US06095,6095,"Solano County, California",2007,84374,3065,92043,2740,49861,3929
0500000US06097,6097,"Sonoma County, California",2007,78768,2547,89610,3374,47528,3755
0500000US06099,6099,"Stanislaus County, California",2007,65061,2662,72618,3268,33721,3227
0500000US06101,6101,"Sutter County, California",2007,65899,7618,73781,6725,34346,6224
0500000US06107,6107,"Tulare County, California",2007,50790,2988,59514,4244,36242,4224
0500000US06111,6111,"Ventura County, California",2007,87583,2668,96658,2879,48878,3656
0500000US06113,6113,"Yolo County, California",2007,85029,6298,100313,5836,48401,7222
0500000US06115,6115,"Yuba County, California",2007,66665,7669,72236,6505,38860,9829
0500000US06001,6001,"Alameda County, California",2008,98064,2474,107661,2287,57739,3367
0500000US06007,6007,"Butte County, California",2008,52461,3832,68197,5136,35165,2883
0500000US06013,6013,"Contra Costa County, California",2008,98909,2594,106325,2314,59926,4007
0500000US06017,6017,"El Dorado County, California",2008,80286,5645,92761,7376,53997,5417
0500000US06019,6019,"Fresno County, California",2008,66321,2265,73609,2884,42409,3421
0500000US06023,6023,"Humboldt County, California",2008,55801,3460,63960,4546,31388,7002
0500000US06025,6025,"Imperial County, California",2008,54509,7059,66650,8414,31351,7348
0500000US06029,6029,"Kern County, California",2008,59006,3315,67006,3039,36986,3660
0500000US06031,6031,"Kings County, California",2008,62141,4585,70459,7298,37632,5661
0500000US06033,6033,"Lake County, California",2008,50956,5776,58740,6478,36704,7382
0500000US06037,6037,"Los Angeles County, California",2008,81778,982,90248,1139,51229,1176
0500000US06039,6039,"Madera County, California",2008,65232,8345,72075,6581,46735,6991
0500000US06041,6041,"Marin County, California",2008,117257,5875,129928,6536,75127,9762
0500000US06045,6045,"Mendocino County, California",2008,59707,3534,71362,12267,43006,9480
0500000US06047,6047,"Merced County, California",2008,61879,4816,67974,4615,45158,5979
0500000US06053,6053,"Monterey County, California",2008,76374,4438,84216,3747,55881,5713
0500000US06055,6055,"Napa County, California",2008,86029,5943,104213,4791,48339,8014
0500000US06057,6057,"Nevada County, California",2008,64639,5340,80295,10577,47780,4923
0500000US06059,6059,"Orange County, California",2008,96518,1732,106206,1692,54772,3671
0500000US06061,6061,"Placer County, California",2008,89335,3460,101732,2822,47058,4562
0500000US06065,6065,"Riverside County, California",2008,70653,1293,80527,1610,39303,1973
0500000US06067,6067,"Sacramento County, California",2008,75328,2176,83414,2062,46858,2454
0500000US06071,6071,"San Bernardino County, California",2008,69630,1861,76679,1941,40562,1798
0500000US06073,6073,"San Diego County, California",2008,86196,1537,96137,1627,50225,2074
0500000US06075,6075,"San Francisco County, California",2008,109172,4661,125824,7643,59976,5748
0500000US06077,6077,"San Joaquin County, California",2008,73810,2986,82912,3168,45845,4189
0500000US06079,6079,"San Luis Obispo County, California",2008,74201,4428,86939,4503,47595,5934
0500000US06081,6081,"San Mateo County, California",2008,107167,3739,121292,5556,65023,4602
0500000US06083,6083,"Santa Barbara County, California",2008,81405,3927,92431,4810,48613,4702
0500000US06085,6085,"Santa Clara County, California",2008,111879,2254,123884,3074,71746,4440
0500000US06087,6087,"Santa Cruz County, California",2008,91260,4870,103002,4637,51125,6935
0500000US06089,6089,"Shasta County, California",2008,54221,4896,63711,4301,35613,4617
0500000US06095,6095,"Solano County, California",2008,85433,3938,96114,4726,48341,4256
0500000US06097,6097,"Sonoma County, California",2008,80224,3615,94781,4251,40585,2311
0500000US06099,6099,"Stanislaus County, California",2008,65892,2997,72751,3284,41800,3169
0500000US06101,6101,"Sutter County, California",2008,63879,5467,70158,4218,35462,8605
0500000US06107,6107,"Tulare County, California",2008,59669,3735,65683,3262,42014,6872
0500000US06111,6111,"Ventura County, California",2008,96512,3396,104943,2282,53969,3465
0500000US06113,6113,"Yolo County, California",2008,84996,9230,97881,8320,53167,8894
0500000US06115,6115,"Yuba County, California",2008,63446,9454,77516,9780,31529,10671
0500000US06001,6001,"Alameda County, California",2009,98014,2269,109180,2060,55843,3764
0500000US06007,6007,"Butte County, California",2009,53151,3317,63105,3380,35077,4030
0500000US06013,6013,"Contra Costa County, California",2009,95146,3402,104950,3002,55359,3641
0500000US06017,6017,"El Dorado County, California",2009,82837,5677,97510,6459,55184,11354
0500000US06019,6019,"Fresno County, California",2009,63508,2201,70165,3196,42865,4258
0500000US06023,6023,"Humboldt County, California",2009,51316,3892,62159,7104,38264,4318
0500000US06025,6025,"Imperial County, California",2009,55129,7519,70182,9827,28681,3950
0500000US06029,6029,"Kern County, California",2009,61040,1630,67216,3450,40062,3416
0500000US06031,6031,"Kings County, California",2009,54773,3226,57121,4210,44308,10158
0500000US06033,6033,"Lake County, California",2009,55375,5088,74870,8580,26613,4219
0500000US06037,6037,"Los Angeles County, California",2009,79610,820,87114,1001,50406,1436
0500000US06039,6039,"Madera County, California",2009,54947,4424,59202,8293,37277,7579
0500000US06041,6041,"Marin County, California",2009,112600,6297,128245,6816,72143,14334
0500000US06045,6045,"Mendocino County, California",2009,51780,3633,75050,7815,29296,3938
0500000US06047,6047,"Merced County, California",2009,58751,3575,62260,3774,47301,6435
0500000US06053,6053,"Monterey County, California",2009,79160,4717,90228,5549,43948,8464
0500000US06055,6055,"Napa County, California",2009,89627,8627,102097,11508,51571,7308
0500000US06057,6057,"Nevada County, California",2009,67994,5432,75888,9938,43273,7337
0500000US06059,6059,"Orange County, California",2009,91475,1933,102333,1731,55694,2561
0500000US06061,6061,"Placer County, California",2009,85265,4136,94884,5756,54758,5853
0500000US06065,6065,"Riverside County, California",2009,67647,1392,77823,1916,36434,1903
0500000US06067,6067,"Sacramento County, California",2009,71260,1483,80184,1964,46548,2329
0500000US06071,6071,"San Bernardino County, California",2009,66002,1759,74817,1718,36882,2302
0500000US06073,6073,"San Diego County, California",2009,82393,1250,91871,1449,49679,2649
0500000US06075,6075,"San Francisco County, California",2009,104190,6104,122514,7998,66150,6808
0500000US06077,6077,"San Joaquin County, California",2009,68923,3239,77945,3156,42102,4375
0500000US06079,6079,"San Luis Obispo County, California",2009,73776,4983,85661,5845,48121,6161
0500000US06081,6081,"San Mateo County, California",2009,112978,3691,126658,2968,64994,5319
0500000US06083,6083,"Santa Barbara County, California",2009,79014,5178,92681,5480,55271,5168
0500000US06085,6085,"Santa Clara County, California",2009,109763,2744,122059,1992,63169,4507
0500000US06087,6087,"Santa Cruz County, California",2009,83624,5610,97805,6196,51310,11515
0500000US06089,6089,"Shasta County, California",2009,52760,2034,62201,6072,37333,3741
0500000US06095,6095,"Solano County, California",2009,81070,3347,88897,4047,48714,5043
0500000US06097,6097,"Sonoma County, California",2009,81570,3005,94011,5327,46147,4422
0500000US06099,6099,"Stanislaus County, California",2009,62289,2477,71578,2918,39758,3238
0500000US06101,6101,"Sutter County, California",2009,61816,3691,64496,5808,45170,6493
0500000US06107,6107,"Tulare County, California",2009,54982,3004,60713,3376,37654,3445
0500000US06111,6111,"Ventura County, California",2009,89226,3092,99429,2220,46660,3298
0500000US06113,6113,"Yolo County, California",2009,85305,2175,87551,5228,70908,15640
0500000US06115,6115,"Yuba County, California",2009,55036,6543,63386,3744,39677,11630
0500000US06001,6001,"Alameda County, California",2010,97977,2990,108275,3146,61123,3445
0500000US06007,6007,"Butte County, California",2010,54433,3711,68250,5599,33955,4089
0500000US06013,6013,"Contra Costa County, California",2010,95459,2690,107279,3090,54254,3393
0500000US06017,6017,"El Dorado County, California",2010,80321,6528,88771,5778,51849,6735
0500000US06019,6019,"Fresno County, California",2010,65352,2061,72537,2574,47419,5381
0500000US06023,6023,"Humboldt County, California",2010,54556,6464,62202,4437,36394,4315
0500000US06025,6025,"Imperial County, California",2010,54367,4264,63791,8438,35943,7579
0500000US06029,6029,"Kern County, California",2010,61561,2051,69006,2954,39483,3675
0500000US06031,6031,"Kings County, California",2010,66583,5669,76816,12512,44370,7678
0500000US06033,6033,"Lake County, California",2010,41838,6560,51748,10505,25928,5567
0500000US06037,6037,"Los Angeles County, California",2010,78711,1095,87028,1009,49566,1232
0500000US06039,6039,"Madera County, California",2010,60123,6799,66006,6811,42846,8205
0500000US06041,6041,"Marin County, California",2010,110170,7706,125708,9507,69408,13495
0500000US06045,6045,"Mendocino County, California",2010,45453,5754,57548,5462,31076,4369
0500000US06047,6047,"Merced County, California",2010,56475,6223,62087,4254,38222,4498
0500000US06053,6053,"Monterey County, California",2010,72615,4724,83673,4980,50088,7151
0500000US06055,6055,"Napa County, California",2010,87750,6342,98238,5129,43902,11245
0500000US06057,6057,"Nevada County, California",2010,67998,5158,77127,5151,46192,6564
0500000US06059,6059,"Orange County, California",2010,92447,1589,103383,1591,55115,2575
0500000US06061,6061,"Placer County, California",2010,80887,3854,91440,4753,46814,6527
0500000US06065,6065,"Riverside County, California",2010,66100,1334,75310,1680,38643,1544
0500000US06067,6067,"Sacramento County, California",2010,72691,1737,79352,2094,48111,2909
0500000US06071,6071,"San Bernardino County, California",2010,66588,1774,74279,1936,39401,3497
0500000US06073,6073,"San Diego County, California",2010,81747,1060,91605,1194,48713,2153
0500000US06075,6075,"San Francisco County, California",2010,107725,5391,127119,7562,64437,4676
0500000US06077,6077,"San Joaquin County, California",2010,70174,2262,76437,3034,43110,2940
0500000US06079,6079,"San Luis Obispo County, California",2010,72373,4059,83999,4611,42881,4447
0500000US06081,6081,"San Mateo County, California",2010,105708,3751,121279,4037,60587,4385
0500000US06083,6083,"Santa Barbara County, California",2010,76848,3550,88093,5628,49833,5171
0500000US06085,6085,"Santa Clara County, California",2010,109867,2254,126786,3772,64133,4621
0500000US06087,6087,"Santa Cruz County, California",2010,84702,4243,95691,6260,54035,7416
0500000US06089,6089,"Shasta County, California",2010,50120,4234,61404,5557,35404,3745
0500000US06095,6095,"Solano County, California",2010,78140,3402,86216,3858,53892,3591
0500000US06097,6097,"Sonoma County, California",2010,74012,2622,86225,4116,48140,3927
0500000US06099,6099,"Stanislaus County, California",2010,61662,2342,71480,3930,36125,2731
0500000US06101,6101,"Sutter County, California",2010,57321,7732,66855,9816,38022,7760
0500000US06107,6107,"Tulare County, California",2010,57435,2635,62616,3654,34922,4183
0500000US06111,6111,"Ventura County, California",2010,91343,2641,102148,4201,52506,4748
0500000US06113,6113,"Yolo County, California",2010,83396,4671,98252,5732,53762,7520
0500000US06115,6115,"Yuba County, California",2010,58802,4640,67710,10691,34638,7325
0500000US06001,6001,"Alameda County, California",2011,98825,2596,108605,3423,59313,4422
0500000US06007,6007,"Butte County, California",2011,53433,4603,63887,3378,32976,5480
0500000US06013,6013,"Contra Costa County, California",2011,97006,4292,110327,4682,53375,4256
0500000US06017,6017,"El Dorado County, California",2011,76186,4443,89984,7342,42694,6113
0500000US06019,6019,"Fresno County, California",2011,62550,2278,69459,3517,40948,2243
0500000US06023,6023,"Humboldt County, California",2011,53601,3879,67371,4425,37659,8562
0500000US06025,6025,"Imperial County, California",2011,58676,4007,68750,7978,38883,7618
0500000US06029,6029,"Kern County, California",2011,60362,2391,68355,3208,38276,3891
0500000US06031,6031,"Kings County, California",2011,67224,9052,75253,5679,43400,7862
0500000US06033,6033,"Lake County, California",2011,46141,3990,49955,5438,31718,3324
0500000US06037,6037,"Los Angeles County, California",2011,79244,988,88075,1116,51100,1281
0500000US06039,6039,"Madera County, California",2011,53529,3375,60069,4216,42883,7439
0500000US06041,6041,"Marin County, California",2011,109688,10122,124121,8824,69250,13841
0500000US06045,6045,"Mendocino County, California",2011,50562,4942,61481,7727,38270,5240
0500000US06047,6047,"Merced County, California",2011,56697,3270,62612,6300,40815,7358
0500000US06053,6053,"Monterey County, California",2011,78701,6134,86444,7860,61705,10178
0500000US06055,6055,"Napa County, California",2011,85518,5537,95802,7211,47967,5322
0500000US06057,6057,"Nevada County, California",2011,62063,7838,76568,7971,41980,4661
0500000US06059,6059,"Orange County, California",2011,95655,1642,106057,1983,58682,2880
0500000US06061,6061,"Placer County, California",2011,82586,4315,94758,4274,50696,5898
0500000US06065,6065,"Riverside County, California",2011,65474,1376,75280,1803,39302,2292
0500000US06067,6067,"Sacramento County, California",2011,69865,2582,77316,3100,44661,3984
0500000US06071,6071,"San Bernardino County, California",2011,64792,1987,72587,2711,38479,3281
0500000US06073,6073,"San Diego County, California",2011,81433,1369,91664,1978,50658,2134
0500000US06075,6075,"San Francisco County, California",2011,101399,3513,123656,5027,59386,5880
0500000US06077,6077,"San Joaquin County, California",2011,64590,3414,73320,4888,41388,3819
0500000US06079,6079,"San Luis Obispo County, California",2011,74162,4055,85692,6090,52582,7281
0500000US06081,6081,"San Mateo County, California",2011,111586,3683,130419,5092,59676,5075
0500000US06083,6083,"Santa Barbara County, California",2011,83121,4146,97372,5119,56859,5801
0500000US06085,6085,"Santa Clara County, California",2011,111708,1885,128085,4116,67360,3201
0500000US06087,6087,"Santa Cruz County, California",2011,86625,7817,100951,4714,44098,6035
0500000US06089,6089,"Shasta County, California",2011,54150,3485,63521,6903,34740,4572
0500000US06095,6095,"Solano County, California",2011,80019,4297,87215,4968,51933,7154
0500000US06097,6097,"Sonoma County, California",2011,79229,3845,94906,5487,41667,2543
0500000US06099,6099,"Stanislaus County, California",2011,60480,3012,67998,3172,37462,4513
0500000US06101,6101,"Sutter County, California",2011,63309,7681,71968,6205,40215,7535
0500000US06107,6107,"Tulare County, California",2011,55611,3263,62129,2999,37609,3684
0500000US06111,6111,"Ventura County, California",2011,94208,2416,103167,2003,49627,4499
0500000US06113,6113,"Yolo County, California",2011,83078,6617,96966,11776,45437,7617
0500000US06115,6115,"Yuba County, California",2011,51317,6800,58869,11361,32933,12858
0500000US06001,6001,"Alameda County, California",2012,103427,2569,117349,3295,60600,2907
0500000US06007,6007,"Butte County, California",2012,55478,4978,63947,4334,38296,3582
0500000US06013,6013,"Contra Costa County, California",2012,96837,3271,109055,3696,55805,4361
0500000US06017,6017,"El Dorado County, California",2012,83140,7014,97171,6560,50920,12591
0500000US06019,6019,"Fresno County, California",2012,61676,1519,69091,2937,42324,4456
0500000US06023,6023,"Humboldt County, California",2012,55346,3777,61321,5317,39875,4480
0500000US06025,6025,"Imperial County, California",2012,51346,5397,61787,9311,33153,5969
0500000US06029,6029,"Kern County, California",2012,61614,2156,70456,3096,39127,3296
0500000US06031,6031,"Kings County, California",2012,62054,4922,71797,5976,41818,7914
0500000US06033,6033,"Lake County, California",2012,42037,4771,47574,9697,38193,14949
0500000US06037,6037,"Los Angeles County, California",2012,80391,751,89828,1196,51746,1252
0500000US06039,6039,"Madera County, California",2012,52917,4305,59967,4153,42070,8676
0500000US06041,6041,"Marin County, California",2012,117260,5564,141069,10267,70753,8094
0500000US06045,6045,"Mendocino County, California",2012,59481,3087,65174,10475,52599,7170
0500000US06047,6047,"Merced County, California",2012,60917,3954,68550,4983,40772,7168
0500000US06053,6053,"Monterey County, California",2012,76358,2236,82721,4521,56367,7615
0500000US06055,6055,"Napa County, California",2012,83792,8571,100515,5800,49515,5620
0500000US06057,6057,"Nevada County, California",2012,66385,6573,81239,14465,52658,11584
0500000US06059,6059,"Orange County, California",2012,95865,1558,107934,2142,59527,2424
0500000US06061,6061,"Placer County, California",2012,83784,4708,98368,4013,47152,4777
0500000US06065,6065,"Riverside County, California",2012,64950,1474,76049,1808,37506,1750
0500000US06067,6067,"Sacramento County, California",2012,73550,2137,80695,1855,50092,3303
0500000US06071,6071,"San Bernardino County, California",2012,65527,1820,74234,2543,40148,1920
0500000US06073,6073,"San Diego County, California",2012,81732,1151,93179,2235,50380,1495
0500000US06075,6075,"San Francisco County, California",2012,109216,5054,130270,6526,64976,7861
0500000US06077,6077,"San Joaquin County, California",2012,69685,2737,78918,3080,43186,3156
0500000US06079,6079,"San Luis Obispo County, California",2012,79636,5488,91235,3904,52959,7298
0500000US06081,6081,"San Mateo County, California",2012,108411,4598,123155,4397,65822,5737
0500000US06083,6083,"Santa Barbara County, California",2012,83782,5983,97276,6157,54909,7276
0500000US06085,6085,"Santa Clara County, California",2012,116541,2176,130768,2199,67746,3265
0500000US06087,6087,"Santa Cruz County, California",2012,89267,5921,102959,5605,56725,4776
0500000US06089,6089,"Shasta County, California",2012,55556,4604,67967,5045,36996,3290
0500000US06095,6095,"Solano County, California",2012,81098,1959,90518,4667,57600,6445
0500000US06097,6097,"Sonoma County, California",2012,77357,2044,88404,3942,51248,3718
0500000US06099,6099,"Stanislaus County, California",2012,63128,2561,69911,3175,44021,3062
0500000US06101,6101,"Sutter County, California",2012,63163,5429,73157,5873,43690,9495
0500000US06107,6107,"Tulare County, California",2012,53715,2918,58936,3059,37626,3395
0500000US06111,6111,"Ventura County, California",2012,91663,2134,101516,2047,54776,3772
0500000US06113,6113,"Yolo County, California",2012,87061,5467,97841,4160,51875,10952
0500000US06115,6115,"Yuba County, California",2012,60696,8234,68254,9823,34375,6992
0500000US06001,6001,"Alameda County, California",2013,105265,3079,119960,3006,69760,4135
0500000US06007,6007,"Butte County, California",2013,56997,4518,68490,2167,40861,4293
0500000US06013,6013,"Contra Costa County, California",2013,101324,2180,114915,3387,61133,4145
0500000US06017,6017,"El Dorado County, California",2013,74991,5904,97036,8532,44918,7946
0500000US06019,6019,"Fresno County, California",2013,63582,2702,70720,1799,46680,3649
0500000US06023,6023,"Humboldt County, California",2013,52643,3767,64219,4342,38041,6424
0500000US06025,6025,"Imperial County, California",2013,62401,3369,71867,5701,39721,5436
0500000US06029,6029,"Kern County, California",2013,67079,2550,76514,1830,42527,5012
0500000US06031,6031,"Kings County, California",2013,66156,7977,73028,9892,47303,9669
0500000US06033,6033,"Lake County, California",2013,52448,8459,61114,8606,36368,17074
0500000US06037,6037,"Los Angeles County, California",2013,81897,999,91460,1001,54760,1703
0500000US06039,6039,"Madera County, California",2013,54223,8396,60289,5823,37329,9005
0500000US06041,6041,"Marin County, California",2013,125022,10544,144338,9977,70323,12943
0500000US06045,6045,"Mendocino County, California",2013,55884,6248,67612,6674,36183,7950
0500000US06047,6047,"Merced County, California",2013,55619,3421,63767,4559,39621,5328
0500000US06053,6053,"Monterey County, California",2013,78851,2714,89340,5565,54858,5065
0500000US06055,6055,"Napa County, California",2013,87715,7537,99611,7541,57806,6942
0500000US06057,6057,"Nevada County, California",2013,65669,5596,79073,6801,45450,8358
0500000US06059,6059,"Orange County, California",2013,98756,2169,111135,1952,60990,2014
0500000US06061,6061,"Placer County, California",2013,88835,3656,101534,3076,57169,6338
0500000US06065,6065,"Riverside County, California",2013,68406,1415,77193,1968,43758,2501
0500000US06067,6067,"Sacramento County, California",2013,71779,1657,80196,2165,49942,2550
0500000US06071,6071,"San Bernardino County, California",2013,66721,1331,75771,1643,43734,1925
0500000US06073,6073,"San Diego County, California",2013,85340,1664,97593,2138,52459,2555
0500000US06075,6075,"San Francisco County, California",2013,114121,5138,141760,8798,64298,6927
0500000US06077,6077,"San Joaquin County, California",2013,69198,4018,78711,3052,45784,3098
0500000US06079,6079,"San Luis Obispo County, California",2013,79961,4529,90757,5807,52141,6845
0500000US06081,6081,"San Mateo County, California",2013,117836,5525,133555,5294,74644,7523
0500000US06083,6083,"Santa Barbara County, California",2013,84093,4845,103156,8955,51799,4213
0500000US06085,6085,"Santa Clara County, California",2013,120599,1549,138110,2868,72210,3141
0500000US06087,6087,"Santa Cruz County, California",2013,93189,4914,106242,7763,53510,11517
0500000US06089,6089,"Shasta County, California",2013,50940,4745,65130,6262,35456,4720
0500000US06095,6095,"Solano County, California",2013,82563,3152,93681,5729,50165,5174
0500000US06097,6097,"Sonoma County, California",2013,81802,2278,95667,5082,50837,3037
0500000US06099,6099,"Stanislaus County, California",2013,64551,3782,72126,3414,43065,6033
0500000US06101,6101,"Sutter County, California",2013,65070,9659,75431,10389,49588,12563
0500000US06107,6107,"Tulare County, California",2013,54053,2795,61028,5006,39446,4709
0500000US06111,6111,"Ventura County, California",2013,97487,3300,107199,3299,61967,6440
0500000US06113,6113,"Yolo County, California",2013,81066,7441,98979,8282,57184,8048
0500000US06115,6115,"Yuba County, California",2013,58339,3359,62567,9405,39053,11290
