Id,Id2,Geography,Year,Estimate; Total:,Margin of Error; Total:,Estimate; Total: - Less than 10.0 percent,Margin of Error; Total: - Less than 10.0 percent,Estimate; Total: - 10.0 to 14.9 percent,Margin of Error; Total: - 10.0 to 14.9 percent,Estimate; Total: - 15.0 to 19.9 percent,Margin of Error; Total: - 15.0 to 19.9 percent,Estimate; Total: - 20.0 to 24.9 percent,Margin of Error; Total: - 20.0 to 24.9 percent,Estimate; Total: - 25.0 to 29.9 percent,Margin of Error; Total: - 25.0 to 29.9 percent,Estimate; Total: - 30.0 to 34.9 percent,Margin of Error; Total: - 30.0 to 34.9 percent,Estimate; Total: - 35.0 to 39.9 percent,Margin of Error; Total: - 35.0 to 39.9 percent,Estimate; Total: - 40.0 to 49.9 percent,Margin of Error; Total: - 40.0 to 49.9 percent,Estimate; Total: - 50.0 percent or more,Margin of Error; Total: - 50.0 percent or more,Estimate; Total: - Not computed,Margin of Error; Total: - Not computed
0500000US06001,6001,"Alameda County, California",2013,267492,5563,7616,1365,20346,2285,29750,2857,32100,2839,29767,2746,26206,2440,16067,2173,23787,2605,69856,4333,11997,1510
0500000US06007,6007,"Butte County, California",2013,36197,2468,1232,761,2553,729,2844,707,3171,957,3086,954,3412,1151,2482,976,3682,1058,11120,1636,2615,947
0500000US06013,6013,"Contra Costa County, California",2013,135067,4372,2931,777,8345,1819,14979,2448,16593,2269,16056,2044,12298,1834,9669,1731,13489,2046,35489,3135,5218,1084
0500000US06017,6017,"El Dorado County, California",2013,18002,2125,577,600,829,482,1127,462,2996,1119,1629,711,1200,609,1178,588,1775,848,4167,1258,2524,912
0500000US06019,6019,"Fresno County, California",2013,140751,4010,4292,971,10038,1757,12163,2022,14356,1961,13772,1947,11255,1703,8881,1463,15135,2017,41890,2841,8969,1807
0500000US06023,6023,"Humboldt County, California",2013,24241,1688,897,680,1535,537,2296,838,2766,952,1664,677,1704,649,861,396,2858,958,7494,1401,2166,863
0500000US06025,6025,"Imperial County, California",2013,21786,1814,945,485,1282,636,2871,785,3032,936,1862,685,1715,708,1751,672,1684,670,5320,1258,1324,612
0500000US06029,6029,"Kern County, California",2013,119672,4683,3632,1112,8818,1329,12790,2128,11915,1801,12966,2056,10005,1683,8977,1938,10988,1650,32622,3101,6959,1522
0500000US06031,6031,"Kings County, California",2013,20723,1555,507,353,902,522,2961,1012,2819,917,2409,741,1776,633,1739,731,1864,772,4275,1061,1471,596
0500000US06033,6033,"Lake County, California",2013,9599,1401,6,12,351,324,541,359,778,440,984,601,541,332,812,459,1205,652,3520,1031,861,446
0500000US06037,6037,"Los Angeles County, California",2013,1769811,13917,41123,3125,96922,4631,170077,5639,186264,6347,182969,6786,160917,6512,124880,5055,173423,7390,549968,9567,83268,5020
0500000US06039,6039,"Madera County, California",2013,18979,1576,661,383,1319,694,1789,740,1398,747,2769,1057,1770,779,1670,666,2246,800,3448,1033,1909,746
0500000US06041,6041,"Marin County, California",2013,35321,2272,1596,784,2556,880,3090,846,5343,1280,3598,847,2998,940,2523,791,3337,918,8531,1368,1749,684
0500000US06045,6045,"Mendocino County, California",2013,14338,1851,856,659,742,498,825,426,1891,747,1382,707,980,501,1011,657,1011,537,4060,1050,1580,554
0500000US06047,6047,"Merced County, California",2013,37001,2002,917,406,2482,831,2879,880,4506,989,5325,1306,2582,814,2662,806,3007,1039,10396,1409,2245,589
0500000US06053,6053,"Monterey County, California",2013,63634,2370,1383,799,2993,1079,5449,1124,7747,1363,8075,1505,5639,1223,4272,1025,7855,1463,17054,1917,3167,922
0500000US06055,6055,"Napa County, California",2013,17914,1604,344,222,805,362,1470,534,2975,939,1781,660,2626,863,995,480,1052,497,4752,1121,1114,484
0500000US06057,6057,"Nevada County, California",2013,10900,1783,190,169,327,288,1015,668,1136,533,1041,643,493,349,840,563,1200,565,2967,1076,1691,693
0500000US06059,6059,"Orange County, California",2013,426548,7197,9424,1761,18764,2030,40917,3499,50299,3674,50094,4091,36537,3408,29090,3058,45474,3415,125633,6266,20316,2231
0500000US06061,6061,"Placer County, California",2013,41893,2674,1107,534,2342,638,3745,908,5967,1434,5811,1153,4185,1092,2134,671,4248,1101,10365,1704,1989,631
0500000US06065,6065,"Riverside County, California",2013,251406,6801,4108,904,9902,1744,22021,2756,26582,2457,26895,2848,24490,2635,18364,2457,27502,2810,77439,4404,14103,1949
0500000US06067,6067,"Sacramento County, California",2013,238374,5288,6859,1501,16288,2515,25264,2190,26462,2715,25774,2528,19623,2242,16456,2189,24551,2994,65517,4052,11580,1885
0500000US06071,6071,"San Bernardino County, California",2013,242499,5970,4549,1203,13246,2349,23251,3050,27221,2786,25474,3383,20463,2330,17844,2032,24694,2619,69672,4610,16085,2673
0500000US06073,6073,"San Diego County, California",2013,516401,7656,9548,1850,28013,2968,50122,3212,62134,4187,59662,4254,48790,3591,36494,3320,54085,3607,137693,6122,29860,3037
0500000US06075,6075,"San Francisco County, California",2013,227440,4797,15135,2258,25828,2434,25899,2441,27852,2956,25642,2865,18419,2580,13850,1960,19574,2533,45413,3465,9828,1622
0500000US06077,6077,"San Joaquin County, California",2013,96593,3698,1468,557,5713,1282,8638,1543,11643,1938,10470,1623,6555,1423,7316,1377,10191,1584,28611,2855,5988,1098
0500000US06079,6079,"San Luis Obispo County, California",2013,45181,2630,1166,643,2365,916,4638,1340,5352,1222,3634,903,4337,1373,2896,1187,4300,1239,13435,2183,3058,1058
0500000US06081,6081,"San Mateo County, California",2013,102785,3131,2487,633,7716,1194,12685,1854,13135,1765,13347,1775,8506,1334,7911,1439,9371,1748,23934,2095,3693,855
0500000US06083,6083,"Santa Barbara County, California",2013,67582,3230,1061,487,3923,1066,6800,1392,5676,1018,8498,1689,8164,1640,3930,908,5849,1349,20142,2422,3539,1130
0500000US06085,6085,"Santa Clara County, California",2013,272636,6028,11321,2001,25797,2644,35081,3344,32810,2892,29592,2363,21778,2277,18282,2367,23062,2553,65628,3804,9285,1682
0500000US06087,6087,"Santa Cruz County, California",2013,37556,2530,1199,661,1175,558,1832,657,4011,1225,4227,1065,3221,949,3215,1152,2882,899,13763,1967,2031,794
0500000US06089,6089,"Shasta County, California",2013,27048,1733,497,302,1697,619,2296,899,3144,981,2246,673,2469,850,1229,505,3132,1023,8671,1514,1667,597
0500000US06095,6095,"Solano County, California",2013,58260,3135,496,271,3584,1143,5085,1117,6459,1361,7020,1515,4945,1361,5103,1181,6679,1179,16277,1821,2612,697
0500000US06097,6097,"Sonoma County, California",2013,78405,3228,2671,845,4711,1357,5869,1162,7272,1345,11264,1858,7502,1483,5237,1223,7221,1661,22682,2739,3976,1082
0500000US06099,6099,"Stanislaus County, California",2013,72737,2986,1524,659,3557,1049,7055,1590,8767,1616,5748,1328,7327,1555,5382,1405,6325,1248,22720,2381,4332,1179
0500000US06101,6101,"Sutter County, California",2013,12981,1322,326,354,911,477,1046,454,1479,621,981,398,1639,645,1472,741,1014,498,3568,792,545,242
0500000US06107,6107,"Tulare County, California",2013,62537,2708,2330,856,2889,971,6347,1459,6550,1393,7118,1404,5026,1628,4712,1485,6553,1522,17528,1903,3484,926
0500000US06111,6111,"Ventura County, California",2013,97654,3470,2717,938,5118,1188,9723,1656,11553,1773,9142,1367,10490,1834,7183,1421,10934,1650,26228,2549,4566,933
0500000US06113,6113,"Yolo County, California",2013,36208,2198,796,386,1786,601,3833,1048,3750,1002,4750,1314,2383,823,2462,947,2428,893,10512,1553,3508,1009
0500000US06115,6115,"Yuba County, California",2013,10823,1299,42,76,457,313,665,380,1267,595,975,429,1075,519,723,468,1875,799,3110,954,634,388
0500000US06001,6001,"Alameda County, California",2012,262069,5487,6706,1321,16699,1931,27861,2561,37511,3499,29733,2817,23407,2517,16520,1933,21045,2075,71476,4002,11111,1332
0500000US06007,6007,"Butte County, California",2012,34636,2502,625,306,1882,589,2229,707,3901,1050,3258,789,2877,1056,2713,897,3181,952,11540,1537,2430,693
0500000US06013,6013,"Contra Costa County, California",2012,136189,4960,2269,646,9332,1625,14478,2235,15526,1989,15461,1897,12642,2136,10701,1723,13501,1808,36347,3622,5932,1132
0500000US06017,6017,"El Dorado County, California",2012,17825,2182,170,229,886,453,2619,1094,2210,678,2120,640,1803,563,1377,592,858,490,4640,1237,1142,568
0500000US06019,6019,"Fresno County, California",2012,141926,3606,4702,1327,6459,1457,13845,1585,12301,1870,15015,1984,13485,2126,9845,1318,14960,1832,41854,3495,9460,1497
0500000US06023,6023,"Humboldt County, California",2012,24169,1818,844,436,1112,461,1970,731,2595,894,2455,759,1282,501,1517,545,1997,704,8722,1449,1675,607
0500000US06025,6025,"Imperial County, California",2012,20230,1998,1105,604,880,497,1633,633,2286,787,2104,932,1446,572,1107,607,1816,719,6160,1278,1693,602
0500000US06029,6029,"Kern County, California",2012,108067,4317,3437,1036,8928,1870,11958,1558,11594,2004,9001,1691,8474,1478,7823,1562,11263,1847,29375,2791,6214,1323
0500000US06031,6031,"Kings County, California",2012,20599,1710,788,517,1854,756,2677,860,2902,795,1596,636,1903,646,1537,694,1750,710,4308,1103,1284,394
0500000US06033,6033,"Lake County, California",2012,10686,1443,96,97,843,566,692,488,1246,649,938,478,530,358,838,614,975,523,4166,1070,362,234
0500000US06037,6037,"Los Angeles County, California",2012,1750538,12601,38923,3445,100551,5264,157508,5791,190829,6854,180904,6133,152370,5332,123238,5632,174440,6544,548140,8808,83635,4285
0500000US06039,6039,"Madera County, California",2012,16480,1730,598,421,1026,409,1117,613,1454,529,504,324,1315,578,1688,657,1507,728,4388,1071,2883,1019
0500000US06041,6041,"Marin County, California",2012,38479,2444,1783,736,2485,800,3472,810,4279,1023,5235,1276,2302,665,3041,1000,3491,910,10514,2050,1877,671
0500000US06045,6045,"Mendocino County, California",2012,16244,1317,764,372,478,399,1196,665,1134,608,2101,807,1070,598,1311,550,1662,730,5251,1120,1277,560
0500000US06047,6047,"Merced County, California",2012,35520,2389,916,652,1494,643,4837,1536,3860,985,3033,778,2600,880,2248,770,4118,1218,8983,1401,3431,856
0500000US06053,6053,"Monterey County, California",2012,63587,2750,1190,440,3842,916,6100,1235,7806,1514,7488,1371,6494,1067,4167,956,7165,1130,17316,1915,2019,594
0500000US06055,6055,"Napa County, California",2012,19004,1523,681,451,973,463,2992,885,1475,493,2589,798,1508,551,1580,653,2515,665,3510,842,1181,413
0500000US06057,6057,"Nevada County, California",2012,12065,1923,432,389,390,360,663,473,1483,735,1777,730,1139,559,636,388,2056,910,2566,990,923,515
0500000US06059,6059,"Orange County, California",2012,429412,6235,9143,1959,25207,3055,38033,2741,53326,3766,46418,3878,42776,4223,30266,3375,43003,3412,122793,5016,18447,2164
0500000US06061,6061,"Placer County, California",2012,40638,2587,396,252,2420,770,4260,1042,5838,1290,4867,1019,3296,849,2737,877,3787,996,11354,1591,1683,549
0500000US06065,6065,"Riverside County, California",2012,243096,6849,4258,1048,10181,1690,22164,2557,26166,3138,28242,2822,22162,2685,16987,2405,27937,3009,72620,4619,12379,1762
0500000US06067,6067,"Sacramento County, California",2012,227418,5529,5507,1149,12076,1733,23414,2427,24993,2369,25285,2479,19079,2109,15616,1882,22322,2874,68734,3467,10392,2182
0500000US06071,6071,"San Bernardino County, California",2012,240628,7154,4761,1247,11901,2145,21755,2518,25384,2351,22309,2349,21460,2686,16769,2247,24621,2863,76060,4208,15608,2130
0500000US06073,6073,"San Diego County, California",2012,506123,7464,9321,1669,29730,2815,46346,3841,56872,3954,58115,4061,47130,3573,35973,3115,57340,3940,135703,5972,29593,2511
0500000US06075,6075,"San Francisco County, California",2012,222103,4887,10703,1589,22011,2369,28494,2368,23895,2431,25704,2655,19037,1997,13198,1586,14750,1896,54129,3752,10182,1686
0500000US06077,6077,"San Joaquin County, California",2012,93962,3322,1718,717,6729,1478,8960,1595,10068,1442,8475,1570,8120,1416,6770,1373,9083,1590,28120,2584,5919,998
0500000US06079,6079,"San Luis Obispo County, California",2012,45792,2809,1417,946,3182,990,4214,1088,5306,1189,5566,1260,3334,1074,3468,919,4058,1209,12348,1844,2899,926
0500000US06081,6081,"San Mateo County, California",2012,110160,3537,2400,932,7102,1273,13727,1751,13972,1681,12779,1971,8875,1241,8554,1727,10367,1818,27961,2330,4423,1038
0500000US06083,6083,"Santa Barbara County, California",2012,68463,2801,1339,801,3437,834,5960,1080,8178,1653,7762,1359,6601,1316,5043,1253,8513,1557,18667,1900,2963,639
0500000US06085,6085,"Santa Clara County, California",2012,269326,5977,8915,1362,24690,2374,35214,3216,36389,3178,30300,2817,21655,2462,16729,2153,22259,2441,64454,4050,8721,1524
0500000US06087,6087,"Santa Cruz County, California",2012,40353,2530,621,369,2604,934,3306,943,6080,1409,4961,981,3734,990,2935,1011,4117,1248,10382,1634,1613,571
0500000US06089,6089,"Shasta County, California",2012,25900,1893,782,337,804,311,1911,677,3775,1040,2792,832,1970,623,2629,814,3007,780,6719,1221,1511,618
0500000US06095,6095,"Solano County, California",2012,57731,2836,1034,474,2514,846,6380,1345,6581,1383,5492,1402,6113,1160,3764,1001,5467,1184,17399,1824,2987,1044
0500000US06097,6097,"Sonoma County, California",2012,73872,3291,1518,575,2993,878,8042,1872,9376,1691,7198,1152,7173,1418,3791,1039,8606,1356,21479,2163,3696,948
0500000US06099,6099,"Stanislaus County, California",2012,74416,2882,653,357,3912,1083,9583,1603,7921,1861,6616,1304,4890,1192,4378,944,9149,1461,22417,2059,4897,1232
0500000US06101,6101,"Sutter County, California",2012,12742,1183,109,128,717,452,1395,552,1394,550,1472,620,1364,455,938,473,1347,570,3266,771,740,377
0500000US06107,6107,"Tulare County, California",2012,57570,2699,1193,430,3945,1353,5460,1240,7048,1349,5298,1123,3830,1021,3046,922,5863,1260,17387,2080,4500,999
0500000US06111,6111,"Ventura County, California",2012,95849,4031,1427,639,4426,1103,6813,1232,11771,1628,10497,1559,7628,1488,9609,1319,10495,1981,29557,2222,3626,810
0500000US06113,6113,"Yolo County, California",2012,35885,2175,244,208,2026,806,3353,1000,3180,936,4485,996,3806,1091,2691,788,4369,1106,10286,1561,1445,483
0500000US06115,6115,"Yuba County, California",2012,10171,1129,269,207,299,217,934,531,1298,618,600,442,1015,456,369,242,1783,622,2607,764,997,485
0500000US06001,6001,"Alameda County, California",2011,256337,6348,5173,1028,16570,2330,30824,2983,32011,2622,29290,2812,22720,2072,16883,2315,20913,2272,68330,4028,13623,1995
0500000US06007,6007,"Butte County, California",2011,34888,2242,638,351,1276,576,2309,812,4114,920,3759,1231,3190,882,2359,815,2416,716,11706,1883,3121,1170
0500000US06013,6013,"Contra Costa County, California",2011,129736,5075,2887,1407,7631,1978,12676,2142,15821,2341,14190,2462,11651,1817,8666,2122,14514,2402,35804,3854,5896,1711
0500000US06017,6017,"El Dorado County, California",2011,19126,2359,501,392,1447,779,1661,746,2463,864,2353,801,1783,609,1468,811,1466,595,4026,979,1958,921
0500000US06019,6019,"Fresno County, California",2011,130646,4521,3071,984,6554,1467,13220,2278,14071,2177,13689,1787,12382,1884,7718,1396,12967,1854,38587,2581,8387,1403
0500000US06023,6023,"Humboldt County, California",2011,22724,2169,295,262,1754,812,1966,650,2343,841,2057,603,1513,688,1047,437,2088,805,7978,1336,1683,593
0500000US06025,6025,"Imperial County, California",2011,21618,1596,710,346,888,451,1693,641,1751,686,2581,887,1977,722,1511,606,2546,871,6415,1071,1546,592
0500000US06029,6029,"Kern County, California",2011,110667,4859,3782,1052,7649,1747,13005,2028,11233,1896,11347,1899,10195,1819,6831,1597,10385,1832,28884,3021,7356,1512
0500000US06031,6031,"Kings County, California",2011,17978,1626,853,448,442,325,1728,705,1931,734,2440,812,1630,681,1261,609,1593,552,4272,1057,1828,537
0500000US06033,6033,"Lake County, California",2011,12046,1715,216,245,543,487,871,584,1117,611,1136,655,1430,653,383,306,999,624,4372,1140,979,561
0500000US06037,6037,"Los Angeles County, California",2011,1719784,15328,35265,3382,93923,4889,152143,6494,181734,6949,186266,7133,144113,5319,124110,6593,170750,6743,548018,11222,83462,4477
0500000US06039,6039,"Madera County, California",2011,16048,1995,591,442,1288,646,2497,979,2409,766,1308,597,668,404,843,572,1490,614,2777,926,2177,796
0500000US06041,6041,"Marin County, California",2011,41270,2828,1236,546,1650,781,3901,978,4836,1589,3678,905,5291,1406,3164,1075,3462,983,12316,1981,1736,739
0500000US06045,6045,"Mendocino County, California",2011,12050,1445,295,254,645,374,1505,741,975,580,1281,690,698,333,727,446,1397,665,3245,867,1282,640
0500000US06047,6047,"Merced County, California",2011,35953,2258,463,224,1931,626,4116,1164,3208,1041,4294,1289,2244,754,2771,942,4344,1188,9371,1427,3211,836
0500000US06053,6053,"Monterey County, California",2011,65089,2990,758,365,3148,793,5086,961,8709,1357,6137,1148,7525,1317,6251,1341,6574,1369,16838,2054,4063,1110
0500000US06055,6055,"Napa County, California",2011,22750,1912,752,472,772,447,2556,859,1784,743,2076,804,2858,1047,1029,526,2471,835,6882,1331,1570,714
0500000US06057,6057,"Nevada County, California",2011,10952,1757,431,391,291,318,1402,798,316,281,1295,766,404,350,1261,695,1116,555,3621,910,815,455
0500000US06059,6059,"Orange County, California",2011,410864,6997,8482,1619,21697,2934,42671,3396,48731,4143,46586,3105,39303,2806,27942,2571,42364,4600,115574,4894,17514,2135
0500000US06061,6061,"Placer County, California",2011,38676,3264,699,557,2449,1229,4721,1556,4219,1154,3455,1075,3189,1221,3091,1071,4107,1176,10916,2053,1830,859
0500000US06065,6065,"Riverside County, California",2011,233379,8333,2679,700,10944,2161,20263,2628,25083,3310,24375,3155,21620,3005,15770,2719,28498,3842,70850,4853,13297,2514
0500000US06067,6067,"Sacramento County, California",2011,224356,6095,7124,2194,11026,2187,26155,3561,22608,2647,24409,2622,20341,1917,14227,1852,22391,2344,64079,4741,11996,2204
0500000US06071,6071,"San Bernardino County, California",2011,228569,7146,4313,1673,8477,1769,23675,3653,22091,2916,25302,3233,19436,2539,19063,2985,22238,3223,71215,5684,12759,2631
0500000US06073,6073,"San Diego County, California",2011,495609,8241,7671,1749,27058,2746,43912,3599,57276,4541,54577,4029,47589,4319,34379,3156,52962,3496,136752,5986,33433,3745
0500000US06075,6075,"San Francisco County, California",2011,219025,5653,11761,2000,16149,2285,30988,3323,29411,2822,25763,3012,17173,2143,12229,2018,17057,2567,47509,3552,10985,1490
0500000US06077,6077,"San Joaquin County, California",2011,88856,3657,2252,795,5386,1315,8919,1726,10177,1880,9522,1971,7154,1707,4622,1332,10848,2155,25575,2328,4401,1222
0500000US06079,6079,"San Luis Obispo County, California",2011,44406,3029,788,425,2219,1008,3923,1243,3872,1047,4706,1226,2990,890,3064,948,3950,1120,14336,1911,4558,1215
0500000US06081,6081,"San Mateo County, California",2011,105596,3707,3996,1039,6955,1125,10381,1802,13417,1696,12962,1939,9441,1649,8450,1734,10727,1815,24582,2323,4685,1136
0500000US06083,6083,"Santa Barbara County, California",2011,69502,2583,2325,788,3343,902,5712,1108,7749,1335,9149,1436,6678,1219,5056,1189,6705,1481,19028,1986,3757,1116
0500000US06085,6085,"Santa Clara County, California",2011,262717,5508,8793,1461,23809,2522,36568,2895,31670,3175,34354,2903,18709,1804,15539,1919,22232,2722,60964,3736,10079,1804
0500000US06087,6087,"Santa Cruz County, California",2011,40456,2667,943,609,1804,838,2794,771,3586,946,5281,1076,4383,1156,2815,825,4665,1217,13252,1896,933,447
0500000US06089,6089,"Shasta County, California",2011,23846,2238,261,267,1049,545,1017,539,2353,787,1939,625,1806,634,2272,893,2959,948,8030,1592,2160,695
0500000US06095,6095,"Solano County, California",2011,54344,3041,420,329,2795,797,6181,1609,7554,1581,6761,1629,4465,1264,3481,954,3822,1020,15903,2321,2962,1075
0500000US06097,6097,"Sonoma County, California",2011,73217,3635,1327,622,3620,1006,6414,1520,8164,1613,10014,1788,6335,1110,5301,1358,9204,1718,18712,2178,4126,1014
0500000US06099,6099,"Stanislaus County, California",2011,70713,3278,1041,611,3309,1030,6414,1476,7685,1358,6875,1511,5922,1339,5877,1520,6987,1298,21938,2890,4665,1155
0500000US06101,6101,"Sutter County, California",2011,11801,1529,223,197,643,355,1225,689,1431,600,765,472,1304,551,1215,566,994,420,2734,760,1267,586
0500000US06107,6107,"Tulare County, California",2011,55543,2541,1496,604,3292,1027,5518,1764,6730,1176,5461,1339,6496,1372,2870,775,5867,1441,13692,1673,4121,926
0500000US06111,6111,"Ventura County, California",2011,91958,3572,992,450,5081,1121,7735,1411,13514,2195,10800,1674,9452,1552,6465,1332,8694,1551,25962,2583,3263,879
0500000US06113,6113,"Yolo County, California",2011,32299,2196,415,329,1590,651,2694,916,3215,1079,2500,772,3076,891,3033,1106,3193,1122,10893,1399,1690,632
0500000US06115,6115,"Yuba County, California",2011,10421,1468,346,387,1480,627,836,468,1218,633,1228,625,678,339,491,358,964,542,2150,717,1030,452
0500000US06001,6001,"Alameda County, California",2010,250630,5892,6523,1388,17828,2179,29377,2848,28730,2518,28606,2741,22558,2513,17187,2317,20620,2443,68217,3818,10984,1856
0500000US06007,6007,"Butte County, California",2010,34304,2433,593,384,1329,616,2963,943,4753,1228,3098,976,4248,1206,2100,784,4170,1276,9262,1432,1788,752
0500000US06013,6013,"Contra Costa County, California",2010,124857,5397,2275,813,7126,1484,12044,1980,15071,2756,17085,2133,10196,1848,9930,1706,11692,1835,33544,3082,5894,1329
0500000US06017,6017,"El Dorado County, California",2010,15937,2081,416,468,918,491,1046,589,1300,730,2036,1006,1648,719,915,487,1217,511,5311,1424,1130,553
0500000US06019,6019,"Fresno County, California",2010,130407,4533,4203,1102,8377,1398,13726,2073,14591,2153,11528,1884,9264,1782,7583,1165,10291,1892,42493,2702,8351,1409
0500000US06023,6023,"Humboldt County, California",2010,23420,2073,474,385,1279,570,1814,738,2012,754,2318,770,2763,1101,1739,733,2751,1095,6953,1313,1317,639
0500000US06025,6025,"Imperial County, California",2010,20259,1729,883,552,937,505,2297,905,1990,784,2852,853,1347,592,1420,614,1438,668,5584,1062,1511,563
0500000US06029,6029,"Kern County, California",2010,103345,4129,2737,942,7603,1423,9775,1650,11178,1834,10144,1501,9371,1775,7640,1720,8082,1524,29631,2756,7184,1432
0500000US06031,6031,"Kings County, California",2010,19865,1745,402,375,1803,724,1400,658,3025,908,2148,790,1881,787,1245,516,1082,725,4667,1026,2212,914
0500000US06033,6033,"Lake County, California",2010,8551,1710,281,358,188,234,548,413,650,432,693,471,888,530,825,674,957,682,2992,1088,529,345
0500000US06037,6037,"Los Angeles County, California",2010,1700905,14777,35634,3063,96233,5368,167292,6629,176472,6848,186444,6077,145074,6212,129215,6271,170885,5920,514006,10991,79650,5041
0500000US06039,6039,"Madera County, California",2010,16720,2092,504,504,2160,881,2031,859,1863,812,1126,539,1052,563,827,392,1525,705,4001,1241,1631,744
0500000US06041,6041,"Marin County, California",2010,36263,2655,2179,698,2032,695,3520,990,3313,922,3171,866,2810,913,4015,1186,2817,938,11151,1968,1255,475
0500000US06045,6045,"Mendocino County, California",2010,14739,1677,298,283,986,498,1209,546,1222,589,1716,720,1183,477,1017,491,2168,913,3600,1011,1340,706
0500000US06047,6047,"Merced County, California",2010,33551,2467,662,473,2725,822,2841,841,3717,1022,3903,969,2909,946,1460,753,3472,1019,9138,1659,2724,812
0500000US06053,6053,"Monterey County, California",2010,61552,3144,1100,634,3282,946,6513,1410,6950,1493,7279,1366,6352,1641,4861,1151,6870,1180,16068,1828,2277,832
0500000US06055,6055,"Napa County, California",2010,18806,1866,439,283,884,465,1978,831,2164,987,2683,850,1857,622,1094,448,1416,659,5643,1063,648,385
0500000US06057,6057,"Nevada County, California",2010,12573,1814,139,172,370,342,1236,674,1048,596,958,562,1110,635,1028,576,2339,866,3122,988,1223,619
0500000US06059,6059,"Orange County, California",2010,401983,7249,7759,1614,21384,2532,38189,3273,47785,4247,46160,3518,42577,3301,29762,2742,39024,3488,113860,4846,15483,1985
0500000US06061,6061,"Placer County, California",2010,37884,3175,1134,601,3016,1020,3127,1162,5230,1473,3844,1089,3755,1170,1880,792,4134,1095,9347,1498,2417,859
0500000US06065,6065,"Riverside County, California",2010,211802,6293,3957,1255,9994,1877,19344,2602,21960,2283,20302,2292,18755,2367,17181,2294,23182,2919,68140,3925,8987,1737
0500000US06067,6067,"Sacramento County, California",2010,220149,6521,5303,1164,9148,1604,24474,2726,23245,2557,24963,2974,20534,2748,16768,2192,22109,2433,64514,3369,9091,1466
0500000US06071,6071,"San Bernardino County, California",2010,222440,6787,4089,1027,12008,1759,21897,2927,24110,2605,21026,2964,19964,2069,18189,2081,26737,2709,64344,4152,10076,1750
0500000US06073,6073,"San Diego County, California",2010,488810,8262,8582,1873,24305,2882,44812,3284,58356,3803,55280,3850,44799,3143,36215,3491,52802,4039,138882,4981,24777,2842
0500000US06075,6075,"San Francisco County, California",2010,212884,5751,8473,1437,25839,3304,26271,2309,25127,2386,23166,3016,19603,2838,11280,1554,16504,2580,46121,3711,10500,2134
0500000US06077,6077,"San Joaquin County, California",2010,91225,4294,1234,503,4459,1203,7614,1490,9584,1761,11290,1834,9329,1712,6510,1164,9011,1619,26990,2240,5204,1318
0500000US06079,6079,"San Luis Obispo County, California",2010,39791,2841,812,548,1827,742,3461,1009,4025,1048,4154,1111,3173,1046,3560,1167,4068,1181,11800,1729,2911,847
0500000US06081,6081,"San Mateo County, California",2010,105151,3721,2369,887,8360,1604,15190,2323,14452,1965,12262,2088,10072,1653,6773,1382,9667,1822,21466,2442,4540,1231
0500000US06083,6083,"Santa Barbara County, California",2010,65696,2952,1201,582,3671,959,6918,1402,7256,1416,7278,1472,4535,1169,3629,1032,5273,1214,20979,2333,4956,1154
0500000US06085,6085,"Santa Clara County, California",2010,256280,5605,8666,1490,27617,2844,35384,3322,29917,2668,27507,3050,23888,2770,13892,1853,20188,2205,59775,3498,9446,1489
0500000US06087,6087,"Santa Cruz County, California",2010,37055,3689,407,249,1502,744,3490,926,4166,1194,4399,1223,5091,1358,1832,630,3100,1050,10382,1837,2686,944
0500000US06089,6089,"Shasta County, California",2010,23214,1968,500,369,1419,635,1234,619,2636,876,2320,891,1779,803,1853,809,2169,615,7828,1550,1476,639
0500000US06095,6095,"Solano County, California",2010,52587,3052,820,430,2699,1102,5037,1145,7886,1633,5850,1226,4715,1322,3641,1231,4816,1316,14707,1785,2416,928
0500000US06097,6097,"Sonoma County, California",2010,74758,2896,1262,616,3071,887,6598,1376,10013,1878,8522,1549,6214,1281,6691,1427,7546,1352,21001,2456,3840,967
0500000US06099,6099,"Stanislaus County, California",2010,67163,3214,787,423,4205,1196,5590,1127,7381,1454,8247,1839,4464,1021,3828,1050,5109,1168,22557,2302,4995,1032
0500000US06101,6101,"Sutter County, California",2010,14108,1307,210,211,1096,578,2471,843,1927,782,1860,882,1462,617,475,351,1174,530,2623,908,810,366
0500000US06107,6107,"Tulare County, California",2010,53677,2982,2001,688,4204,890,4869,1054,6421,1230,5018,1250,3792,906,3537,1038,5745,1197,14559,1877,3531,741
0500000US06111,6111,"Ventura County, California",2010,95780,4870,2036,885,4845,1285,10105,1566,11129,1425,12888,1873,9041,1390,5811,1249,11743,1835,24780,2869,3402,862
0500000US06113,6113,"Yolo County, California",2010,30722,3524,528,327,1544,696,1616,627,4441,1258,3354,991,3414,1166,1925,902,2902,793,9737,2553,1261,504
0500000US06115,6115,"Yuba County, California",2010,8193,1425,0,294,174,180,770,510,1380,542,1154,654,688,421,667,385,858,397,1911,608,591,306
0500000US06001,6001,"Alameda County, California",2009,237574,5884,5809,1180,19304,2547,30046,2816,30546,2960,32394,3412,22530,2493,14099,2450,19275,2273,55959,4090,7612,1496
0500000US06007,6007,"Butte County, California",2009,32602,2421,571,431,1415,710,3547,1110,2981,909,4757,1163,2758,858,2165,716,2113,826,10003,1565,2292,676
0500000US06013,6013,"Contra Costa County, California",2009,117223,5428,2650,936,5997,1408,12940,2106,15824,2472,14673,2331,10084,1674,9476,2068,11904,2292,28924,2934,4751,1310
0500000US06017,6017,"El Dorado County, California",2009,14176,1942,422,330,865,545,1165,605,1593,653,1333,657,1664,721,851,417,2010,750,3038,1012,1235,606
0500000US06019,6019,"Fresno County, California",2009,128342,3864,4471,1271,8790,1698,13298,2156,13693,1984,12692,1873,11002,1740,8318,1693,13290,2082,34176,2983,8612,1362
0500000US06023,6023,"Humboldt County, California",2009,23224,1577,71,87,1083,641,1944,531,1754,652,2075,708,2041,777,1400,721,2114,948,9273,1447,1469,684
0500000US06025,6025,"Imperial County, California",2009,19944,1950,1220,562,1365,623,1298,475,1443,516,2612,858,1429,665,1353,497,1634,751,5871,1098,1719,571
0500000US06029,6029,"Kern County, California",2009,96434,4698,3003,1117,6688,1488,10323,1778,9054,1659,10799,1731,6273,1541,7105,1705,10745,1808,26664,2332,5780,1225
0500000US06031,6031,"Kings County, California",2009,19087,1801,415,301,1767,676,2485,798,2491,1086,2151,756,1381,617,770,465,1410,582,4226,1013,1991,656
0500000US06033,6033,"Lake County, California",2009,8923,1429,207,257,155,180,340,288,329,273,843,595,1508,682,445,384,1167,594,3415,1085,514,422
0500000US06037,6037,"Los Angeles County, California",2009,1651764,14842,38896,3278,104501,6137,163753,7891,186975,7094,187123,7503,139929,6672,115030,5310,160917,6080,482082,10983,72558,4328
0500000US06039,6039,"Madera County, California",2009,15647,1583,509,409,824,476,1244,522,1423,647,1926,777,1449,604,1975,755,1826,928,2762,828,1709,691
0500000US06041,6041,"Marin County, California",2009,38217,2469,1056,469,3465,1129,4542,1165,3427,1060,3767,1043,4145,1334,2254,836,4032,1121,10672,1854,857,413
0500000US06045,6045,"Mendocino County, California",2009,12486,1598,670,525,951,491,873,429,1233,637,1572,760,761,399,569,396,931,439,4054,1025,872,518
0500000US06047,6047,"Merced County, California",2009,34219,2459,321,220,1911,772,3583,1151,3006,908,4375,1050,2424,814,2682,929,3829,902,8776,1435,3312,830
0500000US06053,6053,"Monterey County, California",2009,63460,2797,532,273,4494,1159,6917,1258,7292,1327,8378,1541,6051,1545,4791,1044,6135,1235,15442,2183,3428,981
0500000US06055,6055,"Napa County, California",2009,17716,1879,339,259,856,598,2202,854,2547,813,2530,882,1417,608,1783,755,910,558,4377,1098,755,388
0500000US06057,6057,"Nevada County, California",2009,9398,1496,205,229,419,250,611,442,832,584,990,676,1200,478,630,481,1291,667,2625,835,595,404
0500000US06059,6059,"Orange County, California",2009,389030,7282,8584,1621,21452,2786,40722,3087,48876,3983,50672,4063,37770,3463,26082,2606,39587,3478,99068,4697,16217,1953
0500000US06061,6061,"Placer County, California",2009,35908,2558,126,129,1642,798,4244,1167,4692,1066,5080,1111,3858,1274,3203,978,3609,1103,7906,1363,1548,743
0500000US06065,6065,"Riverside County, California",2009,209259,6840,3655,1136,8213,1535,19219,2558,24521,2568,25418,2656,21416,2649,13004,1864,20867,2263,60901,4150,12045,1963
0500000US06067,6067,"Sacramento County, California",2009,214776,5894,3971,966,14074,2190,23152,2453,22708,2701,25544,2503,18919,2129,18783,2477,22653,2926,56178,3641,8794,1713
0500000US06071,6071,"San Bernardino County, California",2009,214620,6266,4768,1319,10574,1958,18964,2638,26160,3259,23499,2678,18990,2186,16075,2505,25177,2875,58944,3696,11469,2000
0500000US06073,6073,"San Diego County, California",2009,470188,6384,9699,1442,22690,2335,47042,3612,55057,3398,51487,3527,48471,4346,37905,3030,52033,3810,126914,5561,18890,2186
0500000US06075,6075,"San Francisco County, California",2009,202406,4190,10857,1797,20237,2542,27548,2596,24513,3128,23063,2395,15014,2194,13313,1929,15460,2063,43050,3392,9351,1538
0500000US06077,6077,"San Joaquin County, California",2009,81533,4457,2379,871,3483,1116,8007,1542,9897,1706,9351,1761,6495,1358,6582,1608,7724,1770,23270,2613,4345,929
0500000US06079,6079,"San Luis Obispo County, California",2009,39231,2671,919,488,2212,818,3799,1170,3560,1278,4219,1049,2719,815,3155,982,3573,1220,13466,1882,1609,662
0500000US06081,6081,"San Mateo County, California",2009,98032,4147,2346,789,9478,1496,12926,2122,12465,1797,9657,1417,8002,1563,7120,1468,8587,1547,24348,2755,3103,873
0500000US06083,6083,"Santa Barbara County, California",2009,65842,3203,1459,674,3135,837,6087,1452,8210,1588,7689,1399,5218,1183,6031,1528,7383,1485,17472,1995,3158,842
0500000US06085,6085,"Santa Clara County, California",2009,242273,6323,8861,1685,23079,2710,29369,2884,36150,2618,28426,2657,19892,2586,14129,1867,18317,2284,53388,3577,10662,1750
0500000US06087,6087,"Santa Cruz County, California",2009,36212,2482,934,676,2821,1034,3826,955,2243,752,4018,1107,3253,1009,2581,966,3318,1053,11221,1752,1997,809
0500000US06089,6089,"Shasta County, California",2009,24762,2044,633,594,1756,731,1753,668,2689,962,3143,1021,1521,608,2023,911,1689,660,7158,1493,2397,786
0500000US06095,6095,"Solano County, California",2009,47862,2678,795,406,2006,693,6834,1696,6119,1424,4296,1081,4070,1272,3290,970,4318,1045,14038,1873,2096,807
0500000US06097,6097,"Sonoma County, California",2009,70941,3408,1534,715,4671,1511,8142,1485,8420,1638,9058,1639,5751,1460,5395,1370,5938,1254,18044,2344,3988,1027
0500000US06099,6099,"Stanislaus County, California",2009,64951,3767,668,398,4101,1268,8268,1699,6845,1340,5832,1335,5989,1297,4931,1399,5745,1171,18705,2402,3867,984
0500000US06101,6101,"Sutter County, California",2009,11516,1473,314,220,567,374,1595,652,1993,560,1319,618,782,460,684,496,1037,531,2774,805,451,339
0500000US06107,6107,"Tulare County, California",2009,54201,2830,1707,653,3668,1071,5417,1492,7462,1543,5173,1255,4172,1189,4136,1165,4532,1109,14589,2165,3345,898
0500000US06111,6111,"Ventura County, California",2009,90941,3684,1729,819,5284,1080,10252,1801,10092,1726,9777,1735,7116,1516,7568,1475,9951,2246,25378,2769,3794,821
0500000US06113,6113,"Yolo County, California",2009,29545,2304,779,391,1309,624,3163,838,3223,1019,2982,909,3176,977,1647,683,2697,925,8899,1473,1670,657
0500000US06115,6115,"Yuba County, California",2009,9326,1477,284,238,166,164,1140,583,804,557,350,309,1229,530,1193,742,929,564,2363,907,868,502
0500000US06001,6001,"Alameda County, California",2008,228751,5741,6554,1667,18434,2297,26423,2718,27961,2681,25168,2624,18716,2138,14525,1829,20142,2354,60857,3445,9971,1550
0500000US06007,6007,"Butte County, California",2008,36560,2391,1002,510,833,402,3609,1130,4435,1211,3335,884,3056,953,2047,773,4445,1337,11995,1755,1803,637
0500000US06013,6013,"Contra Costa County, California",2008,114412,4807,2789,916,6848,1156,12719,1935,13388,2059,11714,1909,10042,1941,7481,1588,11510,2010,32298,3105,5623,1337
0500000US06017,6017,"El Dorado County, California",2008,18818,1909,558,427,1394,776,1450,678,3845,1297,1843,847,1525,794,1138,724,1728,705,4571,1422,766,344
0500000US06019,6019,"Fresno County, California",2008,129165,4378,4991,1119,9890,1631,11850,1911,13577,2144,12254,1702,11819,2113,8092,1482,12340,1829,38129,3059,6223,1548
0500000US06023,6023,"Humboldt County, California",2008,24356,1860,400,343,1040,439,2671,846,3442,876,2308,935,1549,574,1527,593,2244,803,7475,1197,1700,580
0500000US06025,6025,"Imperial County, California",2008,21095,1891,660,373,2147,1043,2098,775,2362,811,2050,841,1820,820,1115,556,3091,1004,4462,1086,1290,504
0500000US06029,6029,"Kern County, California",2008,98718,4748,5351,1587,6616,1617,10290,1664,8682,1636,8736,1515,8018,1522,6102,1290,11500,1759,27717,3039,5706,1350
0500000US06031,6031,"Kings County, California",2008,18086,1625,1244,590,1736,707,2941,982,1597,621,1397,546,2338,799,1639,809,836,404,2701,786,1657,653
0500000US06033,6033,"Lake County, California",2008,8885,1642,43,73,813,547,452,387,1354,757,730,520,526,408,730,598,1417,871,2016,878,804,627
0500000US06037,6037,"Los Angeles County, California",2008,1639800,13653,43669,3481,108354,6477,168190,7079,183021,7649,179386,6884,146433,6309,108644,5525,169531,7706,467044,11946,65528,4660
0500000US06039,6039,"Madera County, California",2008,16914,1700,545,507,479,281,1725,722,2027,925,1588,757,2320,968,881,518,1191,568,3977,1287,2181,754
0500000US06041,6041,"Marin County, California",2008,35808,2635,1117,504,1489,516,3793,1036,5184,1153,3646,880,4275,1417,2541,910,2561,888,9624,1685,1578,768
0500000US06045,6045,"Mendocino County, California",2008,13349,1605,421,443,755,396,475,305,1714,720,1464,704,732,393,603,416,691,412,5252,1268,1242,607
0500000US06047,6047,"Merced County, California",2008,33851,2126,1887,912,1985,899,3531,1046,3010,936,3054,884,3004,959,2001,703,2944,1023,9590,1305,2845,865
0500000US06053,6053,"Monterey County, California",2008,60627,3048,1218,557,4254,1092,8755,1525,7590,1535,9090,1595,6430,1659,5242,1183,4521,999,10851,1713,2676,927
0500000US06055,6055,"Napa County, California",2008,16286,1798,719,444,869,504,1729,843,1457,831,2226,759,1626,672,970,792,1556,762,4547,1060,587,408
0500000US06057,6057,"Nevada County, California",2008,12353,1626,188,182,304,246,961,580,1729,834,2023,990,589,409,1721,746,1489,885,2780,946,569,348
0500000US06059,6059,"Orange County, California",2008,378613,7205,7541,1499,22191,2814,40414,3573,47650,3781,45210,3374,36469,2885,31527,2901,35877,3031,96743,4077,14991,2142
0500000US06061,6061,"Placer County, California",2008,34540,2679,441,326,1562,741,3500,1082,4443,1171,6097,1315,3779,1154,2064,1039,3064,951,8523,1978,1067,463
0500000US06065,6065,"Riverside County, California",2008,209250,6483,3869,948,7752,1392,18519,2550,21884,2691,25825,3262,17392,2174,16495,2487,25089,3066,64272,4692,8153,1298
0500000US06067,6067,"Sacramento County, California",2008,204149,5775,4600,1239,14439,1647,21517,2169,26321,2633,27476,2472,19535,2415,16326,2334,19187,2437,47610,3827,7138,1433
0500000US06071,6071,"San Bernardino County, California",2008,215082,6908,5140,1417,12367,1967,22900,3300,23641,3130,20961,2612,18356,2692,15564,2249,19657,2599,65204,3889,11292,1996
0500000US06073,6073,"San Diego County, California",2008,452651,8696,10753,1956,27098,2684,43907,3643,59983,4450,50461,3607,42972,4016,29230,2522,44558,3446,121773,6206,21916,2635
0500000US06075,6075,"San Francisco County, California",2008,195714,5676,11141,1669,23120,2363,27936,2634,22230,2572,22976,2815,17663,2188,10216,1639,13632,2141,38503,2726,8297,1367
0500000US06077,6077,"San Joaquin County, California",2008,83894,3495,2043,740,4614,1102,7655,1490,9887,1546,9162,1494,7731,1502,5124,1204,7518,1408,24435,2723,5725,1414
0500000US06079,6079,"San Luis Obispo County, California",2008,37215,2864,1713,972,2577,998,3381,1299,3839,1085,4032,1111,2612,933,1693,695,3715,1039,11415,1771,2238,729
0500000US06081,6081,"San Mateo County, California",2008,100369,4269,2618,747,9503,1709,14137,1964,12926,2270,11855,2175,9016,1748,6717,1324,8476,1748,20891,2570,4230,1223
0500000US06083,6083,"Santa Barbara County, California",2008,64084,3177,1038,575,2977,923,5719,1336,8455,1629,6661,1442,5588,1433,5527,1295,7152,1406,17343,2202,3624,1012
0500000US06085,6085,"Santa Clara County, California",2008,232767,5704,10053,1718,22828,2536,33614,2876,32350,2595,26021,2443,21082,2468,13867,2448,17552,2088,46106,3334,9294,1673
0500000US06087,6087,"Santa Cruz County, California",2008,37760,2297,1157,695,1986,749,4354,1187,4437,1154,3908,991,3287,968,2923,1043,3408,997,10490,1769,1810,786
0500000US06089,6089,"Shasta County, California",2008,24438,2239,369,479,1161,580,1329,564,2590,996,3322,1059,2494,1101,1443,703,2127,733,7852,1700,1751,709
0500000US06095,6095,"Solano County, California",2008,49056,2903,1234,634,3405,1236,4937,1109,6289,1479,6411,1342,5567,1401,4087,1081,3841,1117,11122,1842,2163,672
0500000US06097,6097,"Sonoma County, California",2008,66159,3152,1570,660,3571,1022,6769,1378,7817,1601,8539,1540,5400,1482,4511,1247,6630,1329,17047,1840,4305,1012
0500000US06099,6099,"Stanislaus County, California",2008,60806,3339,1521,735,3466,1119,6364,1606,6003,1479,6702,1453,7051,1387,3694,1064,4441,1187,18205,1931,3359,913
0500000US06101,6101,"Sutter County, California",2008,12286,1373,574,342,554,292,927,467,1384,531,1304,568,1057,481,800,573,849,384,3746,1111,1091,488
0500000US06107,6107,"Tulare County, California",2008,50961,3130,2499,987,3448,831,5557,1267,6154,1284,5383,1301,4566,1119,4326,1097,3652,1079,11584,2118,3792,967
0500000US06111,6111,"Ventura County, California",2008,86708,3728,1980,643,4174,975,8560,1506,11582,1786,10829,1960,8490,1448,7064,1386,9653,1782,19915,2165,4461,1006
0500000US06113,6113,"Yolo County, California",2008,32058,3378,869,500,2785,1019,3412,1035,3546,1082,3714,1123,2521,849,1547,626,3675,1121,8209,1776,1780,583
0500000US06115,6115,"Yuba County, California",2008,10560,1343,230,297,1379,687,795,524,1079,501,1400,735,676,481,820,498,1272,704,1669,759,1240,420
0500000US06001,6001,"Alameda County, California",2007,221400,5963,5910,1091,20255,2465,25469,2587,27390,2688,24435,2958,20120,2322,15454,2004,13601,2113,57222,3993,11544,1776
0500000US06007,6007,"Butte County, California",2007,35291,2080,396,389,1863,882,3314,1157,3419,1059,2777,890,3234,1075,2919,1018,5739,1480,9254,1709,2376,860
0500000US06013,6013,"Contra Costa County, California",2007,105605,4007,3442,1069,6279,1457,11803,1845,12541,1996,12174,1876,9318,1685,7483,1411,10160,2156,28707,2573,3698,697
0500000US06017,6017,"El Dorado County, California",2007,18552,1993,448,461,2039,1021,2120,921,2259,893,2752,1004,1289,611,1327,537,1766,826,4193,1160,359,271
0500000US06019,6019,"Fresno County, California",2007,123486,4539,4536,1155,9644,1884,12961,2120,13402,1783,13370,1862,9321,1719,7838,1640,12784,1966,32851,3049,6779,1051
0500000US06023,6023,"Humboldt County, California",2007,21388,1855,948,457,1258,643,1485,543,2231,721,1378,680,1904,683,1217,711,2301,754,5808,1225,2858,1064
0500000US06025,6025,"Imperial County, California",2007,23538,1917,831,574,1401,632,1549,578,2272,801,4300,1065,2363,877,952,455,2636,1051,5781,1494,1453,600
0500000US06029,6029,"Kern County, California",2007,91840,4071,4155,1208,7431,1434,11867,1874,11977,1946,8220,1590,8309,1721,5216,1417,8133,1464,20434,2222,6098,1382
0500000US06031,6031,"Kings County, California",2007,15479,1414,407,275,1295,543,1369,531,2315,886,1765,762,1661,612,587,409,1300,664,2541,994,2239,674
0500000US06033,6033,"Lake County, California",2007,6563,1718,369,512,502,335,172,217,676,658,474,397,665,653,400,417,701,625,1788,1147,816,469
0500000US06037,6037,"Los Angeles County, California",2007,1623435,14196,46209,3410,110171,6044,161540,6963,189408,6657,184760,7070,148001,6433,112280,6159,167227,6214,437072,10884,66767,4035
0500000US06039,6039,"Madera County, California",2007,16321,1792,636,380,1076,618,2116,902,1516,586,1676,664,1423,595,969,451,1854,742,3254,1197,1801,699
0500000US06041,6041,"Marin County, California",2007,34803,2294,790,407,1823,621,5099,1222,4011,1079,3188,1028,2504,693,2608,858,4349,1227,8520,1819,1911,757
0500000US06045,6045,"Mendocino County, California",2007,12182,1595,421,355,928,595,1178,521,1661,892,1529,680,594,329,1323,765,874,511,3079,1070,595,321
0500000US06047,6047,"Merced County, California",2007,31692,2480,825,426,2016,803,3891,1095,2379,854,3157,921,2770,981,2587,935,3381,1015,7799,1370,2887,765
0500000US06053,6053,"Monterey County, California",2007,61203,2997,1780,607,5068,1294,7464,1408,7415,1428,8320,1250,6715,1337,4173,1202,6074,1180,11479,1715,2715,775
0500000US06055,6055,"Napa County, California",2007,16768,1452,273,347,470,279,1906,751,2532,831,2417,663,1537,711,1326,664,2060,926,3246,839,1001,434
0500000US06057,6057,"Nevada County, California",2007,11359,1734,136,158,809,794,1086,605,1105,495,1882,1119,1518,879,447,420,1309,888,2392,1296,675,484
0500000US06059,6059,"Orange County, California",2007,364220,6109,9539,1566,22857,2539,38255,3409,42840,3234,42597,2926,35916,3340,27753,2306,34716,2203,93575,4591,16172,1740
0500000US06061,6061,"Placer County, California",2007,37339,2430,962,578,2355,932,4349,1013,4530,1203,5108,1269,3880,1239,2931,921,4359,1190,7350,1456,1515,532
0500000US06065,6065,"Riverside County, California",2007,197065,7188,4322,1353,11014,1931,19164,2940,26931,3331,20367,2056,19678,2270,14062,2140,23197,3017,48995,3935,9335,1693
0500000US06067,6067,"Sacramento County, California",2007,195570,5174,4689,1192,12530,2114,21558,2588,21116,2293,27119,2650,21014,2473,12437,1812,18447,2700,50343,3681,6317,1299
0500000US06071,6071,"San Bernardino County, California",2007,206058,6270,3666,1012,14817,2384,23606,3054,21472,2555,24773,2782,20150,2433,15603,2167,19417,2731,51577,4120,10977,2137
0500000US06073,6073,"San Diego County, California",2007,461022,7836,9835,1630,25316,3280,46026,4038,59250,3968,55812,3993,44896,3685,33719,3325,48532,3623,116617,5370,21019,2436
0500000US06075,6075,"San Francisco County, California",2007,200138,4408,10560,1615,23002,2292,29648,2777,24343,2227,22702,2809,16982,2204,11224,1911,15023,1925,38896,3293,7758,1477
0500000US06077,6077,"San Joaquin County, California",2007,76331,4545,2062,878,3404,1102,9015,1891,9364,1788,8106,1769,5730,1292,6585,1639,7289,1660,19974,2258,4802,1156
0500000US06079,6079,"San Luis Obispo County, California",2007,44467,2602,643,462,2710,1065,5715,1691,4123,1118,3678,1122,3520,1167,2676,1083,4217,1782,14159,1870,3026,1196
0500000US06081,6081,"San Mateo County, California",2007,95740,3668,3210,1027,8886,1581,12049,1691,14019,1655,11388,1852,9492,1625,5919,1281,6395,1331,20629,2563,3753,1166
0500000US06083,6083,"Santa Barbara County, California",2007,66045,2607,1646,816,3566,916,5136,856,7687,1721,6348,1297,5307,1086,4959,1323,8572,1764,18231,2013,4593,1233
0500000US06085,6085,"Santa Clara County, California",2007,227777,6319,9392,1401,22727,2641,29084,2664,30677,3141,24598,2851,19976,2661,12942,1803,19868,2631,49632,3678,8881,1493
0500000US06087,6087,"Santa Cruz County, California",2007,37942,2058,1314,631,2546,852,3532,1069,5046,1099,3451,795,4324,1042,2752,800,4274,1189,9264,1326,1439,693
0500000US06089,6089,"Shasta County, California",2007,24877,1969,1021,586,1728,832,2878,1117,2496,861,2725,957,3473,1102,1866,914,1502,661,5442,1362,1746,770
0500000US06095,6095,"Solano County, California",2007,44563,2503,938,491,2117,752,3882,836,5703,1346,4439,1135,4696,1102,3714,1035,3881,942,12993,1648,2200,694
0500000US06097,6097,"Sonoma County, California",2007,68338,3055,2492,813,4480,1363,6581,1377,8906,1616,8004,1547,6187,1379,4524,1129,5637,1305,17149,2249,4378,1165
0500000US06099,6099,"Stanislaus County, California",2007,56837,3363,1611,702,3509,1032,5621,1377,7203,1348,6438,1494,3638,989,3700,969,4984,1173,17317,2234,2816,895
0500000US06101,6101,"Sutter County, California",2007,10445,1272,253,206,679,428,1611,710,1346,639,1490,561,563,349,755,411,1038,489,2363,787,347,235
0500000US06107,6107,"Tulare County, California",2007,50160,2468,2157,803,3964,1037,6543,1203,6185,1299,4794,1046,4050,942,3627,881,5239,1288,10429,1826,3172,836
0500000US06111,6111,"Ventura County, California",2007,82445,3679,1224,472,4833,1282,6322,1124,10864,1907,12544,2061,7390,1432,7615,1262,8266,1441,18870,2459,4517,1117
0500000US06113,6113,"Yolo County, California",2007,30607,1792,486,316,2593,1336,2873,925,4544,1201,2956,879,2495,773,2138,668,2749,830,8272,1413,1501,644
0500000US06115,6115,"Yuba County, California",2007,11067,1269,67,117,698,460,817,540,1346,662,1665,630,1192,625,862,489,1249,629,2404,833,767,411
0500000US06001,6001,"Alameda County, California",2006,220508,5219,5426,1288,17098,2014,24381,2525,29333,2788,23120,2502,17808,2136,14265,2108,19953,2420,59161,3465,9963,1713
0500000US06007,6007,"Butte County, California",2006,34302,2043,997,496,2748,999,2993,962,3131,989,3110,935,3868,997,2643,906,3022,865,10318,1401,1472,677
0500000US06013,6013,"Contra Costa County, California",2006,100494,4660,2500,954,6530,1299,10462,1940,10943,1570,10103,1659,10958,1587,6904,1925,10654,1970,26254,2971,5186,1552
0500000US06017,6017,"El Dorado County, California",2006,14011,1784,206,305,918,479,1990,833,1327,652,1815,709,717,383,1201,605,2319,806,2975,997,543,416
0500000US06019,6019,"Fresno County, California",2006,124893,3820,5031,1205,8902,1628,14263,1959,12598,1925,12959,1712,10174,1850,8513,1523,12892,1886,30982,2806,8579,1358
0500000US06023,6023,"Humboldt County, California",2006,23909,1734,1082,800,1435,493,2715,879,2387,748,1913,623,1973,788,2106,997,2247,752,6017,1251,2034,768
0500000US06025,6025,"Imperial County, California",2006,18008,2069,412,246,1847,799,1454,730,2212,1026,1311,529,2669,1044,1884,782,2131,950,2802,888,1286,587
0500000US06029,6029,"Kern County, California",2006,90746,3920,2432,1002,7525,1612,10536,1913,12405,1916,8843,1617,9081,1725,5065,1320,8579,1646,20717,2477,5563,1285
0500000US06031,6031,"Kings County, California",2006,17330,1614,265,342,868,426,2704,866,1265,511,1765,731,2037,834,1164,692,1921,759,2364,823,2977,779
0500000US06033,6033,"Lake County, California",2006,9045,1435,153,247,604,686,453,335,769,654,1182,611,232,266,851,728,862,646,2920,1131,1019,636
0500000US06037,6037,"Los Angeles County, California",2006,1607392,12498,41152,3808,112581,5248,170483,6485,182060,6809,179834,6680,134512,5173,111309,4938,161958,6594,448150,9006,65353,3881
0500000US06039,6039,"Madera County, California",2006,15988,2096,399,321,1102,510,1026,561,1741,697,1736,729,1774,858,848,453,1471,854,4896,1417,995,502
0500000US06041,6041,"Marin County, California",2006,35072,2433,2037,947,2181,754,3604,1000,4261,1119,3279,754,1705,811,2498,878,3522,888,10866,1756,1119,445
0500000US06045,6045,"Mendocino County, California",2006,11740,1407,389,324,798,480,902,468,1263,539,1394,533,612,398,664,449,821,425,3512,1045,1385,493
0500000US06047,6047,"Merced County, California",2006,33267,2662,1178,559,2398,1028,3447,1080,4022,1171,2855,976,2415,879,1474,698,2630,933,10163,1782,2685,890
0500000US06053,6053,"Monterey County, California",2006,54884,2821,1337,486,3647,954,6539,1225,5946,1310,6436,1183,6306,1178,4158,1071,5834,1359,11705,1753,2976,939
0500000US06055,6055,"Napa County, California",2006,17939,1701,841,427,877,423,2826,1093,2314,922,1298,486,1702,714,1072,542,1655,663,3646,1023,1708,765
0500000US06057,6057,"Nevada County, California",2006,10235,1589,137,150,293,348,458,278,1587,797,1061,462,1494,748,800,429,1964,902,2124,789,317,264
0500000US06059,6059,"Orange County, California",2006,365593,7906,7644,1474,21239,2597,41768,3372,46130,3289,41867,3184,33463,2854,26799,2959,38417,3451,93078,4709,15188,2105
0500000US06061,6061,"Placer County, California",2006,34062,2822,1261,744,2088,824,3274,1104,3956,1146,4835,1278,3142,962,2862,975,4326,1304,6994,1441,1324,517
0500000US06065,6065,"Riverside County, California",2006,198403,5319,3318,1072,9514,1819,18568,2831,21686,2961,22861,2607,18163,2308,17132,2485,20718,2889,55642,3993,10801,1711
0500000US06067,6067,"Sacramento County, California",2006,194245,5916,3650,992,12129,1784,20419,2208,20472,2621,23117,2659,19258,2287,16100,2445,20460,2689,50451,3322,8189,1333
0500000US06071,6071,"San Bernardino County, California",2006,199393,6371,4800,1229,10210,2048,23757,3182,20737,2445,21826,2852,18183,2407,14917,2259,19913,2884,55590,4032,9460,1462
0500000US06073,6073,"San Diego County, California",2006,440377,8456,7920,1505,24906,2706,47804,3552,51342,3656,53885,3759,40989,3361,32226,2662,46991,3675,112174,4446,22140,2535
0500000US06075,6075,"San Francisco County, California",2006,195835,4469,8464,1526,22290,2641,26715,2498,25891,2783,23415,2546,15341,1891,12516,2230,14923,2174,36546,2743,9734,1829
0500000US06077,6077,"San Joaquin County, California",2006,77981,3549,1470,588,4539,1227,8540,1550,9543,1638,7330,1276,7114,1220,5303,1399,6422,1508,22425,2432,5295,1308
0500000US06079,6079,"San Luis Obispo County, California",2006,41353,2514,846,727,1835,855,3137,858,4392,1308,5429,1280,3243,1049,2960,968,4737,1236,11490,1755,3284,1065
0500000US06081,6081,"San Mateo County, California",2006,92730,3536,3389,1003,7813,1520,13510,1947,12655,1808,10221,1591,8715,1769,5602,1255,7780,1492,19426,2535,3619,1184
0500000US06083,6083,"Santa Barbara County, California",2006,65741,2439,1595,648,3706,1094,5630,1364,6191,1104,7624,1589,5225,1260,5387,1189,7457,1261,19377,2057,3549,734
0500000US06085,6085,"Santa Clara County, California",2006,230620,5831,9134,1433,23573,2663,31117,3134,31126,2983,24631,2322,19259,1991,11763,1700,18566,2275,50319,3698,11132,1538
0500000US06087,6087,"Santa Cruz County, California",2006,37332,2695,931,455,1360,648,2745,875,3770,849,3837,841,4085,1276,3516,1059,4248,1207,10730,1764,2110,813
0500000US06089,6089,"Shasta County, California",2006,23496,2071,341,209,1369,674,2870,1111,2483,862,2309,1023,2074,872,1487,834,2436,782,7286,1477,841,500
0500000US06095,6095,"Solano County, California",2006,46838,2676,964,531,2299,824,3902,988,5730,1171,4767,1116,5455,1189,3765,1101,4914,1203,11738,1752,3304,905
0500000US06097,6097,"Sonoma County, California",2006,64350,2921,1198,599,2037,784,6396,1440,7053,1282,7581,1460,6046,1209,4456,1351,7489,1529,18323,2031,3771,852
0500000US06099,6099,"Stanislaus County, California",2006,57700,3023,2522,937,2359,743,7120,1402,4837,1095,5449,1252,6336,1226,3964,1033,6826,1338,15593,2069,2694,772
0500000US06101,6101,"Sutter County, California",2006,10804,1304,556,364,632,364,1132,475,1443,564,1013,580,1133,538,1013,613,735,461,2690,828,457,376
0500000US06107,6107,"Tulare County, California",2006,49383,2765,3529,909,3528,956,5467,1261,5241,1312,6106,1239,2898,1019,3653,869,4065,1005,10102,1690,4794,1205
0500000US06111,6111,"Ventura County, California",2006,81132,3647,1336,538,4090,1064,10728,1705,9585,1529,9989,1513,7287,1542,5796,1152,7927,1351,20136,2279,4258,988
0500000US06113,6113,"Yolo County, California",2006,30047,1600,872,611,1208,652,3169,1057,2990,937,3859,936,3470,1046,1019,513,2798,839,9488,1477,1174,500
0500000US06115,6115,"Yuba County, California",2006,10875,1297,177,188,200,188,1180,517,1101,564,621,383,1119,521,863,582,647,387,2427,891,2540,983
0500000US06001,6001,"Alameda County, California",2005,222606,6934,8047,1983,17128,2112,23937,3112,28700,3214,26512,3050,20237,2533,12336,1651,16219,2076,57755,3798,11735,2377
0500000US06007,6007,"Butte County, California",2005,35629,2310,2037,1324,2022,746,3016,903,2328,732,3585,911,2823,759,1474,510,4535,1127,11572,2024,2237,829
0500000US06013,6013,"Contra Costa County, California",2005,105897,5176,3148,1146,4483,1076,11541,1914,14238,2223,11927,1835,9355,1928,7626,1570,9865,2151,28700,3637,5014,1416
0500000US06017,6017,"El Dorado County, California",2005,16914,1994,1075,611,935,625,1723,729,1542,725,1672,707,1714,1017,1588,861,1329,663,4778,1448,558,422
0500000US06019,6019,"Fresno County, California",2005,116340,4515,5048,1458,9532,1968,12974,2475,11737,1782,10205,1666,11363,2388,7141,1497,12118,1722,28153,3111,8069,1582
0500000US06023,6023,"Humboldt County, California",2005,22499,1453,677,368,1241,695,2043,651,2242,928,2059,719,1980,742,1782,741,2010,717,7176,1200,1289,494
0500000US06025,6025,"Imperial County, California",2005,18943,1820,736,505,1221,428,1860,811,2185,1009,2161,878,1919,799,914,479,2956,1006,3925,1176,1066,523
0500000US06029,6029,"Kern County, California",2005,86245,4612,2569,785,6405,1532,11329,2304,11952,2440,7386,1493,6710,1724,5243,1234,6646,1395,21367,2667,6638,1439
0500000US06031,6031,"Kings County, California",2005,16777,1419,667,480,797,420,1977,803,1954,698,1530,648,2115,793,1717,727,957,610,2876,750,2187,688
0500000US06033,6033,"Lake County, California",2005,6596,1526,105,140,553,548,848,596,921,624,437,398,215,209,201,246,1571,1054,1144,511,601,430
0500000US06037,6037,"Los Angeles County, California",2005,1621543,17621,41806,3663,110099,6843,172489,7828,186618,8617,175203,7873,137542,6554,113346,7705,165646,7818,443902,12038,74892,5261
0500000US06039,6039,"Madera County, California",2005,13217,1794,960,697,1489,724,1329,664,2033,788,1237,735,1325,719,596,362,575,362,2475,858,1198,608
0500000US06041,6041,"Marin County, California",2005,35140,2595,1771,958,1939,853,3720,1081,4146,1090,3733,1070,4077,1106,2812,1159,3090,1018,8603,2014,1249,612
0500000US06045,6045,"Mendocino County, California",2005,13059,1582,807,581,471,326,2404,959,808,531,817,496,803,454,920,480,706,386,3980,1220,1343,660
0500000US06047,6047,"Merced County, California",2005,29284,2274,1119,541,1946,786,3238,892,2159,941,3269,987,1701,627,2791,1107,2647,906,7686,1329,2728,878
0500000US06053,6053,"Monterey County, California",2005,54966,2943,711,435,3738,987,4960,1124,6633,1438,8993,1804,4731,1353,2940,788,6416,1628,13018,2096,2826,887
0500000US06055,6055,"Napa County, California",2005,15879,1681,626,525,1482,654,847,431,4104,1336,2044,827,1289,571,767,450,1561,860,2399,811,760,423
0500000US06057,6057,"Nevada County, California",2005,10514,1638,0,293,789,500,831,752,1457,767,2270,964,502,430,193,197,951,491,3148,1143,373,222
0500000US06059,6059,"Orange County, California",2005,368878,8059,7225,1589,21129,2913,38079,3763,46739,3801,44548,4504,37229,3233,29311,3412,38394,4002,89424,5765,16800,2393
0500000US06061,6061,"Placer County, California",2005,33722,3014,576,448,2505,974,3501,1074,5020,1562,4704,1356,2774,940,2491,992,3777,1194,7116,1616,1258,472
0500000US06065,6065,"Riverside County, California",2005,188839,7217,5178,1674,9439,2113,16222,2640,21533,3147,21047,2855,17700,2827,14849,2190,20665,3215,51687,4628,10519,2011
0500000US06067,6067,"Sacramento County, California",2005,194871,5989,4273,1389,13806,2410,20239,2671,25057,2733,23027,2614,17568,2450,13384,2664,21709,3082,48558,3874,7250,1467
0500000US06071,6071,"San Bernardino County, California",2005,205157,7467,4737,1530,10995,2271,21153,2951,25257,2997,19871,2812,15325,2780,12294,1783,21414,3113,61149,5075,12962,2512
0500000US06073,6073,"San Diego County, California",2005,434683,8540,7535,1198,22630,2692,43519,4207,48466,3465,53995,4972,44368,4210,32000,3521,39722,3727,122343,6152,20105,2648
0500000US06075,6075,"San Francisco County, California",2005,199796,4863,8255,1451,20366,2762,24999,2249,25523,2825,23836,2423,17493,2229,9603,1481,15584,2169,43365,3498,10772,1764
0500000US06077,6077,"San Joaquin County, California",2005,76824,3971,1302,643,5592,1534,7473,1396,7894,1558,9175,1841,5736,1519,4614,1232,8363,1942,22654,2599,4021,1044
0500000US06079,6079,"San Luis Obispo County, California",2005,37919,2796,804,514,1245,596,3821,1241,3564,1147,4528,1346,3559,1040,1753,729,4624,1441,11015,1850,3006,1133
0500000US06081,6081,"San Mateo County, California",2005,95555,3994,2839,868,8420,1750,12476,2086,11982,2203,10722,1627,7636,1460,4880,1347,8396,1511,24856,3126,3348,888
0500000US06083,6083,"Santa Barbara County, California",2005,58174,3149,1049,584,2758,926,4801,1327,6394,1362,6745,1261,5516,1595,3421,961,7933,2043,15911,1936,3646,993
0500000US06085,6085,"Santa Clara County, California",2005,230742,6959,7462,1683,24942,2927,30515,3193,27124,3230,26084,3555,18716,2456,15686,2700,19693,3424,50263,3487,10257,2116
0500000US06087,6087,"Santa Cruz County, California",2005,37400,2293,883,489,2488,1013,2520,898,4713,1431,4509,938,4341,1177,2165,656,4049,1091,9795,1538,1937,912
0500000US06089,6089,"Shasta County, California",2005,23166,1885,1116,747,1444,592,2115,915,3654,1081,1957,758,1701,681,1600,625,2263,956,6144,1389,1172,556
0500000US06095,6095,"Solano County, California",2005,44550,2972,1052,773,2422,870,2991,730,5625,1380,4586,1207,4703,1177,2995,1262,5472,1380,12211,2127,2493,855
0500000US06097,6097,"Sonoma County, California",2005,63728,3663,1748,1030,3674,1251,6739,1721,7235,1586,7671,1802,6052,1238,4669,1433,6526,1495,15873,2444,3541,1266
0500000US06099,6099,"Stanislaus County, California",2005,57506,3476,1436,662,3122,1334,6935,2010,7570,1208,3962,995,5107,1127,3858,1319,6275,1671,14884,2362,4357,1310
0500000US06101,6101,"Sutter County, California",2005,10166,1143,512,318,362,321,1380,661,1386,731,1200,480,812,410,724,488,1096,599,1750,627,944,498
0500000US06107,6107,"Tulare County, California",2005,48378,2747,2971,960,4578,1120,5648,1263,5750,1243,4648,1202,4382,1267,2975,733,4025,989,9885,1590,3516,814
0500000US06111,6111,"Ventura County, California",2005,78525,4173,1245,660,3777,1204,7921,1621,10276,1827,9423,1464,9865,2177,5869,1321,7646,1324,18217,2724,4286,1093
0500000US06113,6113,"Yolo County, California",2005,29413,1963,852,385,1266,575,2248,717,3690,1114,3251,817,2656,927,3103,1047,3069,979,7681,1282,1597,744
0500000US06115,6115,"Yuba County, California",2005,9723,1538,58,86,495,304,789,492,1251,567,1159,641,428,335,234,212,1276,601,2146,876,1887,541
