Id,Id2,Geography,Year,Estimate; Total:,Margin of Error; Total:,Estimate; With a mortgage:,Margin of Error; With a mortgage:,Estimate; With a mortgage: - Less than 2.0,Margin of Error; With a mortgage: - Less than 2.0,Estimate; With a mortgage: - 2.0 to 2.9,Margin of Error; With a mortgage: - 2.0 to 2.9,Estimate; With a mortgage: - 3.0 to 3.9,Margin of Error; With a mortgage: - 3.0 to 3.9,Estimate; With a mortgage: - 4.0 or more,Margin of Error; With a mortgage: - 4.0 or more,Estimate; With a mortgage: - Not computed,Margin of Error; With a mortgage: - Not computed,Estimate; Not mortgaged:,Margin of Error; Not mortgaged:,Estimate; Not mortgaged: - Less than 2.0,Margin of Error; Not mortgaged: - Less than 2.0,Estimate; Not mortgaged: - 2.0 to 2.9,Margin of Error; Not mortgaged: - 2.0 to 2.9,Estimate; Not mortgaged: - 3.0 to 3.9,Margin of Error; Not mortgaged: - 3.0 to 3.9,Estimate; Not mortgaged: - 4.0 or more,Margin of Error; Not mortgaged: - 4.0 or more,Estimate; Not mortgaged: - Not computed,Margin of Error; Not mortgaged: - Not computed
0500000US06001,6001,"Alameda County, California",2005,298774,6294,233793,5811,9464,1355,13680,2153,24480,2692,184529,5101,1640,1090,64981,3550,3789,876,3089,720,3552,1144,53978,3246,573,385
0500000US06007,6007,"Butte County, California",2005,47434,2224,30634,2022,2353,788,4463,1145,4762,932,19047,1837,9,15,16800,1439,2480,626,1658,613,1275,480,11244,1339,143,144
0500000US06013,6013,"Contra Costa County, California",2005,256205,5089,203039,5033,6943,1277,10775,1627,21854,2381,162443,4932,1024,410,53166,2614,3863,786,2250,610,3426,884,42989,2317,638,325
0500000US06017,6017,"El Dorado County, California",2005,47998,2135,35737,1876,1138,452,2691,703,4915,1005,26870,1970,123,156,12261,1554,1339,599,395,267,606,306,9866,1384,55,91
0500000US06019,6019,"Fresno County, California",2005,157789,4439,115773,4375,10429,2107,19213,1992,22322,2525,63483,3601,326,277,42016,2940,7297,1442,5231,1028,5974,1445,23118,2219,396,289
0500000US06023,6023,"Humboldt County, California",2005,29520,1528,17660,1381,1350,530,1855,551,2956,783,11455,1232,44,72,11860,1154,2358,657,953,417,1066,487,7458,923,25,44
0500000US06025,6025,"Imperial County, California",2005,26044,1778,17252,1457,3187,897,2900,752,3550,889,7482,1344,133,215,8792,1159,3356,751,1212,511,933,441,3242,670,49,61
0500000US06025,6029,"Kern County, California",2005,145321,4991,106031,4141,17518,2038,19504,1880,18242,2554,50270,3444,497,443,39290,2831,8740,1293,5285,1185,4216,1119,20400,2033,649,419
0500000US06031,6031,"Kings County, California",2005,21101,1317,14741,1504,2783,775,2610,699,2774,716,6554,1221,20,34,6360,878,1523,500,1303,547,1171,487,2328,613,35,58
0500000US06033,6033,"Lake County, California",2005,19164,1732,11467,1618,1189,734,1424,685,1798,891,7056,1515,0,293,7697,1367,2153,742,606,442,613,298,4325,1185,0,293
0500000US06037,6037,"Los Angeles County, California",2005,1562853,17727,1208550,16837,60748,4511,84684,4719,132385,6501,924021,17224,6712,1658,354303,8676,33504,3057,19593,2741,19992,2412,276880,7771,4334,1416
0500000US06039,6039,"Madera County, California",2005,28120,1934,19777,1852,2285,895,1739,572,3722,1038,11893,1512,138,168,8343,996,944,478,777,391,655,379,5871,853,96,162
0500000US06041,6041,"Marin County, California",2005,67253,2696,49829,2500,2265,703,3165,847,4801,1067,39204,2630,394,275,17424,1862,1291,480,677,302,658,326,14632,1778,166,170
0500000US06045,6045,"Mendocino County, California",2005,21238,1711,11933,1406,756,480,783,469,1440,451,8954,1432,0,293,9305,1196,1199,642,497,315,562,346,6943,1008,104,155
0500000US06047,6047,"Merced County, California",2005,42329,2309,30228,2123,2064,617,2850,768,4548,901,20575,1988,191,255,12101,1222,1569,620,747,423,1117,368,8569,1198,99,116
0500000US06053,6053,"Monterey County, California",2005,68664,2945,50422,2852,1272,440,1445,519,2767,830,44769,2645,169,150,18242,1488,1816,702,854,432,675,275,14541,1308,356,255
0500000US06055,6055,"Napa County, California",2005,32323,1865,22802,1753,1687,734,412,237,1946,719,18586,1691,171,184,9521,1164,1080,414,677,387,432,265,7251,1031,81,101
0500000US06057,6057,"Nevada County, California",2005,28888,1824,19332,1609,261,192,1919,568,2431,920,14667,1495,54,95,9556,1250,1066,500,317,251,435,300,7538,1158,200,321
0500000US06059,6059,"Orange County, California",2005,601038,8161,470919,7972,20137,2439,23633,2083,39855,3050,384533,7913,2761,849,130119,4367,13718,1784,6585,1255,7711,1393,101062,3368,1043,953
0500000US06061,6061,"Placer County, California",2005,85499,3359,65895,3447,1659,485,5297,1142,7999,1282,50616,3108,324,297,19604,1714,1789,696,1069,393,1305,536,15395,1602,46,78
0500000US06065,6065,"Riverside County, California",2005,434872,8719,333623,8818,16726,2028,30851,3788,46927,3428,237409,7163,1710,948,101249,3844,20867,1910,9665,1550,8366,1337,61192,3268,1159,481
0500000US06067,6067,"Sacramento County, California",2005,300975,6108,233524,5941,11494,1836,22736,2510,36417,2981,162314,5286,563,340,67451,3333,8743,1542,5793,1257,7833,1372,44325,2822,757,472
0500000US06071,6071,"San Bernardino County, California",2005,383061,8033,301738,7455,24398,3041,35144,3409,47692,3593,192459,6253,2045,981,81323,3896,16927,1882,7624,1317,8205,1622,46676,3289,1891,808
0500000US06073,6073,"San Diego County, California",2005,605855,9464,463882,9150,17425,2135,21970,2611,44313,3385,378401,8693,1773,755,141973,4737,16672,2316,6873,1085,7742,1221,109298,3885,1388,617
0500000US06075,6075,"San Francisco County, California",2005,122603,4341,85560,3739,4886,952,5005,1061,5829,1006,69691,3694,149,152,37043,2675,1191,460,1019,414,1567,720,32592,2657,674,374
0500000US06077,6077,"San Joaquin County, California",2005,129522,3815,101175,3727,5336,1588,9647,1708,15212,2011,70540,3957,440,420,28347,2069,4067,1114,2214,607,3096,872,18715,1437,255,241
0500000US06079,6079,"San Luis Obispo County, California",2005,64077,2752,45652,2747,1784,777,1676,655,3100,832,38754,2677,338,365,18425,1919,1665,582,906,472,853,402,14787,1745,214,244
0500000US06081,6081,"San Mateo County, California",2005,158672,4079,117527,4386,5690,1261,4832,864,9261,1668,97360,4335,384,313,41145,2394,2400,480,1235,571,1167,405,36024,2372,319,290
0500000US06083,6083,"Santa Barbara County, California",2005,79553,2759,56337,2735,1854,520,2085,645,3768,983,48473,2699,157,177,23216,1692,2276,570,1709,586,1482,445,17625,1532,124,105
0500000US06085,6085,"Santa Clara County, California",2005,349388,7404,269769,7539,15785,2000,14082,2234,30908,2714,207660,7034,1334,635,79619,3588,6939,1180,4016,858,4495,911,63375,3410,794,446
0500000US06087,6087,"Santa Cruz County, California",2005,55676,2686,40302,2662,1179,402,1432,606,4593,1162,32959,2236,139,228,15374,1558,1282,471,704,319,1200,501,11807,1466,381,240
0500000US06089,6089,"Shasta County, California",2005,44986,1865,30074,1970,2704,724,5412,1122,5363,962,16538,1570,57,95,14912,1367,2765,749,1623,598,1935,639,8474,960,115,141
0500000US06095,6095,"Solano County, California",2005,90074,2954,73478,2885,2506,671,4273,1138,10490,1720,55880,3215,329,256,16596,1704,1256,412,729,356,1160,428,13283,1594,168,162
0500000US06097,6097,"Sonoma County, California",2005,113484,3889,84766,3400,2543,703,4274,872,5954,1027,71664,3114,331,326,28718,2388,2875,716,1740,603,1426,535,22276,2049,401,298
0500000US06099,6099,"Stanislaus County, California",2005,100836,3462,76698,3154,2999,838,8582,1246,12456,1807,52661,2687,0,293,24138,1818,3434,792,2691,961,2062,919,15843,1545,108,110
0500000US06101,6101,"Sutter County, California",2005,19429,1224,13638,1138,1228,546,2264,555,2501,766,7580,996,65,109,5791,901,958,394,734,322,488,243,3577,646,34,54
0500000US06107,6107,"Tulare County, California",2005,71243,2497,51118,2458,9211,1262,9638,1213,9378,1333,22665,1804,226,261,20125,1598,4299,810,2061,530,2643,671,10801,1043,321,362
0500000US06111,6111,"Ventura County, California",2005,174154,4423,138637,4436,4206,856,7001,1451,13299,1810,113929,4254,202,227,35517,2251,2439,650,1498,530,1672,574,29660,2138,248,325
0500000US06113,6113,"Yolo County, California",2005,36348,1829,26625,1797,1107,514,2378,683,3521,835,19584,1759,35,59,9723,1114,1211,464,436,266,684,356,7296,1048,96,122
0500000US06115,6115,"Yuba County, California",2005,12909,1449,8372,1367,925,432,1001,492,1740,621,4706,1015,0,293,4537,782,714,360,632,378,525,459,2620,574,46,82
0500000US06001,6001,"Alameda County, California",2006,296733,4773,232569,4679,7166,1250,11510,1383,20666,1973,192517,4826,710,363,64164,3152,4092,841,2368,711,3209,783,53941,2974,554,431
0500000US06007,6007,"Butte County, California",2006,51211,1957,32678,2233,3090,739,4062,818,5887,1178,19639,2102,0,289,18533,1599,3307,764,2355,668,2691,724,10040,1387,140,156
0500000US06013,6013,"Contra Costa County, California",2006,258877,4662,207360,4511,6227,1214,9618,1745,18559,1941,172529,4876,427,315,51517,2743,4016,820,2288,635,2841,701,42108,2599,264,280
0500000US06017,6017,"El Dorado County, California",2006,49224,1868,38404,1930,1365,600,2856,907,4786,855,29251,1810,146,142,10820,1171,1469,638,1183,456,726,363,7394,1010,48,79
0500000US06019,6019,"Fresno County, California",2006,152363,3959,114231,3551,7685,1290,15339,1761,21341,1974,69203,3296,663,395,38132,2339,6255,1254,2984,693,4107,951,24556,2087,230,229
0500000US06023,6023,"Humboldt County, California",2006,28751,1568,17197,1467,846,384,1980,761,1980,628,12334,1438,57,95,11554,1266,1978,647,789,361,951,346,7779,1112,57,75
0500000US06025,6025,"Imperial County, California",2006,27196,2081,19212,1873,1665,600,3603,883,2439,808,11423,1451,82,100,7984,1214,2458,637,1141,460,818,431,3472,964,95,128
0500000US06029,6029,"Kern County, California",2006,147483,4000,111990,3877,12236,1805,18212,1870,20952,2486,60537,2743,53,62,35493,2362,6686,1008,3754,783,3411,694,21086,1926,556,448
0500000US06031,6031,"Kings County, California",2006,22372,1540,16676,1396,2052,721,4074,963,3515,693,7012,1165,23,40,5696,921,1769,680,736,354,475,280,2655,560,61,75
0500000US06033,6033,"Lake County, California",2006,16167,1927,9512,1542,587,474,703,542,819,499,7403,1435,0,289,6655,1365,1136,497,418,325,373,281,4728,1102,0,289
0500000US06037,6037,"Los Angeles County, California",2006,1564640,11710,1219070,12583,48682,2793,65220,3849,109317,5629,989171,13233,6680,1462,345570,6915,28693,2253,14994,1812,18358,1904,278162,6688,5363,1188
0500000US06039,6039,"Madera County, California",2006,25064,1844,18093,1715,1375,580,1872,673,2869,804,11919,1495,58,100,6971,986,627,292,620,395,583,306,4994,883,147,175
0500000US06041,6041,"Marin County, California",2006,65129,2319,47367,2297,1774,549,2101,714,3445,807,39974,2170,73,126,17762,1815,993,416,856,448,835,440,14955,1497,123,166
0500000US06045,6045,"Mendocino County, California",2006,21429,1452,12592,1397,539,320,571,332,1085,643,10221,1479,176,202,8837,1224,722,284,879,456,474,341,6762,1164,0,289
0500000US06047,6047,"Merced County, California",2006,38913,2209,27288,2296,1025,472,1579,446,2967,904,21594,2020,123,144,11625,1291,1692,547,804,332,816,302,8259,1127,54,90
0500000US06053,6053,"Monterey County, California",2006,68716,2531,50021,2789,1905,630,1388,567,2644,844,44035,2706,49,80,18695,1647,1415,511,869,353,869,422,15455,1466,87,117
0500000US06055,6055,"Napa County, California",2006,29915,1619,20706,1694,491,310,798,418,1661,556,17756,1795,0,289,9209,1100,551,309,538,313,258,204,7862,1113,0,289
0500000US06057,6057,"Nevada County, California",2006,29191,1931,19643,1657,742,496,754,373,2078,688,16069,1597,0,289,9548,1296,829,401,483,472,378,266,7858,1348,0,289
0500000US06059,6059,"Orange County, California",2006,605615,6967,474101,7649,18570,1944,20859,1951,36765,2390,395784,8176,2123,732,131514,4485,13938,1645,6134,1047,7731,1273,102351,3844,1360,622
0500000US06061,6061,"Placer County, California",2006,89272,2523,68151,2502,1812,589,4680,994,10574,1430,50847,2859,238,206,21121,1735,1680,615,777,346,1555,533,17109,1591,0,289
0500000US06065,6065,"Riverside County, California",2006,444836,6011,338553,6134,13430,1838,25816,2407,42184,3313,255494,6183,1629,634,106283,3679,19216,1705,8860,1438,8476,1254,68633,3697,1098,489
0500000US06067,6067,"Sacramento County, California",2006,306047,6029,244003,6011,10120,1644,20629,2053,39600,3157,172653,5660,1001,473,62044,3047,6705,1166,4779,936,5443,1126,44411,2824,706,468
0500000US06071,6071,"San Bernardino County, California",2006,393257,6526,311681,6264,16056,2014,27168,2334,38924,3171,228790,6530,743,410,81576,3953,16528,1957,7704,1233,5589,1033,51033,3299,722,386
0500000US06073,6073,"San Diego County, California",2006,599242,8305,460541,8017,14679,1703,22678,1894,45216,3469,376098,7681,1870,707,138701,4039,14455,1712,7491,1162,9035,1204,106358,3736,1362,523
0500000US06075,6075,"San Francisco County, California",2006,126712,4349,87731,3812,4197,866,4579,865,8131,1169,70495,3828,329,212,38981,2330,1445,621,876,531,1582,616,34799,2318,279,221
0500000US06077,6077,"San Joaquin County, California",2006,132481,3772,101335,3950,4337,916,8335,1271,11229,1455,77282,3561,152,141,31146,2155,4048,795,2469,804,2420,742,21849,1843,360,312
0500000US06079,6079,"San Luis Obispo County, California",2006,60654,2209,42695,2256,1335,570,1485,563,3609,1084,36042,2381,224,199,17959,1608,1143,441,1213,582,1189,428,14225,1405,189,187
0500000US06081,6081,"San Mateo County, California",2006,159025,3815,118743,3870,5524,976,4402,1057,10625,1484,97850,3709,342,246,40282,2749,2293,730,988,428,1714,680,35090,2593,197,171
0500000US06083,6083,"Santa Barbara County, California",2006,75011,2009,51465,2401,1815,528,2163,681,3835,826,43504,2477,148,130,23546,1786,1885,603,708,323,1055,449,19862,1703,36,60
0500000US06085,6085,"Santa Clara County, California",2006,354810,6056,275979,5947,12668,1717,14354,1716,28106,2481,219311,5811,1540,726,78831,3241,8723,1322,3749,717,3276,662,62344,2891,739,462
0500000US06087,6087,"Santa Cruz County, California",2006,55666,2221,41706,2288,900,402,1509,540,3300,884,35848,2206,149,172,13960,1319,996,408,848,463,508,319,11562,1268,46,74
0500000US06089,6089,"Shasta County, California",2006,44889,2165,29380,1966,2449,646,3949,876,4355,877,18407,1764,220,236,15509,1434,1803,575,1944,582,1442,529,10225,1225,95,125
0500000US06095,6095,"Solano County, California",2006,90468,3012,76112,3038,2346,700,4283,1034,8594,1280,60801,3046,88,101,14356,1372,1658,450,794,331,720,375,11071,1144,113,131
0500000US06097,6097,"Sonoma County, California",2006,114133,3091,83329,3106,2759,780,2863,844,6543,997,70978,3236,186,254,30804,2310,2974,669,1461,498,2141,635,24145,2301,83,146
0500000US06099,6099,"Stanislaus County, California",2006,102731,3409,79838,3013,3121,885,7279,1214,10242,1515,58779,3011,417,279,22893,1962,2790,650,1713,569,1665,514,16652,1724,73,102
0500000US06101,6101,"Sutter County, California",2006,19526,1348,15127,1457,706,310,1858,602,3053,776,9510,1197,0,289,4399,690,601,313,484,261,411,252,2825,566,78,96
0500000US06107,6107,"Tulare County, California",2006,72770,2612,53815,2349,5961,1199,9223,1378,9176,1186,29008,2063,447,406,18955,1542,4148,762,1794,491,3010,598,9767,1079,236,222
0500000US06111,6111,"Ventura County, California",2006,177961,3791,142963,3752,4449,880,7022,1418,10682,1758,120466,3667,344,259,34998,2585,3037,888,1995,633,1996,552,27723,2483,247,325
0500000US06113,6113,"Yolo County, California",2006,36338,1546,27712,1639,1274,484,2354,697,3406,825,20566,1660,112,136,8626,1030,1372,444,370,260,638,318,6144,876,102,124
0500000US06115,6115,"Yuba County, California",2006,13381,1162,9293,1214,409,246,1450,541,1646,586,5722,1127,66,110,4088,634,330,228,199,158,340,250,2935,574,284,313
0500000US06001,6001,"Alameda County, California",2007,298409,5528,231047,5330,8654,1300,13466,1997,25990,2248,181932,5347,1005,536,67362,3400,5268,1021,3848,894,3365,847,54231,2951,650,381
0500000US06007,6007,"Butte County, California",2007,50554,2046,32463,2187,2800,756,4670,952,4955,1083,19979,1812,59,95,18091,1675,3390,919,1143,410,1706,536,11553,1318,299,330
0500000US06013,6013,"Contra Costa County, California",2007,260823,4027,207504,4425,7192,1345,13215,1639,22480,2399,163759,4804,858,491,53319,2633,4621,1065,2738,708,2985,715,42018,2164,957,480
0500000US06017,6017,"El Dorado County, California",2007,48954,1913,38957,2089,1161,919,2972,961,5121,1043,29622,2147,81,125,9997,1056,960,508,946,363,930,359,6988,835,173,297
0500000US06019,6019,"Fresno County, California",2007,157007,3883,115802,4008,8859,1450,19407,1995,23118,2228,63889,3338,529,372,41205,2207,7276,1175,4308,670,3887,883,25377,2008,357,303
0500000US06023,6023,"Humboldt County, California",2007,30514,1785,17020,1674,1065,551,1332,500,3239,759,11105,1323,279,344,13494,1161,1963,639,989,388,1659,680,8849,1058,34,66
0500000US06025,6025,"Imperial County, California",2007,22774,1899,15608,1806,1562,530,2723,822,2953,732,8370,1442,0,292,7166,991,1451,483,584,222,595,324,4536,867,0,292
0500000US06029,6029,"Kern County, California",2007,147822,3929,113124,3773,11402,1622,22079,1926,18818,2152,60539,3254,286,339,34698,2074,6843,1174,3426,847,3571,888,20755,1746,103,121
0500000US06031,6031,"Kings County, California",2007,23535,1440,18414,1522,2403,872,3584,844,4314,1186,7899,1290,214,261,5121,795,437,220,591,345,512,241,3396,775,185,204
0500000US06033,6033,"Lake County, California",2007,16763,1774,9458,1575,827,671,917,490,1329,696,6385,1528,0,292,7305,1190,1150,496,620,414,594,363,4941,1093,0,292
0500000US06037,6037,"Los Angeles County, California",2007,1558468,13095,1201197,13004,48780,2815,67530,3329,121938,4943,957788,11785,5161,1222,357271,7044,29379,2372,16149,1816,19006,2059,289817,7201,2920,869
0500000US06039,6039,"Madera County, California",2007,27034,1646,19179,1606,1852,615,2577,830,2113,735,12637,1534,0,292,7855,1036,1381,516,431,337,605,283,5387,1056,51,85
0500000US06041,6041,"Marin County, California",2007,64824,2754,48764,2647,2154,619,2469,762,4779,1027,39173,2555,189,143,16060,1854,955,405,730,429,1052,453,13263,1715,60,101
0500000US06045,6045,"Mendocino County, California",2007,21300,1535,11172,1239,140,146,846,485,436,232,9750,1234,0,292,10128,1265,1401,567,594,401,634,332,7473,1111,26,44
0500000US06047,6047,"Merced County, California",2007,41790,2430,32201,2277,2342,725,3591,967,5304,1184,20539,2139,425,467,9589,1220,1906,600,902,417,434,336,6195,1113,152,149
0500000US06053,6053,"Monterey County, California",2007,64807,2875,49020,2896,1159,477,1926,708,3531,924,42086,2399,318,294,15787,1606,1538,593,1125,467,642,309,12394,1439,88,100
0500000US06055,6055,"Napa County, California",2007,32301,1522,23407,1580,855,472,1170,459,1331,477,19882,1634,169,232,8894,1094,1577,618,817,362,571,287,5929,848,0,292
0500000US06057,6057,"Nevada County, California",2007,28349,1647,19635,1711,502,318,1182,670,1301,595,16384,1667,266,251,8714,1198,431,259,562,308,917,385,6777,1133,27,44
0500000US06059,6059,"Orange County, California",2007,612493,5755,474371,6181,21208,2126,27296,2690,47341,3184,376391,6087,2135,684,138122,4094,12741,1460,7866,1139,8419,1357,107985,3471,1111,561
0500000US06061,6061,"Placer County, California",2007,89508,2618,67194,2681,2034,665,7036,1423,11224,1414,46673,2387,227,266,22314,1767,2177,680,1330,539,1558,553,17132,1657,117,142
0500000US06065,6065,"Riverside County, California",2007,452798,6660,348396,6475,16470,1818,29786,2763,52651,3081,247521,6469,1968,807,104402,3727,19744,1571,9687,1337,8878,1166,64766,3394,1327,560
0500000US06067,6067,"Sacramento County, California",2007,307787,5148,241655,5377,12733,1782,30725,2323,44972,3379,152647,5357,578,407,66132,2767,7622,1173,6940,1070,7288,1215,43777,2618,505,456
0500000US06071,6071,"San Bernardino County, California",2007,386391,6425,306394,6367,15757,1698,28998,2721,45125,3558,215147,6000,1367,682,79997,3516,13463,1655,6315,1085,7779,1499,51714,2967,726,535
0500000US06073,6073,"San Diego County, California",2007,584243,7869,447396,7654,15377,1624,30406,2712,57090,3660,343032,7587,1491,625,136847,4639,16122,1789,7129,1201,9715,1335,102772,4081,1109,488
0500000US06075,6075,"San Francisco County, California",2007,121809,4211,88448,3953,5585,1020,5654,1021,8790,1576,68145,3424,274,206,33361,2337,2301,624,979,428,1711,648,28163,2145,207,208
0500000US06077,6077,"San Joaquin County, California",2007,131039,4269,100008,4237,3844,788,9226,1652,14787,1906,71892,3785,259,231,31031,2049,4200,1033,2297,685,2589,550,21846,1769,99,115
0500000US06079,6079,"San Luis Obispo County, California",2007,59915,2816,42061,2684,1577,526,1960,737,4366,1024,33770,2582,388,395,17854,1432,1151,398,1152,405,1452,777,14040,1316,59,103
0500000US06081,6081,"San Mateo County, California",2007,155617,3522,115367,3518,5707,1125,6892,1226,8878,1364,93535,3486,355,248,40250,2401,3163,804,1823,647,1830,600,33387,2338,47,78
0500000US06083,6083,"Santa Barbara County, California",2007,76420,2216,54610,2295,2239,781,2782,770,5872,1196,43336,2271,381,313,21810,1736,2096,587,1366,520,1195,381,16953,1508,200,191
0500000US06085,6085,"Santa Clara County, California",2007,354395,6539,271367,6265,15104,1656,16114,2015,29118,2579,210067,5079,964,533,83028,3487,7822,1377,3568,666,5487,917,65568,3018,583,326
0500000US06087,6087,"Santa Cruz County, California",2007,55748,2309,39666,2351,1434,558,1383,501,3071,721,33778,2242,0,292,16082,1386,1491,543,1131,562,1496,469,11964,1251,0,292
0500000US06089,6089,"Shasta County, California",2007,44597,2017,30278,2037,1868,575,4317,953,5551,1050,18485,2038,57,94,14319,1393,3577,865,787,347,1315,471,8523,1035,117,113
0500000US06095,6095,"Solano County, California",2007,90775,2452,73365,2572,2030,637,5647,1161,11531,1406,54157,2646,0,292,17410,1514,2552,687,1104,358,1443,469,12311,1371,0,292
0500000US06097,6097,"Sonoma County, California",2007,110167,2654,79142,2463,3020,760,3743,939,6451,1292,65584,2938,344,244,31025,2040,2447,777,1537,494,2093,624,24761,1720,187,144
0500000US06099,6099,"Stanislaus County, California",2007,100425,3289,76512,2932,3858,999,7977,1458,11711,1528,52873,2744,93,148,23913,1922,2762,692,1347,606,2321,728,17322,1657,161,166
0500000US06101,6101,"Sutter County, California",2007,20769,1166,14727,1397,1620,595,2386,782,2835,765,7838,1220,48,82,6042,835,359,319,949,426,597,284,4063,747,74,107
0500000US06107,6107,"Tulare County, California",2007,72453,2619,52800,2707,5683,1219,9099,1261,9549,1311,28287,2571,182,242,19653,1519,3908,834,3004,859,1151,353,11414,1094,176,151
0500000US06111,6111,"Ventura County, California",2007,173223,3236,136390,3578,4109,1028,6632,1092,14763,1739,110613,4022,273,171,36833,2288,2281,636,1813,609,1869,577,30359,2219,511,302
0500000US06113,6113,"Yolo County, California",2007,37899,1790,28580,1600,1300,596,2734,829,5293,1086,19253,1388,0,292,9319,1190,1521,591,739,415,467,284,6592,1073,0,292
0500000US06115,6115,"Yuba County, California",2007,13169,1391,9762,1250,920,649,1484,624,2898,946,4460,870,0,292,3407,767,1181,458,452,261,365,248,1409,466,0,292
0500000US06001,6001,"Alameda County, California",2008,289188,6710,226724,5625,9432,1386,21433,2155,38429,2633,156495,5034,935,539,62464,3248,6173,1086,3083,809,5339,1051,47658,2813,211,176
0500000US06007,6007,"Butte County, California",2008,49878,2206,32434,2024,2883,703,5504,1117,7104,1375,16839,1843,104,126,17444,1815,4285,933,1584,586,2180,718,9267,1330,128,148
0500000US06013,6013,"Contra Costa County, California",2008,253573,4209,198375,4449,11805,1650,25915,2512,32328,2923,126901,4358,1426,664,55198,2946,7706,1445,4169,886,4696,927,38229,2433,398,351
0500000US06017,6017,"El Dorado County, California",2008,46505,1804,34175,1929,2226,786,3624,1021,7124,1294,21201,2033,0,294,12330,1446,1478,661,1158,483,1335,446,8319,1247,40,66
0500000US06019,6019,"Fresno County, California",2008,149799,4811,113955,3754,17344,2479,24617,2021,21588,2168,49661,3471,745,507,35844,2892,8255,1190,5880,1173,3366,674,17831,1708,512,433
0500000US06023,6023,"Humboldt County, California",2008,28623,1831,18574,1820,1272,592,2249,731,2859,692,12102,1676,92,115,10049,1118,1746,623,561,281,948,459,6658,989,136,123
0500000US06025,6025,"Imperial County, California",2008,25739,1837,16553,1967,2584,787,4141,1128,3492,884,6281,1260,55,94,9186,1262,3248,824,600,248,744,345,4428,967,166,236
0500000US06029,6029,"Kern County, California",2008,145468,4122,108875,3883,20788,1985,29401,2519,17310,1974,41054,2787,322,224,36593,2435,9178,1555,6133,1224,4427,1106,16625,1771,230,228
0500000US06031,6031,"Kings County, California",2008,22409,1676,16612,1820,2633,843,4689,1109,2615,714,6575,1217,100,161,5797,1084,1455,467,885,436,506,261,2882,736,69,120
0500000US06033,6033,"Lake County, California",2008,15574,1835,9981,1466,1825,682,1615,853,1580,677,4838,1001,123,195,5593,1159,881,459,784,429,617,327,3311,957,0,294
0500000US06037,6037,"Los Angeles County, California",2008,1528562,13153,1178111,13787,61582,3745,115854,6863,170866,5940,823309,11448,6500,1340,350451,8218,36311,2587,21116,1796,28376,2382,261039,7332,3609,914
0500000US06039,6039,"Madera County, California",2008,24974,1866,18166,2005,2512,828,3226,761,3441,1101,8871,1565,116,147,6808,1002,1581,518,583,405,676,300,3917,843,51,87
0500000US06041,6041,"Marin County, California",2008,66339,2622,50025,2776,1977,776,3298,735,4963,1222,39484,2564,303,298,16314,1881,1160,560,272,258,677,372,14033,1724,172,208
0500000US06045,6045,"Mendocino County, California",2008,21170,1695,11401,1449,650,312,1189,562,1527,546,7945,1181,90,141,9769,1281,1760,726,359,204,795,387,6791,1279,64,103
0500000US06047,6047,"Merced County, California",2008,38502,2103,27964,1924,3940,926,6799,1161,4671,992,12425,1605,129,163,10538,1166,2809,585,1133,408,1095,490,5374,834,127,153
0500000US06053,6053,"Monterey County, California",2008,65439,2763,47326,2750,3155,867,4286,899,6651,1171,33159,2716,75,110,18113,1786,2568,793,1084,442,715,373,13469,1485,277,215
0500000US06055,6055,"Napa County, California",2008,30047,1952,20740,1954,942,440,1544,556,3060,665,15135,1813,59,182,9307,1180,1645,596,699,404,406,335,6385,1081,172,172
0500000US06057,6057,"Nevada County, California",2008,29176,1783,18889,1542,674,438,1364,555,2548,813,13990,1544,313,265,10287,1236,1319,555,813,397,497,330,7546,1157,112,137
0500000US06059,6059,"Orange County, California",2008,592946,6891,462290,7294,22581,1880,43482,3197,64791,4056,329113,5796,2323,805,130656,5043,15924,1728,8698,1227,8412,1143,95953,4136,1669,809
0500000US06061,6061,"Placer County, California",2008,93935,2467,70780,2858,5487,1001,13704,1990,14617,1814,36686,2655,286,240,23155,1841,2202,585,1785,650,2142,657,16695,1539,331,366
0500000US06065,6065,"Riverside County, California",2008,438193,7265,335984,7413,35832,2769,60057,4593,66163,3817,171504,6289,2428,859,102209,3668,24222,2308,10701,1458,9323,1574,56208,3178,1755,488
0500000US06067,6067,"Sacramento County, California",2008,297912,5728,235253,5136,27571,2415,52503,3286,53485,3646,101091,4255,603,295,62659,3101,11369,1532,6793,1236,7447,1033,36881,2292,169,160
0500000US06071,6071,"San Bernardino County, California",2008,365279,6911,288220,6704,31776,3146,50400,3493,52152,4322,151875,6070,2017,766,77059,3596,17563,2154,8335,1395,8072,1280,42148,2953,941,437
0500000US06073,6073,"San Diego County, California",2008,585307,7571,451087,7543,26983,2710,53415,3401,79756,4216,288788,7151,2145,713,134220,5093,17115,1759,8623,1224,11584,1611,94788,4523,2110,851
0500000US06075,6075,"San Francisco County, California",2008,127625,4686,95909,4044,4361,977,7502,1381,13290,1902,70343,4021,413,305,31716,2598,1136,499,1522,489,1703,598,27011,2495,344,226
0500000US06077,6077,"San Joaquin County, California",2008,121162,4667,93087,3485,12205,1710,20073,2390,18279,2132,42142,3058,388,277,28075,3866,5807,1176,3002,845,3382,937,15423,2414,461,323
0500000US06079,6079,"San Luis Obispo County, California",2008,63686,2700,44833,2605,1617,457,3309,834,6431,1273,33255,2149,221,217,18853,1668,1378,610,1193,547,1775,676,14507,1550,0,294
0500000US06081,6081,"San Mateo County, California",2008,154221,4114,114888,3808,4861,982,6825,1081,12276,1489,90461,4095,465,346,39333,2557,2445,565,1536,538,1939,622,33044,2456,369,327
0500000US06083,6083,"Santa Barbara County, California",2008,75128,2751,53505,2648,2902,649,6419,1171,6765,1261,37362,2326,57,95,21623,1857,1867,533,1125,570,1858,698,16634,1609,139,138
0500000US06085,6085,"Santa Clara County, California",2008,355181,6145,274843,6206,13113,1623,21290,2326,36946,2647,202188,5474,1306,620,80338,4087,8868,1124,5020,1062,4300,981,61473,3508,677,459
0500000US06087,6087,"Santa Cruz County, California",2008,55999,1812,41907,2115,1803,570,2323,690,4418,1007,32942,2054,421,280,14092,1391,1241,486,743,353,833,375,11111,1298,164,203
0500000US06089,6089,"Shasta County, California",2008,45629,2248,29867,1937,2472,671,4813,1007,6185,1246,15821,1774,576,523,15762,1274,2473,723,1516,525,1934,527,9682,1249,157,160
0500000US06095,6095,"Solano County, California",2008,86980,2938,69311,2685,5734,1077,15131,2174,14367,1716,33864,2663,215,177,17669,1519,2751,749,1298,437,1644,541,11976,1288,0,294
0500000US06097,6097,"Sonoma County, California",2008,115000,2667,85015,2918,4490,1036,8816,1621,12784,1649,58463,3033,462,437,29985,1958,4136,861,2208,684,1816,692,21699,1753,126,147
0500000US06099,6099,"Stanislaus County, California",2008,100049,3247,75225,3015,11507,1734,15671,1807,14917,1967,32741,2285,389,308,24824,1985,6285,1126,2628,553,2724,672,13032,1393,155,152
0500000US06101,6101,"Sutter County, California",2008,18696,1304,14094,1236,2234,670,3676,857,2432,644,5752,981,0,294,4602,735,1034,428,796,428,511,260,2099,506,162,178
0500000US06107,6107,"Tulare County, California",2008,73086,2860,53336,3079,8692,1455,12777,1587,9938,1466,21399,2078,530,427,19750,1567,4922,1017,2606,688,2381,848,9782,1301,59,101
0500000US06111,6111,"Ventura County, California",2008,170236,4023,134492,4012,7931,1411,12793,1848,23080,2167,90263,4084,425,243,35744,1965,3337,741,3206,749,2911,770,25762,1878,528,384
0500000US06113,6113,"Yolo County, California",2008,36711,2253,27506,2021,2231,691,4762,990,5093,976,15420,1882,0,294,9205,1319,2377,830,622,337,675,314,5531,1070,0,294
0500000US06115,6115,"Yuba County, California",2008,14673,1368,11137,1459,1669,645,3503,1105,1901,634,4064,1005,0,294,3536,758,1103,456,511,364,417,267,1505,479,0,294
0500000US06001,6001,"Alameda County, California",2009,280221,4710,218017,4452,15799,1871,35471,3058,40906,3054,125230,4266,611,281,62204,2812,5722,910,5157,1030,5680,994,45030,2677,615,482
0500000US06007,6007,"Butte County, California",2009,51838,2164,33434,2418,4744,977,6108,1071,6902,1221,15546,1698,134,152,18404,1926,5262,1191,1741,515,1566,558,9647,1196,188,191
0500000US06013,6013,"Contra Costa County, California",2009,247333,4879,192553,4331,24943,2410,37405,2635,35536,2757,94324,3885,345,217,54780,2619,6966,1122,5343,1215,6244,1062,36050,2267,177,164
0500000US06017,6017,"El Dorado County, California",2009,51393,2223,38395,2457,3981,1109,7060,1339,6989,1312,20326,2051,39,66,12998,1515,1971,780,1611,701,1146,484,8202,1205,68,116
0500000US06019,6019,"Fresno County, California",2009,152504,3738,113831,3713,25577,1966,29948,2286,21651,2197,36350,2779,305,226,38673,2831,9247,1374,6609,1297,3639,854,19001,2095,177,154
0500000US06023,6023,"Humboldt County, California",2009,29092,1375,17437,1246,992,413,2198,859,3484,922,10455,1235,308,244,11655,1168,2317,686,817,350,877,419,7589,1105,55,93
0500000US06025,6025,"Imperial County, California",2009,28596,1824,19459,1714,6739,1298,5663,1147,2932,799,4125,795,0,294,9137,1065,3169,735,878,421,1284,541,3616,880,190,206
0500000US06029,6029,"Kern County, California",2009,145330,4194,108854,3815,35296,2492,26607,2145,16466,2164,29962,2527,523,448,36476,2327,13542,1824,5513,1085,3679,700,13498,1719,244,187
0500000US06031,6031,"Kings County, California",2009,19582,1515,14752,1799,2449,704,3893,1050,3093,840,5280,1092,37,64,4830,813,1255,410,804,308,744,376,2012,669,15,37
0500000US06033,6033,"Lake County, California",2009,17747,1681,11323,1714,1968,720,3059,913,1718,741,4268,1190,310,411,6424,1259,1308,499,301,358,599,394,3954,1076,262,230
0500000US06037,6037,"Los Angeles County, California",2009,1514362,13749,1175417,13096,96681,4971,166793,6713,190866,5854,713959,10822,7118,1273,338945,7612,40502,3094,25373,2389,27670,2507,240809,6212,4591,984
0500000US06039,6039,"Madera County, California",2009,27746,1856,19812,1656,3805,853,4382,1123,4097,1070,7173,1366,355,298,7934,1122,2055,674,1148,515,850,425,3881,813,0,294
0500000US06041,6041,"Marin County, California",2009,63046,2716,45528,2528,1878,536,3594,856,7332,1214,32292,2317,432,431,17518,1844,1462,578,590,335,1446,742,13848,1624,172,274
0500000US06045,6045,"Mendocino County, California",2009,21021,1480,12144,1284,874,448,1375,512,2104,741,7679,1239,112,161,8877,1098,1255,485,640,358,515,254,6414,1063,53,91
0500000US06047,6047,"Merced County, California",2009,39947,2316,28925,2019,10332,1186,6954,1186,3505,824,8019,1457,115,144,11022,1284,4066,1038,1346,515,1249,577,4361,842,0,294
0500000US06053,6053,"Monterey County, California",2009,64565,2566,47723,2672,5759,1236,8541,1447,7576,1329,25452,2165,395,432,16842,1708,2268,734,1398,483,1353,547,11777,1535,46,67
0500000US06055,6055,"Napa County, California",2009,31298,1867,21686,1875,2189,834,3645,939,3750,886,11977,1626,125,140,9612,1248,2087,523,1029,472,751,375,5745,1085,0,294
0500000US06057,6057,"Nevada County, California",2009,30320,1892,20909,1897,2827,918,1920,617,2301,777,13800,1753,61,85,9411,1243,1078,494,832,408,606,311,6690,1057,205,326
0500000US06059,6059,"Orange County, California",2009,586937,7024,445966,7693,31568,2149,56160,3524,76987,3913,278974,7569,2277,797,140971,5213,16885,1681,12131,1433,12859,1705,97367,4220,1729,600
0500000US06061,6061,"Placer County, California",2009,90529,2281,68275,2725,7147,1117,16240,2111,12363,1404,32129,2101,396,392,22254,1755,3069,650,2831,828,2362,701,13806,1501,186,179
0500000US06065,6065,"Riverside County, California",2009,440246,6338,330966,6996,68587,3573,80663,4294,60379,3527,119166,4481,2171,780,109280,3435,29770,2386,12726,1577,11324,1543,54180,3182,1280,474
0500000US06067,6067,"Sacramento County, California",2009,292581,5267,224531,5432,43819,3230,60118,4172,40115,2951,79293,4136,1186,704,68050,2906,13428,1273,9392,1171,10002,1340,35022,2588,206,193
0500000US06071,6071,"San Bernardino County, California",2009,377587,6460,296549,6117,63786,3805,69692,4043,53712,3993,107720,4900,1639,662,81038,3703,22860,2056,9921,1467,9117,1507,38008,3290,1132,518
0500000US06073,6073,"San Diego County, California",2009,578787,7201,443139,7620,38699,2698,73059,3680,80901,4486,247453,6121,3027,991,135648,4409,19792,1762,12209,1466,11729,1422,90315,3739,1603,502
0500000US06075,6075,"San Francisco County, California",2009,122182,4247,87651,3799,3831,934,9552,1732,11256,1787,62778,3950,234,173,34531,2724,1920,622,1656,731,1946,643,28399,2626,610,391
0500000US06077,6077,"San Joaquin County, California",2009,126980,5361,97311,4553,25716,2428,26157,2976,15825,1792,29084,2532,529,451,29669,2233,8861,1433,3497,741,3433,920,13743,1673,135,136
0500000US06079,6079,"San Luis Obispo County, California",2009,63780,2394,43996,2461,2505,824,5624,1273,5854,1233,29852,2138,161,184,19784,1662,2183,691,1298,459,1023,484,14990,1498,290,242
0500000US06081,6081,"San Mateo County, California",2009,153416,4043,115966,4114,3616,834,10829,1684,18253,2568,82996,3714,272,225,37450,2353,2870,750,1733,556,2091,682,30378,2073,378,241
0500000US06083,6083,"Santa Barbara County, California",2009,74286,2605,51322,2743,4492,949,6114,1061,6449,1218,33892,2520,375,385,22964,1820,2409,607,1903,563,1827,757,16688,1606,137,139
0500000US06085,6085,"Santa Clara County, California",2009,344935,6086,262070,5783,16257,1673,31710,2554,43832,3523,169298,5146,973,469,82865,4112,9310,1199,5884,1148,5942,1167,60960,3093,769,399
0500000US06087,6087,"Santa Cruz County, California",2009,56015,2417,39787,2126,2248,670,4328,977,5026,954,28131,2178,54,89,16228,1769,2132,865,990,377,1146,457,11583,1504,377,439
0500000US06089,6089,"Shasta County, California",2009,44976,1870,29180,1950,3717,922,5962,1066,5058,1079,14381,1670,62,110,15796,1311,3854,1013,1717,506,1458,493,8482,1057,285,267
0500000US06095,6095,"Solano County, California",2009,91324,2797,72794,3101,13786,1741,20788,2036,11796,1802,26143,2436,281,273,18530,1703,4630,1014,2235,594,2383,871,9282,1310,0,294
0500000US06097,6097,"Sonoma County, California",2009,109437,3969,80798,3614,5810,1139,11547,1724,14891,1627,48364,3021,186,158,28639,1889,4503,925,2314,701,2443,683,19129,1429,250,232
0500000US06099,6099,"Stanislaus County, California",2009,96132,3720,69828,3305,21338,2199,16986,2126,12054,1680,19375,2101,75,104,26304,2059,7584,1122,3643,775,3456,741,11497,1592,124,117
0500000US06101,6101,"Sutter County, California",2009,19642,1373,14940,1313,3108,695,4037,1036,2782,686,4904,1053,109,132,4702,919,1634,629,473,317,543,306,1980,531,72,114
0500000US06107,6107,"Tulare County, California",2009,72208,2486,54057,2674,12990,1806,13466,1663,8400,1393,19105,1992,96,115,18151,1598,5114,955,2175,587,1790,520,8989,1227,83,101
0500000US06111,6111,"Ventura County, California",2009,169308,3738,134239,3984,9619,1523,20452,2327,25077,2498,78896,3463,195,190,35069,2576,3164,638,2984,709,3240,730,25394,2217,287,264
0500000US06113,6113,"Yolo County, California",2009,37805,1579,28664,1754,3757,775,5946,993,6011,1210,12896,1561,54,94,9141,1159,2603,695,979,435,1003,390,4426,781,130,156
0500000US06115,6115,"Yuba County, California",2009,15321,1323,10970,1436,3103,781,2116,667,2261,809,3426,993,64,111,4351,726,679,367,1119,543,632,355,1862,633,59,103
0500000US06001,6001,"Alameda County, California",2010,286780,5237,220712,5421,19768,1856,36349,3184,40826,2770,122188,5191,1581,753,66068,3121,6061,1027,6046,1229,6172,884,47219,2541,570,327
0500000US06007,6007,"Butte County, California",2010,50325,2185,32399,1937,6093,1040,7871,1446,4997,973,13077,1622,361,486,17926,1690,4767,1024,1421,519,1941,513,9532,1208,265,192
0500000US06013,6013,"Contra Costa County, California",2010,243026,4695,190759,4999,29860,2606,37345,3325,33606,2688,89295,4048,653,459,52267,2359,6989,1045,5489,1025,5192,955,34277,1682,320,225
0500000US06017,6017,"El Dorado County, California",2010,51155,2734,38534,2558,3644,982,8900,1408,6650,1236,19340,2197,0,294,12621,1644,2337,665,1470,550,1280,482,7534,1296,0,294
0500000US06019,6019,"Fresno County, California",2010,154283,4108,114058,3926,31958,2544,26106,2654,18612,2147,36428,2717,954,656,40225,2544,9361,1611,6924,1119,5450,949,18030,1898,460,322
0500000US06023,6023,"Humboldt County, California",2010,31560,1850,19980,1704,2085,799,2388,703,3354,870,11968,1545,185,238,11580,1518,1586,424,1644,629,1312,473,6985,1245,53,61
0500000US06025,6025,"Imperial County, California",2010,27947,1648,19051,1668,7313,1138,5704,1067,2409,796,3625,918,0,294,8896,1425,3267,944,1057,560,946,337,3626,944,0,294
0500000US06029,6029,"Kern County, California",2010,148939,3532,107754,3173,42215,2914,25374,2034,14740,1947,25220,2317,205,145,41185,2650,15893,1763,6776,1321,4113,1081,13626,1603,777,434
0500000US06031,6031,"Kings County, California",2010,20953,1516,15174,1561,4990,1041,4217,988,2533,911,3340,808,94,115,5779,892,1326,446,1110,408,696,421,2507,597,140,152
0500000US06033,6033,"Lake County, California",2010,15970,1551,10260,1453,2145,773,2242,821,1172,568,4639,1007,62,111,5710,1043,1319,625,1015,598,723,345,2653,729,0,294
0500000US06037,6037,"Los Angeles County, California",2010,1501448,14839,1156155,13900,101801,4658,183372,6876,187387,6017,676561,10712,7034,1302,345293,8511,36865,2746,26900,2508,29975,2251,246418,6619,5135,945
0500000US06039,6039,"Madera County, California",2010,25469,1872,19077,1561,5228,1204,4160,1115,2952,735,6737,1085,0,294,6392,1034,1443,629,654,315,785,414,3389,720,121,143
0500000US06041,6041,"Marin County, California",2010,66429,2772,50006,2790,2238,767,5734,1381,7492,1175,34228,2612,314,210,16423,1535,1544,509,321,219,1295,543,12767,1439,496,319
0500000US06045,6045,"Mendocino County, California",2010,18318,1755,9932,1471,543,372,1066,497,1289,579,7034,1371,0,294,8386,1394,1623,707,873,409,689,345,5102,1148,99,125
0500000US06047,6047,"Merced County, California",2010,40334,2510,29786,2501,13041,1950,6380,1287,2842,799,7201,1418,322,255,10548,1444,3345,887,1388,460,1091,448,4628,1043,96,105
0500000US06053,6053,"Monterey County, California",2010,63894,2982,45014,2797,6712,1195,8082,1299,6300,1230,23752,2408,168,167,18880,2216,3656,1024,1187,464,1395,609,12390,1548,252,240
0500000US06055,6055,"Napa County, California",2010,30948,1999,21906,2062,2055,709,3419,942,4104,1038,12328,1661,0,294,9042,1313,1321,491,1332,549,431,314,5901,1056,57,98
0500000US06057,6057,"Nevada County, California",2010,28278,1771,19471,1427,1290,549,4136,1016,3451,832,10533,1325,61,107,8807,1376,1545,667,928,481,506,414,5780,1116,48,81
0500000US06059,6059,"Orange County, California",2010,584314,7164,444114,7163,30810,2848,61095,3951,77467,4156,272920,6054,1822,792,140200,4249,17887,2275,12261,1501,11415,1523,97291,4097,1346,554
0500000US06061,6061,"Placer County, California",2010,93350,3170,71114,3328,9102,1404,17303,2122,12759,1839,31733,2338,217,211,22236,1817,2670,737,2434,597,2344,682,14688,1590,100,123
0500000US06065,6065,"Riverside County, California",2010,458273,6812,349306,6591,83348,4985,87510,4265,59851,4271,116607,4971,1990,707,108967,4454,32326,2711,13334,1601,12140,1602,49914,3251,1253,450
0500000US06067,6067,"Sacramento County, California",2010,294365,5847,225690,5377,51979,3436,61941,3535,40104,3047,70708,3983,958,464,68675,3628,15281,1683,10324,1350,10196,1525,32016,2805,858,406
0500000US06071,6071,"San Bernardino County, California",2010,372535,7382,285972,7416,72147,4059,66588,4018,50312,3393,95069,4817,1856,885,86563,3906,24415,2146,12689,1449,11510,1807,36063,3079,1886,829
0500000US06073,6073,"San Diego County, California",2010,572400,8785,438814,7546,39344,3049,75964,4037,79421,4465,237897,6746,6188,1566,133586,5311,21436,1919,11337,1370,12269,1641,86648,4086,1896,806
0500000US06075,6075,"San Francisco County, California",2010,123128,4317,84904,3824,3476,815,8334,1452,11480,1526,61146,3609,468,461,38224,2719,2275,794,1260,493,2318,670,31732,2533,639,380
0500000US06077,6077,"San Joaquin County, California",2010,124244,4141,96709,3796,29330,2492,24481,2574,16250,2159,26361,2242,287,213,27535,2342,7692,1131,3622,906,3248,806,12638,1678,335,294
0500000US06079,6079,"San Luis Obispo County, California",2010,59862,2141,41224,2274,3071,872,4752,1062,5946,1057,27268,2346,187,194,18638,1838,2351,753,1278,498,1432,597,13460,1527,117,141
0500000US06081,6081,"San Mateo County, California",2010,152358,4237,113945,4257,5466,863,10304,1582,15877,2055,81726,3914,572,279,38413,2354,2139,588,1808,579,1790,514,32129,2350,547,284
0500000US06083,6083,"Santa Barbara County, California",2010,75146,2601,51962,2501,5165,1127,9537,1679,6593,1070,30667,2195,0,294,23184,1667,3337,825,1583,518,1943,593,16126,1397,195,233
0500000US06085,6085,"Santa Clara County, California",2010,342955,4963,256276,5674,18104,2319,33034,2900,45373,3018,158825,5722,940,513,86679,3495,9937,1252,6273,1218,6749,1251,62160,2898,1560,724
0500000US06087,6087,"Santa Cruz County, California",2010,54209,3225,39258,3199,2032,831,5070,1102,5043,847,26992,2683,121,151,14951,1508,1318,660,1034,562,1383,613,10961,1467,255,256
0500000US06089,6089,"Shasta County, California",2010,44695,2085,29421,2099,4248,1092,6885,1236,4372,974,13665,1569,251,221,15274,1550,4156,1021,1127,479,1642,559,8228,1256,121,144
0500000US06095,6095,"Solano County, California",2010,87615,2945,67552,3341,15921,1928,17429,1930,12227,1639,21847,1984,128,165,20063,1495,4027,831,2857,616,3626,760,9513,1177,40,67
0500000US06097,6097,"Sonoma County, California",2010,110953,3114,78737,3222,6778,1382,12029,1832,14851,1857,44452,2824,627,461,32216,2362,4658,992,2774,681,2753,729,21676,1759,355,364
0500000US06099,6099,"Stanislaus County, California",2010,98598,3087,74469,3146,25778,1792,19315,2080,9361,1467,19760,2107,255,325,24129,1958,7358,1175,2818,735,3137,651,10468,1340,348,237
0500000US06101,6101,"Sutter County, California",2010,17958,1234,12676,1240,3144,788,3226,778,2057,705,4224,1014,25,44,5282,951,1322,451,769,410,642,302,2473,646,76,99
0500000US06107,6107,"Tulare County, California",2010,75913,2391,54406,2597,16747,1798,12619,1609,7729,1217,17071,1806,240,201,21507,1851,6286,919,3032,740,2956,684,8901,1296,332,272
0500000US06111,6111,"Ventura County, California",2010,170124,4279,129346,4108,10966,1524,24655,2575,23987,2200,69146,3729,592,348,40778,2570,5567,1014,3264,798,4156,1111,27084,2234,707,355
0500000US06113,6113,"Yolo County, California",2010,37863,2183,27412,2175,5197,1177,6416,1168,5536,1011,10263,1482,0,294,10451,1252,2221,721,917,490,1284,615,5848,962,181,199
0500000US06115,6115,"Yuba County, California",2010,14982,1451,10881,1181,3988,1024,2562,906,1674,536,2657,974,0,294,4101,928,1444,555,325,234,33,58,2206,761,93,119
0500000US06001,6001,"Alameda County, California",2011,289222,5684,222697,5513,22925,2423,40655,3449,44350,3043,114098,4794,669,409,66525,3269,7133,1342,6300,1235,7134,1226,45017,2898,941,636
0500000US06007,6007,"Butte County, California",2011,48746,2448,31909,2586,6615,1375,6838,1210,4387,1125,13746,1634,323,260,16837,1758,4241,867,1969,689,2340,871,8208,1216,79,101
0500000US06013,6013,"Contra Costa County, California",2011,246590,5513,190712,5751,32303,3195,45225,3406,32552,2919,79766,4350,866,469,55878,3863,7368,1314,5714,1132,6054,1299,36445,3099,297,179
0500000US06017,6017,"El Dorado County, California",2011,48985,2549,36227,2414,6137,1376,7038,1423,6352,1321,16546,1568,154,191,12758,1527,1974,496,1707,685,1336,374,7319,1084,422,389
0500000US06019,6019,"Fresno County, California",2011,155609,4439,114643,4274,35072,2734,32314,2715,15725,1949,30962,2955,570,348,40966,2656,11694,1484,6392,1095,5184,1012,17096,1796,600,336
0500000US06023,6023,"Humboldt County, California",2011,28459,1875,17122,1643,2321,625,2567,680,3211,784,8919,1457,104,126,11337,1180,1590,519,786,353,1012,362,7895,1109,54,45
0500000US06025,6025,"Imperial County, California",2011,27172,1553,19365,1523,9160,1224,4429,1066,1701,737,3783,846,292,294,7807,1103,4160,878,1538,547,649,358,1398,414,62,71
0500000US06029,6029,"Kern County, California",2011,144094,4352,104141,4124,42832,2370,24974,2489,12369,1777,23178,2669,788,583,39953,2587,15585,1910,6672,1242,4080,962,13070,1708,546,326
0500000US06031,6031,"Kings County, California",2011,22822,1448,16974,1521,6920,1262,4220,1135,2272,815,3466,880,96,120,5848,891,2558,804,1119,457,437,264,1629,469,105,104
0500000US06033,6033,"Lake County, California",2011,16839,1362,9855,1411,2685,842,1845,711,981,610,4281,1199,63,106,6984,1069,2022,697,1039,559,905,482,3018,799,0,208
0500000US06037,6037,"Los Angeles County, California",2011,1482011,12100,1126864,11396,114669,5569,182673,6195,190495,6976,632558,9853,6469,1258,355147,8018,43892,2830,28745,2175,29397,2143,248141,6439,4972,1099
0500000US06039,6039,"Madera County, California",2011,24738,1996,16427,1984,4732,1022,3678,1034,2367,774,5230,1304,420,393,8311,1049,2538,893,784,387,1135,548,3803,871,51,86
0500000US06041,6041,"Marin County, California",2011,60453,2759,43474,2667,2201,676,4971,1142,5649,1102,30286,2363,367,276,16979,1497,1891,701,940,413,1358,513,12576,1384,214,193
0500000US06045,6045,"Mendocino County, California",2011,20447,1648,11224,1578,1098,514,1708,561,1522,606,6896,1394,0,208,9223,1306,1936,644,1205,531,778,346,4996,961,308,234
0500000US06047,6047,"Merced County, California",2011,38880,2463,28126,2290,11846,1575,6558,1242,3006,884,6350,1055,366,314,10754,1144,3864,720,1601,462,1088,333,3982,929,219,198
0500000US06053,6053,"Monterey County, California",2011,58668,2648,41893,2536,8263,1625,6667,1067,7468,1228,19254,1896,241,187,16775,1494,2923,800,1466,549,1931,641,10314,1154,141,115
0500000US06055,6055,"Napa County, California",2011,27183,1774,19241,1788,2437,716,3099,926,3081,900,10474,1502,150,185,7942,1003,1448,561,996,366,442,272,5017,828,39,66
0500000US06057,6057,"Nevada County, California",2011,30219,2173,21607,2023,2580,777,3178,794,4728,1270,10933,1723,188,314,8612,1050,1500,580,843,327,586,309,5500,877,183,189
0500000US06059,6059,"Orange County, California",2011,581991,6072,443304,6618,38639,3058,69124,4310,76818,4515,256305,5675,2418,695,138687,3984,16185,1704,12234,1552,12786,1611,95352,3240,2130,622
0500000US06061,6061,"Placer County, California",2011,94614,3282,70800,3486,13575,2142,18271,2401,12805,2014,25715,3106,434,289,23814,2215,3540,920,2316,736,2329,820,15269,2097,360,357
0500000US06065,6065,"Riverside County, California",2011,451415,7857,337651,8577,85469,5356,84793,5214,58527,4418,106890,6262,1972,769,113764,5528,34353,3755,14721,1963,12570,1830,50643,3460,1477,604
0500000US06067,6067,"Sacramento County, California",2011,286161,6945,217036,6261,62065,3720,58682,3658,33905,3258,61298,4098,1086,508,69125,3670,17701,1940,9725,1576,7689,1145,33227,2592,783,445
0500000US06071,6071,"San Bernardino County, California",2011,381133,7803,292309,7745,81776,5394,72417,5360,44859,4585,89593,5758,3664,1491,88824,4403,29356,3213,11774,1973,9273,1726,35989,3009,2432,1036
0500000US06073,6073,"San Diego County, California",2011,565447,6512,427532,6778,42651,2961,78317,3603,79864,4969,217597,6226,9103,1789,137915,4071,22411,2023,14550,1681,11134,1304,88001,3833,1819,705
0500000US06075,6075,"San Francisco County, California",2011,123681,4286,87602,4114,4515,1122,9516,1681,12478,1736,60767,3295,326,207,36079,2878,1726,656,1701,647,2100,725,30065,2603,487,432
0500000US06077,6077,"San Joaquin County, California",2011,124893,3875,92654,3663,30271,2966,24365,2728,12668,1506,24637,2733,713,483,32239,2262,9112,1146,4221,869,4003,832,14546,1634,357,263
0500000US06079,6079,"San Luis Obispo County, California",2011,56773,2117,37595,1951,2724,614,5581,1046,5861,961,23309,1981,120,160,19178,1592,3405,811,1564,593,1188,533,12870,1461,151,179
0500000US06081,6081,"San Mateo County, California",2011,150930,3851,111295,3709,6798,1271,12399,1331,18085,1748,73553,3595,460,265,39635,2154,2259,580,1936,522,2610,648,32473,1978,357,292
0500000US06083,6083,"Santa Barbara County, California",2011,71387,2527,49518,2347,5809,913,7845,1065,7351,1184,28015,2143,498,311,21869,1656,3546,808,2559,689,1734,516,13779,1352,251,195
0500000US06085,6085,"Santa Clara County, California",2011,343742,4867,257329,5700,21785,2150,38171,3185,45783,3008,150436,4767,1154,669,86413,4469,9566,1324,5972,1197,7154,1290,63064,3378,657,329
0500000US06087,6087,"Santa Cruz County, California",2011,54319,2402,38380,2463,2183,690,6409,1369,6259,1127,23262,1910,267,179,15939,1488,1397,502,963,387,1737,616,11616,1227,226,205
0500000US06089,6089,"Shasta County, California",2011,45256,1976,28355,2012,6427,1143,7128,1308,4016,995,10765,1629,19,32,16901,1352,4359,999,1982,687,1536,493,8799,1157,225,172
0500000US06095,6095,"Solano County, California",2011,85648,3209,65924,3447,18366,1930,15929,1932,10051,1465,21497,2396,81,99,19724,1713,4691,1042,2897,762,2414,702,9505,1451,217,191
0500000US06097,6097,"Sonoma County, California",2011,107486,3552,77308,3439,8353,1650,15631,2057,15029,1736,37567,2451,728,650,30178,2366,4681,987,2468,567,1964,852,20547,2030,518,367
0500000US06099,6099,"Stanislaus County, California",2011,97147,3225,70083,3299,25523,2332,17475,2110,8315,1404,18087,2367,683,493,27064,2203,9397,1459,3392,774,2364,622,11324,1398,587,328
0500000US06101,6101,"Sutter County, California",2011,19872,1433,14799,1495,4877,999,4059,937,2135,793,3728,963,0,208,5073,874,2281,664,427,222,575,331,1752,442,38,58
0500000US06107,6107,"Tulare County, California",2011,76347,2682,55841,2960,20088,2113,12150,1763,7639,1337,15798,2099,166,149,20506,1662,6965,1111,2920,636,2607,696,7658,1221,356,286
0500000US06111,6111,"Ventura County, California",2011,173534,3760,137331,3697,13435,1732,27689,2333,25543,2350,70342,3521,322,174,36203,2407,4861,832,3320,792,3168,753,24353,2289,501,336
0500000US06113,6113,"Yolo County, California",2011,37802,2312,28085,2016,5632,1283,7234,1328,4701,1090,10518,1612,0,208,9717,1290,2157,736,1261,458,764,357,5319,1099,216,270
0500000US06115,6115,"Yuba County, California",2011,13324,1267,9935,1271,2933,935,2517,718,1753,789,2695,751,37,63,3389,806,622,245,605,290,498,259,1607,622,57,92
0500000US06001,6001,"Alameda County, California",2012,286205,5284,216631,5040,27004,1961,45795,2718,39895,2856,102980,3844,957,329,69574,2779,9449,1212,6829,1007,6395,934,46224,2606,677,460
0500000US06007,6007,"Butte County, California",2012,50752,2105,32873,1951,8730,1254,7173,1076,5363,907,11153,1433,454,377,17879,1548,5211,977,2123,633,1729,533,8728,1152,88,101
0500000US06013,6013,"Contra Costa County, California",2012,244208,4892,188950,4823,36230,3003,39982,3182,32474,2427,79968,3817,296,211,55258,2983,9523,1501,6058,1026,4927,1016,34130,2465,620,342
0500000US06017,6017,"El Dorado County, California",2012,47733,1998,34327,2028,5739,987,8446,1345,6440,1151,13702,1582,0,197,13406,1223,2470,751,1521,463,1759,473,7493,1145,163,116
0500000US06019,6019,"Fresno County, California",2012,150354,3479,108864,3381,35563,2612,27305,2416,17511,1741,27886,1901,599,284,41490,2673,10801,1354,7813,1168,5337,858,17210,1823,329,203
0500000US06023,6023,"Humboldt County, California",2012,28072,1613,18483,1623,2211,665,2653,669,3773,792,9620,1350,226,232,9589,1137,1371,456,1283,387,1295,352,5569,942,71,77
0500000US06025,6025,"Imperial County, California",2012,26517,1836,16895,1759,7985,1203,3462,846,1466,533,3803,974,179,153,9622,1292,4183,926,1804,602,499,285,3136,792,0,197
0500000US06029,6029,"Kern County, California",2012,147900,3817,106199,3836,48903,3385,23200,2332,13369,1679,20127,2378,600,544,41701,2502,15607,1808,6561,1062,4233,1161,14523,1674,777,338
0500000US06031,6031,"Kings County, California",2012,19777,1547,14255,1299,5578,864,3681,952,2089,666,2803,771,104,161,5522,855,1938,526,838,377,878,406,1868,551,0,197
0500000US06033,6033,"Lake County, California",2012,15542,1557,9536,1552,2417,780,1432,496,1574,593,4113,1097,0,197,6006,1050,1987,549,1005,463,520,298,2457,706,37,64
0500000US06037,6037,"Los Angeles County, California",2012,1481122,11896,1121835,11313,122006,4013,191888,5749,191896,5148,608037,9877,8008,1532,359287,6574,44293,2664,33083,2334,31794,2076,243780,5343,6337,1242
0500000US06039,6039,"Madera County, California",2012,24555,1669,16709,1707,5063,978,3792,855,2197,671,5373,1154,284,379,7846,1074,2007,596,1040,442,866,362,3596,766,337,286
0500000US06041,6041,"Marin County, California",2012,63948,2193,45388,2349,3678,1052,5798,1197,7841,1376,28035,2105,36,60,18560,1638,1439,465,1726,695,982,330,14203,1496,210,182
0500000US06045,6045,"Mendocino County, California",2012,18959,1278,10067,1151,1560,628,1699,473,2315,857,4493,774,0,197,8892,1049,1556,542,1567,600,1096,527,4673,902,0,197
0500000US06047,6047,"Merced County, California",2012,40931,2532,30195,2247,13602,1354,6964,1300,3420,907,6169,1306,40,48,10736,1221,3380,733,1588,657,1397,520,4143,670,228,183
0500000US06053,6053,"Monterey County, California",2012,60584,2594,43257,2585,7271,1197,9452,1376,8826,1268,17472,1876,236,143,17327,1522,3480,781,1482,509,1581,523,10699,1237,85,136
0500000US06055,6055,"Napa County, California",2012,29220,1412,20187,1523,2610,654,4325,868,3900,851,9352,1165,0,197,9033,884,1536,387,655,312,752,382,5852,725,238,236
0500000US06057,6057,"Nevada County, California",2012,29567,1721,18485,1590,2849,728,3334,863,2555,712,9747,1323,0,197,11082,1282,1835,624,1501,572,693,394,7009,1078,44,74
0500000US06059,6059,"Orange County, California",2012,565956,6120,421483,6179,38471,2517,67894,3865,81180,3808,232658,6118,1280,551,144473,4170,19818,1734,12543,1572,13192,1570,97562,3910,1358,569
0500000US06061,6061,"Placer County, California",2012,92455,2507,68641,2926,13196,1545,18451,2004,11484,1402,25379,2206,131,127,23814,1876,4239,975,2216,545,2382,569,14755,1401,222,165
0500000US06065,6065,"Riverside County, California",2012,442164,7580,325771,7640,85324,4578,83387,4016,49309,3527,105379,4792,2372,827,116393,4057,36412,2727,14985,1610,11857,1521,50852,2998,2287,694
0500000US06067,6067,"Sacramento County, California",2012,289227,4852,221612,4903,69758,3001,58211,3117,31263,2692,60341,3234,2039,1005,67615,2866,20188,1700,10956,1378,6920,1023,28569,2130,982,505
0500000US06071,6071,"San Bernardino County, California",2012,360060,6921,274681,6021,75969,3522,66500,4399,44335,3739,85107,4922,2770,1060,85379,3542,28057,2473,12285,1510,9643,1425,33499,2501,1895,744
0500000US06073,6073,"San Diego County, California",2012,573530,6642,429578,7221,49192,3127,83866,4150,75512,3985,210237,7240,10771,2223,143952,4180,26284,2010,13070,1387,14149,1303,88736,3574,1713,565
0500000US06075,6075,"San Francisco County, California",2012,124739,4592,88407,3872,5360,1104,9380,1411,14474,1939,59073,3104,120,143,36332,2646,1866,670,1457,560,3259,727,28960,2367,790,352
0500000US06077,6077,"San Joaquin County, California",2012,121799,3621,89083,3470,32542,2447,22347,2140,13177,1668,20227,2230,790,614,32716,2200,10295,1316,4143,831,3740,731,14063,1337,475,290
0500000US06079,6079,"San Luis Obispo County, California",2012,56105,2277,37533,2272,3570,958,7129,1240,6237,1108,20556,1849,41,69,18572,1472,3013,926,1939,556,868,372,12516,1388,236,182
0500000US06081,6081,"San Mateo County, California",2012,148728,3608,107218,3665,5831,970,12812,1489,17039,1831,71221,3084,315,184,41510,2234,3504,713,2400,734,2681,704,32681,2164,244,195
0500000US06083,6083,"Santa Barbara County, California",2012,73176,2449,49835,2294,6837,1078,8621,1511,7297,1140,26964,2094,116,137,23341,1847,3433,805,2797,818,1087,354,15936,1692,88,94
0500000US06085,6085,"Santa Clara County, California",2012,344484,5421,255233,5805,22474,2048,39377,2782,46520,2790,146011,4594,851,363,89251,3675,12380,1504,6685,1261,7009,857,62067,3055,1110,396
0500000US06087,6087,"Santa Cruz County, California",2012,52900,2407,38681,2537,3093,823,6337,1187,6587,1118,22459,2207,205,207,14219,1393,1272,523,1367,502,761,295,10674,1214,145,155
0500000US06089,6089,"Shasta County, California",2012,42265,1908,27251,1663,7364,1137,6500,960,4210,873,9017,1224,160,180,15014,1123,4071,745,1714,469,1770,463,7395,967,64,88
0500000US06095,6095,"Solano County, California",2012,83408,2784,64835,2634,19391,1597,17981,1813,10746,1600,16369,1613,348,276,18573,1508,5709,1164,2253,603,2597,622,7813,1049,201,161
0500000US06097,6097,"Sonoma County, California",2012,110476,3322,80697,2928,9546,1076,16794,1783,12914,1710,40792,2278,651,363,29779,1878,6065,1039,2127,569,2298,625,18749,1578,540,304
0500000US06099,6099,"Stanislaus County, California",2012,93081,2911,69968,2826,27346,1781,19005,1781,7076,1436,16360,1949,181,154,23113,1490,8087,1229,3278,775,2676,629,8841,1012,231,227
0500000US06101,6101,"Sutter County, California",2012,18517,1200,12778,1307,4916,925,3200,787,1442,500,3207,832,13,21,5739,839,1764,586,1143,380,413,277,2248,548,171,195
0500000US06107,6107,"Tulare County, California",2012,75044,2700,52061,2960,18749,2179,10441,1550,7806,1611,14560,1666,505,421,22983,2086,7591,1225,3878,854,2590,671,8752,1346,172,121
0500000US06111,6111,"Ventura County, California",2012,172028,3950,133540,3838,14030,1855,28912,2534,25585,2220,64641,3059,372,249,38488,1963,7091,1113,3653,716,3757,690,23726,1623,261,174
0500000US06113,6113,"Yolo County, California",2012,35683,1960,25818,1717,5848,1155,6450,1124,4707,911,8773,1313,40,65,9865,1178,2845,804,1064,515,910,383,4926,931,120,122
0500000US06115,6115,"Yuba County, California",2012,14671,1122,10375,1159,2481,688,4289,958,856,342,2749,761,0,197,4296,856,1437,555,886,495,353,210,1600,546,20,36
0500000US06001,6001,"Alameda County, California",2013,288417,4698,217870,4957,25783,2116,35827,2597,40792,3135,114143,4201,1325,604,70547,3073,10933,1561,6613,848,5569,1018,46793,2667,639,320
0500000US06007,6007,"Butte County, California",2013,48961,2379,30662,1997,7433,1257,6984,1206,4816,1038,10941,1601,488,381,18299,1689,5004,936,2443,672,2659,699,8184,1344,9,17
0500000US06013,6013,"Contra Costa County, California",2013,247289,4837,182194,4683,29821,2232,35081,2787,33122,2990,83621,4015,549,433,65095,3483,12029,1682,7267,1329,6462,1062,38705,2961,632,376
0500000US06017,6017,"El Dorado County, California",2013,48749,2157,34055,2077,5287,1018,8248,1485,4962,1054,15510,1530,48,85,14694,1660,3171,815,1398,580,1546,549,8347,1203,232,300
0500000US06019,6019,"Fresno County, California",2013,152766,3755,108751,3449,34020,2607,26929,2349,16685,1895,30807,2701,310,216,44015,2856,14787,1800,6662,1110,5563,932,16465,1645,538,476
0500000US06023,6023,"Humboldt County, California",2013,28950,1391,17226,1397,1964,535,3377,1016,3842,892,8014,1122,29,47,11724,1064,2319,611,1082,465,1282,471,6949,1100,92,153
0500000US06025,6025,"Imperial County, California",2013,25644,2032,15947,1862,6358,1196,4046,1209,2661,808,2817,722,65,106,9697,1243,4598,957,1011,476,989,402,2948,749,151,143
0500000US06029,6029,"Kern County, California",2013,137511,4443,96246,3999,40513,2819,24758,2305,10194,1869,20553,2275,228,249,41265,2691,16009,1864,8063,1363,4365,981,12423,1512,405,408
0500000US06031,6031,"Kings County, California",2013,21090,1578,14699,1460,5506,1189,3957,904,2125,666,2901,798,210,266,6391,992,2141,555,1341,602,785,353,2124,553,0,203
0500000US06033,6033,"Lake County, California",2013,16595,1322,10145,1396,2976,861,2057,810,1017,472,3997,920,98,163,6450,1099,1833,712,1464,521,375,285,2593,713,185,258
0500000US06037,6037,"Los Angeles County, California",2013,1477894,14280,1097561,13495,121808,4297,178630,6095,179388,5985,610062,12052,7673,1211,380333,6735,52618,3218,32148,2374,36882,2156,252070,5759,6615,1272
0500000US06039,6039,"Madera County, California",2013,25570,1786,17072,1785,5364,1066,3678,926,2457,635,5155,1193,418,517,8498,1102,2082,662,1328,489,658,382,4238,971,192,193
0500000US06041,6041,"Marin County, California",2013,67526,2327,48916,2497,4320,1219,5468,1059,6810,1109,32161,2640,157,157,18610,1717,1949,633,1342,612,1675,587,13644,1303,0,203
0500000US06045,6045,"Mendocino County, California",2013,19271,1571,11236,1519,1339,581,1917,739,1746,645,6234,1294,0,203,8035,1173,1282,501,1074,521,712,366,4894,971,73,119
0500000US06047,6047,"Merced County, California",2013,40650,2025,27417,1987,10522,1339,6365,1175,3383,856,6978,1382,169,206,13233,1407,4444,1069,2450,716,1346,646,4887,812,106,142
0500000US06053,6053,"Monterey County, California",2013,61919,2274,42942,2515,5915,1048,7745,1374,7695,1277,21442,2156,145,186,18977,1407,3257,725,1404,521,2020,700,12143,1297,153,120
0500000US06055,6055,"Napa County, California",2013,29568,1564,21978,1439,2831,651,3398,809,4216,804,11445,1114,88,90,7590,1081,1543,379,600,285,755,261,4637,831,55,76
0500000US06057,6057,"Nevada County, California",2013,28215,1601,18435,1515,2424,786,3306,815,3112,965,9526,1492,67,115,9780,1460,1104,499,276,216,1065,477,7286,1375,49,86
0500000US06059,6059,"Orange County, California",2013,577242,6926,423346,6902,36697,2870,61601,3723,75763,4282,247363,6489,1922,728,153896,4878,23128,2070,12567,1501,13360,1632,103128,3954,1713,608
0500000US06061,6061,"Placer County, California",2013,92391,2806,68275,2837,11485,1554,17004,1892,12535,1652,27000,2186,251,214,24116,1678,4561,929,2526,772,3285,810,13696,1407,48,81
0500000US06065,6065,"Riverside County, California",2013,442179,7433,325105,7712,77320,3904,78702,3818,56014,3737,111339,5336,1730,600,117074,4306,38666,2906,17038,1679,12310,1598,47221,3243,1839,478
0500000US06067,6067,"Sacramento County, California",2013,282206,5311,210444,5965,53614,3113,54298,3587,34527,2730,66624,3511,1381,654,71762,3428,19045,1732,10702,1338,8647,1174,33042,2286,326,300
0500000US06071,6071,"San Bernardino County, California",2013,361591,5248,266470,5361,65384,3508,61860,3477,45396,3555,91905,4301,1925,616,95121,3678,30626,3005,13270,1506,9949,1425,39194,2522,2082,694
0500000US06073,6073,"San Diego County, California",2013,576985,6112,426725,7595,47035,3486,78121,3847,79318,4453,211545,6469,10706,2590,150260,4992,26838,2535,12330,1501,13179,1371,94647,3813,3266,995
0500000US06075,6075,"San Francisco County, California",2013,127211,4092,86276,3943,5987,1314,9390,1608,12438,1947,58362,3500,99,166,40935,2193,2661,697,2045,579,1821,578,33777,2082,631,405
0500000US06077,6077,"San Joaquin County, California",2013,119716,3216,86166,3549,28128,2587,22390,2337,12068,1839,23178,2067,402,214,33550,2217,10130,1222,4493,822,3922,826,14566,1530,439,222
0500000US06079,6079,"San Luis Obispo County, California",2013,59488,2158,40001,2386,4409,1134,6827,1429,7258,1446,21248,2205,259,232,19487,1645,3083,796,1577,614,1306,457,13216,1325,305,231
0500000US06081,6081,"San Mateo County, California",2013,156006,3266,112831,3412,6498,1222,13413,1429,15552,1584,76955,3521,413,303,43175,2158,3543,770,2153,576,2162,547,34917,1991,400,238
0500000US06083,6083,"Santa Barbara County, California",2013,73083,2839,49627,2754,8061,1251,7886,1644,6998,1108,26682,1897,0,203,23456,2207,4943,1220,2017,646,1426,449,14730,1766,340,260
0500000US06085,6085,"Santa Clara County, California",2013,346701,5514,250638,5458,22433,2294,29844,2104,41348,2818,155751,3795,1262,631,96063,3315,13683,1466,7843,1250,6439,1172,66731,2702,1367,415
0500000US06087,6087,"Santa Cruz County, California",2013,56426,2450,39692,2395,4207,1011,5454,1088,6059,1170,23877,2301,95,159,16734,1522,1822,506,1105,398,1551,592,11970,1374,286,250
0500000US06089,6089,"Shasta County, California",2013,42681,1855,27536,1823,6319,1017,5766,940,5270,895,9853,1468,328,249,15145,1476,3602,779,1829,531,1288,470,8268,1061,158,150
0500000US06095,6095,"Solano County, California",2013,84317,3067,63996,3008,18211,1710,17455,1935,10186,1136,17866,1959,278,179,20321,1815,4383,865,3369,857,2988,720,9385,1244,196,254
0500000US06097,6097,"Sonoma County, California",2013,110682,3513,77932,3300,9843,1534,14105,1840,12280,1760,41449,2397,255,198,32750,2215,6751,1361,2869,796,2575,696,20113,1919,442,241
0500000US06099,6099,"Stanislaus County, California",2013,94674,2732,69062,2864,26856,2621,16073,1816,8781,1629,17116,1768,236,201,25612,1791,8307,1146,4156,879,2462,765,10491,1575,196,171
0500000US06101,6101,"Sutter County, California",2013,18772,1353,12955,1422,4061,906,3042,794,2447,691,3333,760,72,121,5817,923,1629,597,1510,522,513,271,2115,493,50,84
0500000US06107,6107,"Tulare County, California",2013,70872,2878,50936,2980,14855,1805,13528,1983,6886,1387,14773,2531,894,858,19936,1766,7572,1228,2986,743,1589,542,7494,1108,295,197
0500000US06111,6111,"Ventura County, California",2013,168134,3661,127156,3490,13566,1507,22943,1932,25514,2096,64884,3378,249,189,40978,2562,7874,1338,3403,657,4422,875,24874,2226,405,257
0500000US06113,6113,"Yolo County, California",2013,34816,1715,24845,1781,4047,854,6437,960,4449,923,9876,1543,36,61,9971,1269,2021,610,1511,552,827,377,5346,967,266,207
0500000US06115,6115,"Yuba County, California",2013,14230,1178,9869,1344,2588,689,2423,759,1501,488,3289,1038,68,113,4361,953,1271,611,766,483,969,507,1309,456,46,82
