Id,Id2,Geography,Year,Estimate; Total:,Margin of Error; Total:,Estimate; Less than $100,Margin of Error; Less than $100,Estimate; $100 to $199,Margin of Error; $100 to $199,Estimate; $200 to $299,Margin of Error; $200 to $299,Estimate; $300 to $399,Margin of Error; $300 to $399,Estimate; $400 to $499,Margin of Error; $400 to $499,Estimate; $500 to $599,Margin of Error; $500 to $599,Estimate; $600 to $699,Margin of Error; $600 to $699,Estimate; $700 to $799,Margin of Error; $700 to $799,Estimate; $800 to $899,Margin of Error; $800 to $899,Estimate; $900 to $999,Margin of Error; $900 to $999,"Estimate; $1,000 to $1,499","Margin of Error; $1,000 to $1,499","Estimate; $1,500 to $1,999","Margin of Error; $1,500 to $1,999","Estimate; $2,000 or more","Margin of Error; $2,000 or more",Estimate; No cash rent,Margin of Error; No cash rent
0500000US06001,6001,"Alameda County, California",2005,521380,3520,1373,512,4963,1138,18911,1947,18055,1957,19876,2259,16116,2269,18595,2865,19231,2712,29027,3435,27385,2911,118320,4735,72013,4185,150615,5644,6900,1569
0500000US06007,6007,"Butte County, California",2005,83063,2232,353,228,3356,1314,5573,988,5379,1045,6488,1101,4661,1083,7081,1223,7492,1492,6023,1136,5614,1417,15727,1718,8292,1366,5335,1003,1689,691
0500000US06013,6013,"Contra Costa County, California",2005,362102,3086,1080,504,4860,1176,11132,1942,13249,2007,11108,1324,9797,1613,9214,1378,10083,1528,13944,2165,15859,2250,67594,3743,57264,4244,133179,4088,3739,1332
0500000US06017,6017,"El Dorado County, California",2005,64912,1675,495,485,629,372,2492,999,3534,890,2702,704,3434,1017,2377,1201,2015,745,2191,666,3304,1092,12367,1834,11334,1706,17480,1551,558,422
0500000US06019,6019,"Fresno County, California",2005,274129,2627,1283,531,5831,1193,16353,2088,16008,2051,17772,1945,20670,2442,25957,3190,24609,3319,19032,2305,18446,2616,51142,3454,28290,3252,22172,2307,6564,1448
0500000US06023,6023,"Humboldt County, California",2005,52019,1113,743,461,2465,627,3977,725,3924,924,4459,889,5737,1270,4343,752,4642,1258,2255,739,2895,782,9028,1363,3305,800,3247,698,999,416
0500000US06025,6025,"Imperial County, California",2005,44987,1105,813,454,1736,610,3876,941,3990,1018,3489,862,4189,1129,3493,1097,3245,981,2496,801,2106,665,8943,1129,3956,920,1589,598,1066,523
0500000US06029,6029,"Kern County, California",2005,231566,3346,1588,587,6094,1233,12391,2174,16797,2539,17157,2364,20875,3012,18187,2318,17677,2468,16202,2322,14753,2149,47071,3144,20932,2226,16185,1724,5657,1262
0500000US06031,6031,"Kings County, California",2005,37878,919,212,233,1053,509,2394,724,2749,682,2671,855,2992,845,3564,873,3101,804,2991,869,1852,782,6910,1135,2911,704,2291,683,2187,688
0500000US06033,6033,"Lake County, California",2005,25760,1164,706,533,877,421,1912,717,2041,813,1614,831,2436,934,2012,839,2142,946,684,391,1335,742,5524,1409,2349,891,1527,675,601,430
0500000US06037,6037,"Los Angeles County, California",2005,3184396,8882,9620,1900,44054,3197,117021,5042,100889,5059,114133,6249,150214,7285,181353,8341,210837,8947,233346,10078,212726,9526,703033,16468,437413,10216,627252,10500,42505,3514
0500000US06039,6039,"Madera County, California",2005,41337,1367,108,134,1248,527,2572,657,1692,637,3481,1092,2859,915,5041,1199,2605,815,2667,879,2813,915,7186,1255,3359,850,4508,1041,1198,608
0500000US06041,6041,"Marin County, California",2005,102393,1198,445,340,702,392,1899,759,3433,924,3982,1002,2560,855,2330,1023,2141,633,3205,1354,3332,970,17521,1932,15579,2227,44085,2439,1179,586
0500000US06045,6045,"Mendocino County, California",2005,34297,1015,530,317,2090,735,2356,619,1842,581,2253,679,1851,625,2240,850,2962,1111,1913,870,1657,580,6465,1297,3174,816,3621,923,1343,660
0500000US06047,6047,"Merced County, California",2005,71613,1242,0,293,2050,728,4674,1018,3730,981,5519,1263,5627,1186,4290,999,4821,1048,3877,862,4556,990,16124,1901,6678,1158,7140,973,2527,824
0500000US06053,6053,"Monterey County, California",2005,123630,2044,440,282,2893,832,5162,1104,4967,1193,4634,998,3655,978,5129,1335,6052,1549,7086,1224,7470,1635,24707,2329,17881,2352,31097,2459,2457,812
0500000US06055,6055,"Napa County, California",2005,48202,932,0,293,372,235,1629,574,1920,579,1793,626,2520,783,2505,789,2176,889,1578,669,3927,1159,8193,1503,6200,1205,14988,1389,401,271
0500000US06057,6057,"Nevada County, California",2005,39402,1354,75,126,1443,594,1812,588,2191,674,1751,646,1561,573,2499,869,1757,747,1806,705,1743,810,9460,1596,4889,1114,8092,1380,323,205
0500000US06059,6059,"Orange County, California",2005,969916,4402,2762,600,11193,1471,33133,2176,29325,2430,24541,2423,21347,2173,22737,2419,25040,2955,34941,3727,46019,3465,242797,8492,169599,7872,295175,7269,11307,1997
0500000US06061,6061,"Placer County, California",2005,119221,2303,214,183,1184,693,3576,928,3792,844,4093,782,4324,897,5402,1298,4444,1124,5928,1505,6220,1573,23032,2028,19704,2262,36225,2875,1083,412
0500000US06065,6065,"Riverside County, California",2005,623711,4668,4130,1315,13433,1684,25636,2478,24503,2255,24848,3139,24413,2273,30086,3268,29780,3163,37135,4019,32607,2780,134914,4881,97713,5104,136076,6448,8437,1870
0500000US06067,6067,"Sacramento County, California",2005,495846,3680,3000,1419,9534,2018,20702,2183,17822,2032,19246,1970,18681,2316,27405,2778,37187,3617,41975,3780,29834,3241,110214,5296,73898,3844,80907,4088,5441,1316
0500000US06071,6071,"San Bernardino County, California",2005,588218,5239,3174,906,12309,2075,23386,2569,24147,2889,22203,2374,27359,2895,30647,3188,33325,3384,40235,4132,41955,4072,143673,6381,94151,4683,80669,4608,10985,2359
0500000US06073,6073,"San Diego County, California",2005,1040538,5218,5317,808,15855,1722,37899,2940,31134,2767,31809,2969,31623,3033,38410,3565,50785,3967,59414,4001,62870,4371,224109,7327,164474,7021,271626,8223,15213,2346
0500000US06075,6075,"San Francisco County, California",2005,322399,3073,791,524,5020,998,21100,2443,12097,1717,12616,1910,12794,1951,12664,1695,14401,1811,13866,1936,15479,2209,66589,4243,47965,2798,80646,3988,6371,1378
0500000US06077,6077,"San Joaquin County, California",2005,206346,2463,354,220,4954,1152,8115,1235,8948,1410,8406,1178,9499,1564,11717,1764,12068,1810,17245,2375,11883,1944,39839,3341,31170,2627,38554,2714,3594,1057
0500000US06079,6079,"San Luis Obispo County, California",2005,101996,2137,778,416,2706,779,3181,813,3955,886,4814,1504,4063,903,3340,843,7118,1618,5801,1288,5184,1111,20877,2116,16770,2179,20720,2113,2689,1125
0500000US06081,6081,"San Mateo County, California",2005,254227,2345,677,479,2397,783,6494,1015,8968,1229,6809,1078,7678,1411,5139,1043,8533,1710,10008,1872,11003,1659,51770,3556,37857,3567,94291,3954,2603,776
0500000US06083,6083,"Santa Barbara County, California",2005,137727,2590,480,270,2493,754,6496,1029,4993,1032,5045,950,4792,1096,4857,938,5435,1039,8204,1762,7165,1450,27156,2861,20906,2669,36516,2956,3189,912
0500000US06085,6085,"Santa Clara County, California",2005,580130,3400,1140,654,5366,1096,17679,2156,17672,2510,14445,1689,14544,1831,14192,2090,19521,2545,28356,3606,26038,2766,119669,5597,82943,4749,211367,6782,7198,1951
0500000US06087,6087,"Santa Cruz County, California",2005,93076,2053,195,166,1752,662,3844,829,2830,892,3387,802,4545,1118,3096,856,3099,810,2776,910,3949,952,20999,2414,12268,1560,28688,2130,1648,791
0500000US06089,6089,"Shasta County, California",2005,68152,1405,454,302,2705,952,5043,1008,4695,1040,4573,1184,5142,1195,4384,907,5086,1123,5180,1118,3325,939,14249,1684,7181,1320,5394,919,741,345
0500000US06095,6095,"Solano County, California",2005,134624,2179,160,152,1654,592,4645,1113,4494,1082,5090,982,3412,712,3918,1174,4616,857,4762,1099,6835,1660,31524,2915,23252,2168,38201,2593,2061,795
0500000US06097,6097,"Sonoma County, California",2005,177212,2075,488,240,2378,738,5754,970,7393,1305,6534,1296,6919,1367,5686,1017,7512,1516,9651,1945,9318,1774,33403,2983,27348,2570,52594,3075,2234,623
0500000US06099,6099,"Stanislaus County, California",2005,158342,1551,525,355,3193,965,7607,1503,6849,1145,6302,1120,8328,1354,11632,1936,11851,2053,9466,1436,8644,1560,36175,3213,21318,2351,22561,2517,3891,1233
0500000US06101,6101,"Sutter County, California",2005,29595,844,155,187,764,405,1992,580,1622,522,1713,468,2087,629,2415,655,1512,579,1703,633,1896,662,6671,1153,3276,708,2991,737,798,456
0500000US06107,6107,"Tulare County, California",2005,119621,1485,661,437,4031,1017,8891,1290,8233,1257,10869,1537,12031,1619,10568,1676,9314,1560,9168,1336,6701,1207,19565,1912,9699,1346,7000,1172,2890,745
0500000US06111,6111,"Ventura County, California",2005,252679,2257,1205,537,3842,720,7873,1434,7737,1226,9218,1417,8574,1920,7947,1417,7861,1436,7413,1428,10943,1734,47521,3185,48755,3293,80271,3929,3519,921
0500000US06113,6113,"Yolo County, California",2005,65761,1136,585,382,1020,511,3100,641,2659,767,2285,636,2409,709,3827,894,4173,887,3745,1028,5256,1049,14400,1677,10092,1503,11146,1397,1064,690
0500000US06115,6115,"Yuba County, California",2005,22632,818,239,287,693,344,1439,418,1654,703,2504,980,1473,583,1473,538,1663,604,2006,683,604,305,4405,1045,1490,493,1102,409,1887,541
0500000US06001,6001,"Alameda County, California",2006,517241,4016,1233,481,4640,955,16267,1759,18196,1969,17558,2316,13413,1580,15458,1892,20826,1970,25801,2605,26464,2624,113551,4954,68146,3911,169597,4489,6091,1139
0500000US06007,6007,"Butte County, California",2006,85513,1618,443,290,2349,818,5347,1094,5590,1237,6192,1072,6280,1321,6571,1229,7347,1618,5665,1297,5563,1190,16552,2260,8476,1350,7699,1178,1439,677
0500000US06013,6013,"Contra Costa County, California",2006,359371,3514,1126,499,3086,753,9066,1222,12932,1743,10575,1504,8868,1258,8039,1299,8490,1347,12143,1848,14715,1995,64765,3767,47181,3167,154441,4577,3944,1287
0500000US06017,6017,"El Dorado County, California",2006,63235,2065,498,448,519,244,1953,560,1907,604,1961,667,3242,985,2699,698,2000,828,2218,943,2210,685,12004,1655,8786,1209,22695,1582,543,416
0500000US06019,6019,"Fresno County, California",2006,277256,2452,1141,463,4690,1030,13014,1649,14809,2050,14936,1807,21047,2230,22656,2259,24977,2644,20900,2626,16688,1873,52141,3109,32685,2688,30616,2338,6956,1288
0500000US06023,6023,"Humboldt County, California",2006,52660,1383,491,306,1693,570,3454,852,3222,754,3389,901,5314,1175,4979,1133,3899,833,3685,875,3142,975,9019,1463,5212,930,3474,640,1687,654
0500000US06025,6025,"Imperial County, California",2006,45204,1450,158,136,1352,571,2462,630,3525,855,3116,940,3330,811,4768,1262,3239,874,1401,513,2868,731,7922,1574,6550,1396,3274,837,1239,585
0500000US06029,6029,"Kern County, California",2006,238229,2657,830,473,5945,1290,10964,1503,13169,1850,16673,1801,17860,2050,19542,2441,17396,2253,14536,1610,13762,2008,52013,3269,27014,2601,24288,2248,4237,1051
0500000US06031,6031,"Kings County, California",2006,39702,730,442,338,953,406,2155,617,1457,465,3009,852,3493,1046,2719,750,2675,829,3025,944,1661,671,7771,1179,4124,899,3241,824,2977,779
0500000US06033,6033,"Lake County, California",2006,25212,1861,124,145,922,552,1616,658,2127,734,1074,593,1934,734,2059,954,1492,715,1397,816,1703,868,4009,1191,2387,803,3349,1041,1019,636
0500000US06037,6037,"Los Angeles County, California",2006,3172032,6982,8909,1356,34127,2704,98935,4054,91997,3413,98727,4447,120444,4422,152777,6745,196991,7732,215095,7268,213355,7453,717076,13560,417591,10368,766496,10885,39512,2676
0500000US06039,6039,"Madera County, California",2006,41052,1511,451,340,1251,550,1851,610,1694,643,2160,655,2758,949,2062,752,3407,1067,2411,746,2687,691,9564,1524,4835,1006,4926,1261,995,502
0500000US06041,6041,"Marin County, California",2006,100201,1616,409,380,944,505,1090,412,3354,801,3541,974,1825,654,2486,694,2833,877,2223,746,2676,832,18793,1786,14714,1523,44395,2367,918,429
0500000US06045,6045,"Mendocino County, California",2006,33169,1258,76,95,1917,593,2752,976,2778,722,1347,582,1419,577,2109,784,1740,644,1271,523,2301,706,5743,1146,4126,1125,4337,924,1253,488
0500000US06047,6047,"Merced County, California",2006,72180,1892,214,229,1099,475,3572,764,5145,1090,3663,869,6906,1532,4038,1143,4906,1104,5477,1384,3576,969,14836,1829,8115,1395,8469,1439,2164,753
0500000US06053,6053,"Monterey County, California",2006,123600,2003,687,379,1767,607,5119,1120,4950,1064,4501,1145,4282,899,5470,1239,5278,1045,6755,1181,8115,1585,24158,1913,16709,2329,33375,2427,2434,796
0500000US06055,6055,"Napa County, California",2006,47854,1272,350,268,884,436,2349,832,808,394,1580,540,1567,525,1828,717,3229,954,2039,724,2265,846,8146,1354,5863,1181,15490,1768,1456,664
0500000US06057,6057,"Nevada County, California",2006,39426,1503,121,149,665,381,1129,477,1422,565,3575,999,1777,536,1657,583,1854,723,2499,916,978,525,8042,1507,7072,1116,8433,1293,202,179
0500000US06059,6059,"Orange County, California",2006,971208,3581,3964,921,10538,1602,26710,2349,28518,2513,23594,2051,20056,2063,17885,1885,23170,2477,30447,2671,38412,3154,224460,7475,165174,6117,349638,8335,8642,1436
0500000US06061,6061,"Placer County, California",2006,123334,2363,187,156,740,407,3167,883,4372,876,4323,885,3765,781,5379,1120,4970,1215,6413,1550,6718,1271,23543,2388,17380,2135,41100,2663,1277,530
0500000US06065,6065,"Riverside County, California",2006,643239,5284,2594,629,11351,1638,23196,2167,23952,1886,23409,2656,26391,2666,28348,2373,27598,2515,30400,2719,31856,2973,129840,6128,94551,4697,181160,5682,8593,1476
0500000US06067,6067,"Sacramento County, California",2006,500292,3592,1444,682,6751,1203,15978,1822,19069,2060,17415,1910,16728,1978,24734,2453,30766,2966,33623,2659,32176,3141,107240,6069,74773,4564,113776,4713,5819,1190
0500000US06071,6071,"San Bernardino County, California",2006,592650,4657,2607,796,11812,1475,20772,1873,21664,2272,21808,2199,21634,2537,24282,2378,30584,3126,35266,2815,37113,3074,134985,5237,95635,4840,127388,5189,7100,1403
0500000US06073,6073,"San Diego County, California",2006,1039619,6525,4430,915,14135,1575,35130,2726,32085,2308,28116,2616,27475,2257,34316,2772,45066,3567,54008,3489,56470,3490,221839,7199,158810,6237,313102,7913,14637,1812
0500000US06075,6075,"San Francisco County, California",2006,322547,3195,1178,577,4899,1119,15691,2172,13080,1691,13046,1883,10307,1549,12847,1735,12607,1921,13868,1833,12500,1541,66221,3421,46516,3409,93779,4333,6008,1246
0500000US06077,6077,"San Joaquin County, California",2006,210462,2349,966,501,3183,706,7230,1143,9130,1339,8700,1263,9521,1467,11782,1876,12588,1931,11622,1801,12057,1724,37043,2855,30358,2795,51997,3027,4285,1184
0500000US06079,6079,"San Luis Obispo County, California",2006,102007,2332,320,222,1625,583,3904,859,3698,1032,4698,1020,4523,839,5817,1134,4990,1060,4701,1189,5070,1193,23867,2198,13264,2089,22453,1876,3077,1074
0500000US06081,6081,"San Mateo County, California",2006,251755,2520,865,575,2827,817,7259,1296,8120,1108,6380,1114,6511,1278,5994,1071,5155,1063,7074,1180,10078,1448,49667,3490,33835,3197,105434,3549,2556,1073
0500000US06083,6083,"Santa Barbara County, California",2006,140752,2058,856,396,2859,746,6336,955,4830,879,4615,1066,4699,1175,4443,854,5816,1023,7709,1403,8375,1572,29048,2752,19705,2323,38199,2317,3262,693
0500000US06085,6085,"Santa Clara County, California",2006,585430,2909,1981,614,4124,744,17179,2011,15630,1638,14221,1514,14835,1948,12649,1580,16444,1969,24568,2368,23669,2196,119276,4158,81311,4379,232564,5841,6979,1248
0500000US06087,6087,"Santa Cruz County, California",2006,92998,1704,377,246,743,322,2170,663,4609,1052,3750,1084,3035,889,3092,955,2299,700,3465,1002,3080,757,18023,1984,13916,1694,32693,1898,1746,727
0500000US06089,6089,"Shasta County, California",2006,68385,1504,688,398,2578,768,2817,639,4821,869,4283,990,5156,1226,6267,1271,3944,946,5680,1405,3370,944,14255,2069,6927,1038,6758,1045,841,500
0500000US06095,6095,"Solano County, California",2006,137306,1831,251,221,1029,393,4359,942,4414,1034,3876,783,3054,719,3212,779,4264,1123,5559,1122,7901,1370,27369,2219,22469,1982,46362,2897,3187,891
0500000US06097,6097,"Sonoma County, California",2006,178483,1920,488,328,2248,626,5875,1181,7224,1265,5233,995,6229,1097,6941,1312,6389,1337,9575,1480,7639,1153,36056,2610,28380,2800,52920,3029,3286,799
0500000US06099,6099,"Stanislaus County, California",2006,160431,2017,491,423,2328,699,6671,1135,7317,1217,6693,1228,8340,1303,9268,1393,10407,1773,8524,1528,7610,1315,33445,2885,23842,2768,33061,2793,2434,666
0500000US06101,6101,"Sutter County, California",2006,30330,872,103,134,723,303,1514,531,1464,500,918,372,1828,602,2223,699,1243,503,2340,559,1683,605,6512,1304,3865,793,5457,1168,457,376
0500000US06107,6107,"Tulare County, California",2006,122153,1894,841,423,3244,668,7647,1127,7035,1246,9835,1533,9450,1320,10295,1647,10510,1490,7332,1383,9176,1712,20992,2188,11834,1599,10239,1259,3723,962
0500000US06111,6111,"Ventura County, California",2006,259093,2535,873,353,3864,774,8319,1284,7626,1087,6956,1087,6752,1141,7621,1616,8810,1475,7449,1283,6337,1090,50120,3088,42128,3024,98828,3772,3410,857
0500000US06113,6113,"Yolo County, California",2006,66385,1197,299,223,420,297,2227,721,2527,696,3415,840,3623,1017,3364,1041,4753,1179,4947,1460,4415,1029,12306,1421,8365,1386,14782,1490,942,442
0500000US06115,6115,"Yuba County, California",2006,24256,850,55,96,895,407,1423,530,1602,598,1608,711,1319,477,2049,727,1035,477,974,551,1328,543,3613,969,2760,805,3110,854,2485,967
0500000US06001,6001,"Alameda County, California",2007,519809,4348,1050,533,5399,1184,18437,1789,15050,1479,16041,1718,13606,1581,15812,2064,19452,2023,25258,2558,28014,2375,102479,4559,65310,3588,187014,4620,6887,1494
0500000US06007,6007,"Butte County, California",2007,85845,1944,1031,673,2691,819,4843,1170,5579,1044,5147,1059,5573,1286,5907,1449,6819,1217,5975,1269,6876,1729,13969,1579,9682,1412,10047,1247,1706,599
0500000US06013,6013,"Contra Costa County, California",2007,366428,3264,616,338,3358,925,9866,1457,11141,1340,9764,1485,10353,1408,8668,1486,9007,1451,12552,1669,15811,2645,62878,3935,47985,3076,161696,4024,2733,702
0500000US06017,6017,"El Dorado County, California",2007,67506,1652,0,292,386,209,1435,586,1805,561,2155,588,3129,933,3399,1017,3120,1010,3278,1099,3441,1058,11508,1638,10563,1802,22928,1751,359,271
0500000US06019,6019,"Fresno County, California",2007,280493,2244,895,487,6046,1245,12059,1405,15295,1774,13343,1501,16191,2131,21304,1883,23363,2669,21611,2401,15736,2181,57606,3628,30175,2327,41444,2975,5425,990
0500000US06023,6023,"Humboldt County, California",2007,51902,1378,425,283,1863,499,3586,733,4688,802,3923,946,2989,771,4416,1069,3364,922,2248,640,2383,810,9837,1448,4775,1104,5014,969,2391,918
0500000US06025,6025,"Imperial County, California",2007,46312,1628,173,207,1309,471,3971,1103,3635,965,3821,1097,4634,1185,4403,953,3342,1001,2098,759,2050,800,7996,1529,3553,844,4292,1025,1035,445
0500000US06029,6029,"Kern County, California",2007,239662,2774,1193,492,4652,871,10013,1424,12593,1540,13801,1985,15353,2034,18758,2262,18216,2159,15708,1951,12253,1528,47209,2777,27873,2319,37285,2809,4755,1135
0500000US06031,6031,"Kings County, California",2007,39014,972,0,292,912,458,2159,692,1664,622,2533,921,1725,618,3416,1024,2386,862,2424,860,1427,462,8810,1241,4406,1048,5054,1003,2098,665
0500000US06033,6033,"Lake County, California",2007,23326,1983,549,571,1416,797,1417,648,1894,723,1519,741,1737,694,800,428,374,400,1721,976,949,503,4018,1424,2834,1053,3369,967,729,450
0500000US06037,6037,"Los Angeles County, California",2007,3181903,9122,7744,1164,30206,2513,104963,4552,92343,4599,95555,5499,109140,5467,135311,5584,175508,7328,195933,6502,205093,8211,713711,12618,421354,10833,855810,12924,39232,3109
0500000US06039,6039,"Madera County, California",2007,43355,1241,165,207,1576,694,2664,819,1998,569,2279,684,1388,506,4374,812,2922,869,2379,802,2574,887,8061,1637,3670,894,7825,950,1480,608
0500000US06041,6041,"Marin County, California",2007,99627,2024,153,184,914,529,2166,636,2056,723,2038,632,3206,860,2337,750,2209,680,2792,953,2351,736,18507,1972,14582,1491,44966,2665,1350,576
0500000US06045,6045,"Mendocino County, California",2007,33482,1268,590,472,1532,499,1859,690,2553,792,2139,773,2323,731,2062,683,2326,880,2229,746,1957,820,5203,1070,1787,632,6378,1150,544,311
0500000US06047,6047,"Merced County, California",2007,73482,1809,600,345,1551,621,3388,815,2759,786,4470,1047,5530,1290,4527,1136,2993,809,4963,1233,4034,1149,14442,1832,8150,1459,13379,1641,2696,733
0500000US06053,6053,"Monterey County, California",2007,126010,2195,488,427,1607,638,3792,894,4954,1087,3419,786,3307,832,3946,1014,6490,1339,7500,1290,8467,1272,26286,2083,17832,2211,35600,2664,2322,720
0500000US06055,6055,"Napa County, California",2007,49069,1118,236,232,412,262,1767,541,1849,590,1671,573,1978,679,1992,643,2200,846,1759,687,1886,599,8728,1525,6298,1246,17292,1530,1001,434
0500000US06057,6057,"Nevada County, California",2007,39708,1577,0,292,817,358,1041,436,1696,618,1791,566,1484,529,2038,676,1444,677,3196,1463,1633,728,6404,1386,6150,1388,11526,1663,488,444
0500000US06059,6059,"Orange County, California",2007,976713,3667,3969,948,10688,1244,28173,2483,26065,1991,26031,2571,20349,1805,20261,2184,20696,2231,22956,2447,35769,2548,206674,6459,164244,5944,380776,6667,10062,1808
0500000US06061,6061,"Placer County, California",2007,126847,1961,343,204,1575,660,3321,842,3388,773,5141,1029,4595,1055,5117,1231,4828,1128,5084,1344,7175,1516,22680,2355,15180,1849,47041,2824,1379,526
0500000US06065,6065,"Riverside County, California",2007,649863,5820,2961,813,11812,1396,20645,2096,23110,2300,25013,2158,23420,2491,26964,2712,25750,2672,29590,3233,26201,2382,125335,5212,91875,4383,210052,5194,7135,1390
0500000US06067,6067,"Sacramento County, California",2007,503357,4113,2104,780,6872,1230,18466,1933,16683,1804,16115,1744,16397,1597,23876,2076,30880,2356,33448,3024,33056,2975,102918,4315,70820,3896,126604,4478,5118,1087
0500000US06071,6071,"San Bernardino County, California",2007,592449,5294,2801,762,7942,1181,18307,1805,21565,2206,19504,2149,20439,1911,22815,2414,29456,2627,30804,3013,32746,2786,131561,5382,88607,4733,157081,4488,8821,1829
0500000US06073,6073,"San Diego County, California",2007,1045265,4859,3768,859,12305,1536,31348,2120,29738,2313,30252,2751,29209,2362,30608,2690,44028,3586,50708,3751,58988,3450,218701,7939,156461,6474,333952,6301,15199,1986
0500000US06075,6075,"San Francisco County, California",2007,321947,3762,806,494,3303,884,14754,1929,10311,1451,12969,1923,11793,1779,10771,1889,12866,1829,14245,2183,15454,2072,61421,4041,46140,3161,102062,4352,5052,1199
0500000US06077,6077,"San Joaquin County, California",2007,207370,2753,624,422,3414,791,7274,1174,8705,1166,8295,1267,9811,1370,9365,1664,10519,1631,14846,2259,8974,1672,35372,2889,28423,2477,57930,3396,3818,1052
0500000US06079,6079,"San Luis Obispo County, California",2007,104382,2239,385,264,1184,381,3776,827,3267,807,4772,1191,5102,1109,3993,856,4780,1408,5723,1495,5335,1376,22901,2508,12277,1616,28097,2485,2790,1179
0500000US06081,6081,"San Mateo County, California",2007,251357,2351,415,298,2242,648,6003,956,7753,1198,6932,1297,5080,1050,5486,1030,5761,1297,6446,1446,8835,1325,46577,2568,40711,3117,106332,3836,2784,964
0500000US06083,6083,"Santa Barbara County, California",2007,142465,1474,623,337,1704,566,4878,916,6230,1194,4462,878,4679,896,4485,913,4337,1003,6647,1402,6527,1288,29056,2588,22081,2324,42894,2511,3862,1060
0500000US06085,6085,"Santa Clara County, California",2007,582172,3720,1041,497,4225,942,15135,1973,17473,1847,17124,1846,13789,1578,14581,1860,16062,1462,20256,2380,20794,2362,105322,4918,84192,5277,246535,5747,5643,1179
0500000US06087,6087,"Santa Cruz County, California",2007,93690,1648,145,153,1210,509,2917,719,3089,808,2918,740,3559,895,4450,1086,4395,971,3163,918,3261,827,18453,1800,11141,1525,33819,2331,1170,559
0500000US06089,6089,"Shasta County, California",2007,69474,1468,541,425,2523,864,5164,934,3499,752,3805,866,4138,1109,4263,844,4965,1145,3792,955,4166,995,14779,1917,8549,1283,7661,1152,1629,744
0500000US06095,6095,"Solano County, California",2007,135338,1849,331,294,1666,590,4069,899,4234,922,4270,899,4194,842,3600,1017,4036,981,5534,1240,6504,1284,24468,2291,21989,2285,48457,2509,1986,697
0500000US06097,6097,"Sonoma County, California",2007,178505,2499,559,313,2632,835,7344,933,5472,1206,6676,816,5657,1089,5021,988,7136,1176,6954,1120,8010,1543,37652,3299,26118,2381,55643,2633,3631,1213
0500000US06099,6099,"Stanislaus County, California",2007,157262,2790,675,516,2167,780,5846,1268,8331,1359,5333,1022,7495,1337,7815,1328,9487,1455,7974,1303,10160,1812,32917,2519,20028,2139,36703,2610,2331,794
0500000US06101,6101,"Sutter County, California",2007,31214,974,37,60,674,375,1820,632,1975,532,1340,523,1608,545,1442,489,2426,887,2330,864,1060,467,5911,961,4365,850,5879,1065,347,235
0500000US06107,6107,"Tulare County, California",2007,122613,2172,557,356,3710,841,6294,958,8031,1363,7952,1356,11122,1936,9070,1517,8162,1233,8536,1525,6168,1175,24995,2632,12432,1606,13088,1494,2496,654
0500000US06111,6111,"Ventura County, California",2007,255668,2389,670,305,3236,881,8147,1569,8789,1407,6485,1052,7492,1276,6841,1009,6390,1143,7409,1526,7973,1430,45132,2859,37508,2515,105627,3545,3969,1055
0500000US06113,6113,"Yolo County, California",2007,68506,1015,101,160,1162,453,1910,651,3356,902,3050,827,2714,850,2354,735,4222,1290,4580,948,3520,997,13254,1704,9425,1298,17697,1758,1161,581
0500000US06115,6115,"Yuba County, California",2007,24236,1172,230,214,765,330,1588,590,551,272,1357,569,2083,823,3211,965,1434,523,1730,691,539,297,2697,801,3418,916,3951,921,682,386
0500000US06001,6001,"Alameda County, California",2008,517939,5028,1320,616,4640,929,15840,1451,11832,1723,14441,1664,14962,1672,14905,2085,16921,1968,21828,2327,22304,2295,111345,5012,71633,3751,189329,5668,6639,1391
0500000US06007,6007,"Butte County, California",2008,86438,1987,1268,673,2445,745,5310,1034,4336,1051,4615,919,5520,1062,7172,1436,5797,1066,5798,1292,7018,1600,15890,2126,9520,1367,10499,1367,1250,477
0500000US06013,6013,"Contra Costa County, California",2008,367985,3384,1147,607,3401,931,7958,1269,10026,1462,11164,1566,11129,1573,9807,1535,7868,1305,10450,1613,14100,1782,63765,4016,48791,3330,164639,5036,3740,1165
0500000US06017,6017,"El Dorado County, California",2008,65323,1888,171,208,282,215,1055,502,2754,724,2694,778,2344,662,3286,784,4111,1335,3285,1011,2820,1003,11845,1753,7373,1221,22693,1940,610,307
0500000US06019,6019,"Fresno County, California",2008,278964,3810,948,511,5465,1088,10784,1389,13280,1751,15634,2045,15616,2188,18900,2299,23501,2713,19856,2209,14399,1890,56393,3683,33638,2784,45194,3075,5356,1395
0500000US06023,6023,"Humboldt County, California",2008,52979,1527,155,130,2177,587,3206,807,3061,711,2688,745,4299,1110,4214,942,3940,931,3877,957,2613,876,9808,1637,6307,1204,5170,1093,1464,499
0500000US06025,6025,"Imperial County, California",2008,46834,1508,349,274,1290,500,3409,984,3596,949,3788,1177,3584,884,5400,1592,2477,757,2560,797,2319,1046,6328,1159,4552,1034,5892,1171,1290,504
0500000US06029,6029,"Kern County, California",2008,244186,3604,363,290,4564,1022,11550,1348,11833,1740,12633,1694,15368,2051,19495,2312,16853,2396,17936,2491,13224,1960,47904,3464,30265,2792,37105,2593,5093,1298
0500000US06031,6031,"Kings County, California",2008,40495,1795,162,153,714,292,1884,609,2336,691,1955,557,2190,780,2055,570,3083,959,2233,817,1836,597,9712,1603,4926,969,5890,1326,1519,620
0500000US06033,6033,"Lake County, California",2008,24459,1977,0,294,277,301,971,450,2270,676,1591,781,1461,737,1799,704,1517,781,1152,633,694,514,5760,1237,3419,1096,2976,920,572,535
0500000US06037,6037,"Los Angeles County, California",2008,3168362,9799,8298,1405,28240,2439,101341,4363,93052,4800,88321,4124,98568,5167,117305,6351,145663,6135,180447,6327,197508,7736,717763,10524,439161,9467,915348,14264,37347,3592
0500000US06039,6039,"Madera County, California",2008,41888,1942,271,179,452,283,1430,495,2161,726,2118,757,1805,622,2521,784,2760,871,1555,748,2935,1016,10022,1528,4423,981,7657,1501,1778,725
0500000US06041,6041,"Marin County, California",2008,102147,1745,196,231,281,213,1514,838,2644,1017,2646,830,2861,800,2350,731,1654,573,1507,644,2890,1067,17118,1959,14121,1953,51011,2455,1354,706
0500000US06045,6045,"Mendocino County, California",2008,34519,1354,396,449,828,343,1742,457,2443,745,2462,815,2063,579,1963,840,2182,731,1733,724,1617,734,8048,1382,3684,1000,4116,993,1242,607
0500000US06047,6047,"Merced County, California",2008,72353,1721,278,328,1058,452,2925,638,3943,787,5287,1051,6773,1336,5699,1337,5463,1425,3838,1103,2938,846,12618,1687,8381,1548,10621,1473,2531,796
0500000US06053,6053,"Monterey County, California",2008,126066,2621,435,329,2183,661,4667,900,3261,733,4296,1059,4217,915,5075,1235,6725,1348,6658,1568,8817,1749,24444,2135,18885,2285,34562,2385,1841,712
0500000US06055,6055,"Napa County, California",2008,46333,1806,170,269,510,380,2201,662,1927,636,1521,649,2079,682,1886,952,928,462,1656,725,1791,568,9626,1505,5282,944,16169,1735,587,408
0500000US06057,6057,"Nevada County, California",2008,41529,1730,30,54,529,343,1503,459,1975,903,2141,642,1148,480,2129,571,2337,834,2605,894,3338,1203,6963,1536,5596,1204,10666,1418,569,348
0500000US06059,6059,"Orange County, California",2008,971559,4843,2928,721,10168,1178,23654,2062,25117,2596,25426,1998,18258,1772,16926,2008,18572,1821,25534,2457,33340,3034,204901,5932,167708,6590,390012,7382,9015,1674
0500000US06061,6061,"Placer County, California",2008,128475,2552,342,373,788,350,3506,915,3371,837,5256,1100,5452,1143,4850,1118,3656,842,4108,1159,5044,1407,20267,2329,18741,1912,52101,2264,993,426
0500000US06065,6065,"Riverside County, California",2008,647443,6148,2019,717,10719,1446,18471,1758,21198,1984,19949,2060,23257,2210,21482,2360,24932,2683,29213,2751,29616,3042,127541,6178,98197,4665,214146,6791,6703,1192
0500000US06067,6067,"Sacramento County, California",2008,502061,5086,1511,688,6535,1178,17149,1867,17928,2068,15667,1906,16966,1948,20939,2021,30316,2823,28773,2563,31256,2943,106902,5337,74497,4618,128371,4473,5251,1130
0500000US06071,6071,"San Bernardino County, California",2008,580361,5845,2604,812,8457,1400,17815,2050,18767,1983,18247,2130,20761,2650,22459,2607,24675,2668,29070,2732,30442,2911,132211,5455,89891,4381,156819,5837,8143,1813
0500000US06073,6073,"San Diego County, California",2008,1037958,7793,3620,731,10365,1490,33400,2489,27565,2297,29522,2298,27173,2242,25893,2323,39025,3205,49791,3754,51769,3962,211117,6350,158252,5443,357453,7095,13013,1781
0500000US06075,6075,"San Francisco County, California",2008,323339,4231,880,450,3887,1042,12960,1475,11132,1824,13216,1900,12028,1860,9241,1473,13430,1736,11866,1741,10451,1516,56279,3684,49077,3487,114185,4899,4707,1012
0500000US06077,6077,"San Joaquin County, California",2008,205056,4029,267,197,3681,1001,6956,1334,8467,1552,7130,1269,7797,1290,11572,1624,10525,1412,13449,1813,10505,1587,36589,2857,25963,2604,57512,3227,4643,1219
0500000US06079,6079,"San Luis Obispo County, California",2008,100901,2900,515,365,2138,777,4009,1142,3945,833,3508,728,4838,1206,3538,952,4477,961,4167,1294,5600,1258,19127,2356,14598,2085,28812,2538,1629,745
0500000US06081,6081,"San Mateo County, California",2008,254590,2909,412,269,1699,603,4472,914,9196,1416,7518,1208,5637,1210,6477,1337,4423,975,5468,969,7378,1676,49453,3128,36740,2781,112609,4032,3108,1010
0500000US06083,6083,"Santa Barbara County, California",2008,139212,2572,488,280,1486,496,4701,1123,5871,1080,3746,974,3419,694,3553,774,5404,1155,6297,1183,6592,1392,29410,2578,21017,2194,44275,2494,2953,888
0500000US06085,6085,"Santa Clara County, California",2008,587948,3702,1148,416,4310,950,12690,1774,14787,1676,16309,2024,14706,2049,10745,1645,10976,1467,21073,2540,20758,2510,104612,4045,86493,4167,262774,5628,6567,1215
0500000US06087,6087,"Santa Cruz County, California",2008,93759,2135,198,207,539,274,3473,813,3777,979,4005,756,2753,843,3180,839,1868,634,3683,867,2983,883,15752,1732,14444,2013,35819,2368,1285,592
0500000US06089,6089,"Shasta County, California",2008,70067,1820,154,154,1966,722,2717,785,4887,1071,3824,984,4272,1135,5473,1366,4250,1157,3840,1248,4054,1236,14398,1756,8712,1423,10112,1412,1408,627
0500000US06095,6095,"Solano County, California",2008,136036,2513,675,470,1580,643,4614,970,3760,947,4079,787,3117,735,3475,914,3098,721,5196,1217,5666,1391,27006,2341,23856,2306,48005,2659,1909,593
0500000US06097,6097,"Sonoma County, California",2008,181159,2500,845,425,2871,791,4584,1119,6415,1060,5262,1113,6723,1168,5216,1022,5772,1154,8250,1497,7545,1316,36590,2670,26530,2744,61467,3136,3089,862
0500000US06099,6099,"Stanislaus County, California",2008,160855,2782,492,335,2189,747,5715,1042,6416,1187,6258,1015,6650,1199,8215,1489,10194,1654,9402,1493,10352,1695,34727,2746,21123,2310,36243,2502,2879,869
0500000US06101,6101,"Sutter County, California",2008,30982,864,185,190,719,288,899,366,1047,350,1529,528,2583,769,2136,617,2250,624,1296,538,957,392,7098,1140,4397,966,4874,938,1012,479
0500000US06107,6107,"Tulare County, California",2008,124047,2152,642,363,2361,593,6643,1213,7333,1134,8017,1391,8092,1385,10923,1696,9075,1561,8566,1730,5059,1021,25149,2267,14569,1736,14157,1743,3461,895
0500000US06111,6111,"Ventura County, California",2008,256944,3048,303,167,4216,943,7336,1250,8576,1239,7141,1391,5458,1025,6882,1196,5802,994,5614,1072,8708,1629,41657,3340,41179,3267,110724,4324,3348,892
0500000US06113,6113,"Yolo County, California",2008,68769,3276,308,339,1086,552,1888,658,2668,712,1990,676,3674,893,3389,831,2856,717,3341,874,2986,865,14243,2218,9917,1378,19054,1715,1369,494
0500000US06115,6115,"Yuba County, California",2008,25233,1117,107,135,539,315,1541,500,656,331,1158,490,924,408,1646,724,1698,791,1386,635,972,482,4781,1245,3473,967,5112,1012,1240,420
0500000US06001,6001,"Alameda County, California",2009,517795,5059,1096,662,3507,868,17223,2181,15571,2033,15037,1867,14219,1587,17769,2155,18805,2411,20449,2238,25649,2533,113288,4888,72669,3593,177267,4173,5246,1125
0500000US06007,6007,"Butte County, California",2009,84440,2045,134,133,1592,607,5772,1165,5715,1068,4212,976,6348,1583,6166,1133,6466,1565,4640,938,4288,1202,17578,2296,8948,1310,10702,1516,1879,595
0500000US06013,6013,"Contra Costa County, California",2009,364556,3791,556,441,3230,851,10391,1735,12394,1575,10586,1576,11207,1872,8825,1438,11512,1878,12532,2174,13357,1842,59845,4188,55476,3923,151467,4186,3178,1020
0500000US06017,6017,"El Dorado County, California",2009,65569,2118,104,100,292,216,2105,801,2563,946,3006,701,2401,783,1925,620,2801,948,2972,896,1914,644,10328,1779,9304,1411,24860,2192,994,500
0500000US06019,6019,"Fresno County, California",2009,280846,3997,1101,544,4958,1034,11949,1704,13051,1456,12585,1837,16087,2121,19755,2222,22261,2736,22241,2503,16325,1949,58873,3419,36469,3279,38919,2777,6272,1056
0500000US06023,6023,"Humboldt County, California",2009,52316,1619,695,360,1219,423,2889,759,3810,809,2073,591,3966,1149,4661,1089,4324,1049,4327,1121,1875,696,10897,1649,4599,1071,5661,1152,1320,715
0500000US06025,6025,"Imperial County, California",2009,48540,1344,404,281,1780,695,3832,936,2920,764,3609,1121,3689,983,3492,942,2833,965,2628,826,2079,716,7747,1408,5823,1109,6333,1209,1371,550
0500000US06029,6029,"Kern County, California",2009,241764,3800,1719,637,4946,1123,9804,1311,12088,1476,11404,1771,14762,2122,16239,1982,15306,2042,18338,2198,14650,2151,51395,3413,32954,2992,34167,2245,3992,1011
0500000US06031,6031,"Kings County, California",2009,38669,1588,141,143,601,305,2443,623,1138,420,2064,748,1670,571,2587,935,3099,878,3298,995,2704,1010,8317,1531,3304,929,5547,985,1756,619
0500000US06033,6033,"Lake County, California",2009,26670,1634,133,208,591,393,1590,611,1413,657,1646,689,1697,769,1967,908,2002,843,1739,679,1093,627,5017,1334,2198,625,5070,1343,514,422
0500000US06037,6037,"Los Angeles County, California",2009,3166126,8715,8472,1615,30138,2422,91031,4569,82435,3424,82570,4382,94527,4948,108077,5496,140959,5720,175123,6930,186883,8214,749396,11536,458374,10539,914645,11865,43496,3423
0500000US06039,6039,"Madera County, California",2009,43393,1413,58,90,567,311,2456,792,2369,811,1617,662,2161,819,3403,950,2956,833,2663,940,1636,664,8070,1400,4918,1075,8810,1298,1709,691
0500000US06041,6041,"Marin County, California",2009,101263,2025,421,291,773,409,1500,503,1812,659,3296,1171,3447,950,2469,816,2146,583,1906,755,3112,943,16121,2175,15901,1729,47820,2293,539,290
0500000US06045,6045,"Mendocino County, California",2009,33507,1327,425,379,1587,622,2330,740,1675,550,2108,575,1737,674,1811,650,2906,931,1274,506,1661,673,5124,1127,3325,1071,6880,1126,664,393
0500000US06047,6047,"Merced County, California",2009,74166,2130,275,196,1346,543,3219,753,3632,935,4954,1062,5669,1422,5039,1129,5523,1089,5383,1101,4638,1148,15092,1824,7840,1438,9014,1406,2542,758
0500000US06053,6053,"Monterey County, California",2009,128025,2031,281,257,1825,698,4678,863,3982,952,3415,791,3560,1041,4010,1055,5943,1353,6862,1233,7376,1424,27448,2370,18320,1912,37614,2337,2711,874
0500000US06055,6055,"Napa County, California",2009,49014,1549,45,75,1041,444,1909,616,1664,627,898,423,1643,582,2122,679,1421,551,1968,715,2559,775,8721,1463,7590,1457,16804,1671,629,431
0500000US06057,6057,"Nevada County, California",2009,39718,1799,85,137,519,289,1481,454,1786,654,1507,498,1411,479,1565,631,2074,846,1168,463,2178,831,6793,1206,5823,1222,12794,1740,534,413
0500000US06059,6059,"Orange County, California",2009,975967,4674,2968,680,9368,1199,25380,2105,28137,2739,27305,2329,21832,1996,19618,1811,21644,2394,21679,2252,30349,2692,204559,5613,169611,5869,383842,7944,9675,1363
0500000US06061,6061,"Placer County, California",2009,126437,2159,236,226,1001,520,2203,689,4895,1125,5683,1035,3975,826,4983,1138,4728,1175,4394,956,5593,1188,21133,2096,18518,2075,47696,2608,1399,686
0500000US06065,6065,"Riverside County, California",2009,649505,6269,3360,1017,9431,1363,21184,2025,22633,2392,22866,2322,19843,2223,24171,2760,24491,2312,29301,3084,31605,2926,140743,5560,95244,3889,195269,4965,9364,1587
0500000US06067,6067,"Sacramento County, California",2009,507357,4634,2118,721,8196,1359,16245,1912,17822,1784,17588,1792,17656,2253,25322,2378,33909,2876,30375,2720,30658,2738,110395,4701,74864,3707,116860,4274,5349,1225
0500000US06071,6071,"San Bernardino County, California",2009,592207,5586,2149,753,11090,1727,22136,2233,20610,2054,21758,2436,18935,2559,22628,2493,26935,2757,29818,2836,35012,3330,132949,5826,94098,5031,145821,4810,8268,1563
0500000US06073,6073,"San Diego County, California",2009,1048975,5987,4343,1092,11987,1535,30467,2207,26681,1959,28829,2287,26252,2397,27705,2548,33131,3101,53728,3547,53199,3960,226396,6556,166872,6232,348451,8208,10934,1518
0500000US06075,6075,"San Francisco County, California",2009,324588,3785,965,512,4291,1313,14397,1648,9956,1280,11307,1677,12431,1587,9799,1525,9685,1584,10172,1597,12356,1952,57641,3509,49724,3646,115648,4400,6216,1256
0500000US06077,6077,"San Joaquin County, California",2009,208513,5447,1026,625,3425,740,7169,1162,6386,1179,7224,1202,7470,1309,10011,1559,9793,1585,13144,1896,10960,1812,43935,3280,32288,2646,52379,3684,3303,762
0500000US06079,6079,"San Luis Obispo County, California",2009,103011,2778,369,251,1732,613,3018,757,4220,919,4135,1003,3107,851,3570,968,5207,1093,5036,1276,6578,1675,19555,1885,16555,1760,28596,2580,1333,632
0500000US06081,6081,"San Mateo County, California",2009,251448,2761,322,217,1718,656,5983,994,6399,1245,7947,1151,5637,1095,5721,1123,5004,1032,7418,1565,6666,1507,46341,3181,36213,3038,113531,3737,2548,830
0500000US06083,6083,"Santa Barbara County, California",2009,140128,2385,689,355,1544,482,4426,828,4254,1053,4888,954,4249,849,4470,950,6141,1055,6205,1140,5918,1247,30592,2330,21823,2070,42214,2439,2715,811
0500000US06085,6085,"Santa Clara County, California",2009,587208,4449,2892,918,3838,995,16676,1820,15034,1717,15720,1657,12513,1620,14154,1821,11939,1834,16623,2312,20193,2419,108560,5053,88012,4415,254413,5694,6641,1280
0500000US06087,6087,"Santa Cruz County, California",2009,92227,2413,486,411,1437,537,3543,916,3581,853,3068,1002,3721,1185,3247,876,2843,811,3597,973,3323,864,16171,1835,13572,1675,32052,2660,1586,713
0500000US06089,6089,"Shasta County, California",2009,69738,1982,507,313,1678,592,3759,880,4325,907,4286,1069,4416,1095,4346,1105,4574,977,3636,854,3825,857,14227,1647,7478,1135,10887,1256,1794,715
0500000US06095,6095,"Solano County, California",2009,139186,1935,746,447,2251,637,5118,1074,4597,1017,3855,781,4420,834,3471,872,4213,988,4704,1095,4795,1158,26470,2426,23713,2264,49699,2987,1134,558
0500000US06097,6097,"Sonoma County, California",2009,180378,2545,488,276,2516,672,5550,1133,5851,1122,5311,1015,5962,1107,7053,1387,6708,1366,7862,1348,8230,1383,37148,3284,24741,2347,59179,3291,3779,1017
0500000US06099,6099,"Stanislaus County, California",2009,161083,2115,482,338,2566,706,5110,1104,9365,1597,6261,1191,7432,1188,7651,1323,10163,1646,9258,1614,10700,1672,33811,2526,25439,2090,29772,2588,3073,858
0500000US06101,6101,"Sutter County, California",2009,31158,926,323,309,612,346,1652,715,1176,550,870,469,1853,733,1769,580,1905,680,2037,518,1794,620,6709,1066,4571,1135,5436,1068,451,339
0500000US06107,6107,"Tulare County, California",2009,126409,1898,1052,551,3508,829,5781,1004,5418,1001,7328,1009,8818,1454,9346,1481,8459,1664,9473,1722,7393,1494,27548,2341,14642,1846,14679,1639,2964,781
0500000US06111,6111,"Ventura County, California",2009,260249,2364,587,277,3648,925,8432,1026,7386,1172,6537,1221,5649,1264,8417,1272,6451,1248,5866,1385,6719,1346,46876,3496,44397,3306,106471,3793,2813,701
0500000US06113,6113,"Yolo County, California",2009,67350,1767,179,174,526,271,2235,697,2057,647,2494,661,3382,776,3168,896,3448,866,3781,887,4018,1232,13396,1924,9285,1260,18273,1941,1108,555
0500000US06115,6115,"Yuba County, California",2009,24647,1653,74,92,669,393,1424,467,1748,674,1041,471,1431,637,1834,676,1649,700,1554,798,856,453,5331,1273,2748,825,3420,865,868,502
0500000US06001,6001,"Alameda County, California",2010,537410,4196,1408,585,4209,1132,17232,1944,16796,2040,14825,1617,14616,1845,12600,1698,18780,1942,22614,2056,25285,2606,117764,4692,77842,4061,186209,5132,7230,1389
0500000US06007,6007,"Butte County, California",2010,84629,2168,358,230,1606,542,3499,839,4740,930,3831,757,6852,1324,6349,1277,5941,1416,6704,1374,5595,1297,17091,2053,10452,1545,10154,1261,1457,683
0500000US06013,6013,"Contra Costa County, California",2010,367883,3940,481,344,2243,730,8882,1430,11031,1393,10954,1621,9722,1595,8216,1396,9386,1548,12137,1791,13582,1679,71379,3905,54193,3923,151491,4361,4186,1033
0500000US06017,6017,"El Dorado County, California",2010,67092,2275,169,200,437,241,1861,648,1999,653,1899,709,2601,810,3518,1058,2068,715,2932,871,3045,1080,10576,1691,10263,1606,24660,1948,1064,552
0500000US06019,6019,"Fresno County, California",2010,284690,3466,1488,712,5686,1145,10039,1669,14022,1988,14894,1921,16648,2101,20389,2196,22024,2201,19524,2276,18083,1935,64741,4191,32674,2737,38263,2648,6215,1208
0500000US06023,6023,"Humboldt County, California",2010,54980,1495,403,301,1226,533,2687,786,4327,1044,2788,727,4371,969,4563,1167,2658,861,4095,1062,2802,792,11869,1506,6406,1234,5911,1107,874,473
0500000US06025,6025,"Imperial County, California",2010,48206,1756,477,362,992,413,2178,727,3162,995,3019,957,3232,927,4150,1077,3408,909,2346,693,3588,1023,10846,1511,5317,1022,4278,988,1213,521
0500000US06029,6029,"Kern County, California",2010,252284,3155,1285,532,5046,1209,11483,1740,12596,1785,12462,1906,15806,1898,18933,1608,18749,2291,18906,2085,15182,1957,56213,3155,30037,2287,30823,2275,4763,1010
0500000US06031,6031,"Kings County, California",2010,40818,1464,421,315,899,388,1672,609,1602,551,1642,637,2296,693,3228,757,3563,873,4692,1155,1886,559,7873,1214,5182,1108,4204,935,1658,758
0500000US06033,6033,"Lake County, California",2010,24521,1711,0,294,1007,618,1791,797,2001,766,1902,757,1274,690,1252,668,715,458,1289,605,2151,811,4486,1053,3087,963,3119,851,447,323
0500000US06037,6037,"Los Angeles County, California",2010,3202353,9199,8323,1480,26422,2386,95569,4913,84568,3328,83007,4047,87233,3634,106275,5045,143121,5932,169031,6768,192470,6680,784943,11636,481645,9867,895567,13788,44179,3533
0500000US06039,6039,"Madera County, California",2010,42189,1880,229,208,527,341,1763,631,2065,578,1892,624,2455,876,1751,729,1615,627,3758,1258,2816,820,9806,1300,5322,1182,6703,1090,1487,741
0500000US06041,6041,"Marin County, California",2010,102692,2313,0,294,289,249,1038,481,2686,792,2707,715,3764,905,2437,728,2469,702,3402,905,2933,889,16080,2190,14086,1970,49993,2510,808,388
0500000US06045,6045,"Mendocino County, California",2010,33057,1837,338,320,1158,556,1794,907,2111,667,1734,545,1999,645,2537,798,1368,538,1670,572,2305,743,5747,1228,3356,897,5600,1197,1340,706
0500000US06047,6047,"Merced County, California",2010,73885,2088,336,230,1838,697,3383,824,3889,984,3334,942,5002,1270,5712,1302,5814,1426,5079,1085,4422,1255,16555,2081,8444,1288,7791,1428,2286,757
0500000US06053,6053,"Monterey County, California",2010,125446,2406,1108,629,1761,545,3628,923,4085,1083,3460,771,3587,886,4522,1043,5920,1395,7247,1550,7285,1379,28219,2144,21426,2038,31595,2443,1603,655
0500000US06055,6055,"Napa County, California",2010,49754,1583,634,456,630,363,1234,444,1575,461,780,396,1890,683,1677,547,2188,716,2362,728,2405,904,10803,1694,6157,1025,16872,1880,547,359
0500000US06057,6057,"Nevada County, California",2010,40851,2216,72,122,703,396,998,500,1974,659,1442,589,2127,717,1758,619,2145,760,2662,1099,1761,636,6560,1363,6717,1270,11125,1643,807,387
0500000US06059,6059,"Orange County, California",2010,986297,5154,2228,829,10673,1592,26478,2297,27448,2469,24064,1985,23381,2159,19961,2347,19487,1987,27866,2139,30310,2860,220621,6142,169032,6123,377147,6980,7601,1274
0500000US06061,6061,"Placer County, California",2010,131234,2692,80,102,820,366,2718,723,3670,760,4013,888,5512,1218,4504,1044,5323,1254,5218,1012,6787,1477,25453,2565,19833,2146,46285,2523,1018,434
0500000US06065,6065,"Riverside County, California",2010,670075,6112,3146,926,10133,1365,18738,2151,26260,2411,21086,1987,22222,2016,24059,2607,26759,2676,32179,2978,35054,2969,149739,6160,110824,4804,183376,4862,6500,1388
0500000US06067,6067,"Sacramento County, California",2010,514514,4461,1581,521,5356,974,17436,1661,19555,1783,16865,2103,16129,1736,25551,2281,31825,2688,34106,3009,30566,2854,123145,5700,80074,5023,106151,4261,6174,1235
0500000US06071,6071,"San Bernardino County, California",2010,594975,6295,3076,822,12640,1863,17867,2237,22016,2415,18991,2243,20823,2481,25830,2921,29828,3089,33791,3261,38080,3086,140188,5076,92991,4784,132537,4816,6317,1309
0500000US06073,6073,"San Diego County, California",2010,1061210,7516,3960,936,11795,1825,27513,2248,30531,2735,25338,2367,25999,2357,27167,2257,35936,2829,48088,3663,49553,3359,239887,7644,180837,5913,342850,6465,11756,1600
0500000US06075,6075,"San Francisco County, California",2010,336012,4358,703,379,3105,826,13322,1789,11295,1579,10444,1761,13705,1546,11876,1554,10325,1473,11138,1927,12112,1962,62792,3965,52107,3266,117604,4382,5484,1390
0500000US06077,6077,"San Joaquin County, California",2010,215469,3657,470,368,2484,875,7645,1237,7412,1145,6896,1263,7645,1300,11638,1502,11140,1604,13369,2082,12425,1796,49161,3486,34469,3003,46402,3011,4313,1195
0500000US06079,6079,"San Luis Obispo County, California",2010,99653,2679,422,278,1605,564,3471,763,3097,867,5217,1168,3997,1241,2738,860,4739,985,5586,1283,4884,1108,20127,1839,14020,1917,27476,2161,2274,751
0500000US06081,6081,"San Mateo County, California",2010,257509,2547,819,515,1401,483,4834,889,7523,1122,6992,1057,4660,861,4814,1075,5181,1057,7216,1355,5987,1270,54045,3410,36297,2764,114747,4188,2993,1015
0500000US06083,6083,"Santa Barbara County, California",2010,140842,2337,515,278,1762,582,5594,1079,5058,935,4862,922,4129,1045,4611,1107,5324,1027,7250,1604,6116,1201,28194,2187,23575,2416,40580,2603,3272,914
0500000US06085,6085,"Santa Clara County, California",2010,599235,3770,1409,573,3823,742,14303,1756,17004,1695,15916,1502,16086,1723,14543,1978,12728,1797,17419,1998,20713,2548,114434,5460,93258,4798,252299,4771,5300,1144
0500000US06087,6087,"Santa Cruz County, California",2010,91264,4582,171,191,1209,511,3543,954,3845,1122,3122,924,2835,768,2941,803,2973,1094,3203,748,3676,1056,16068,2176,13399,1880,32301,2482,1978,824
0500000US06089,6089,"Shasta County, California",2010,67909,2340,746,488,2054,694,3491,828,4872,1004,3430,950,3406,923,4131,966,4287,979,3922,1136,3196,925,15033,1778,9460,1771,8747,1318,1134,553
0500000US06095,6095,"Solano County, California",2010,140202,2400,266,164,1636,528,4253,914,5502,936,4421,795,4735,1004,3573,1075,4913,1266,4492,1115,6394,1352,31034,2498,26287,2523,40492,2823,2204,909
0500000US06097,6097,"Sonoma County, California",2010,185711,2464,599,442,3749,1097,4842,1101,5578,1087,6304,1094,6880,1199,5372,1026,6358,1384,8416,1412,7948,1196,40784,2880,28761,2685,57088,3113,3032,914
0500000US06099,6099,"Stanislaus County, California",2010,165761,2304,670,363,2731,725,6121,1276,6954,1204,5891,1021,6933,1220,8069,1491,7786,1407,10820,1713,10951,1665,40722,2967,24738,2362,29748,2534,3627,978
0500000US06101,6101,"Sutter County, California",2010,32066,932,167,148,591,303,1334,507,1559,506,1807,767,2050,710,2152,740,2911,820,1813,730,2058,781,6382,1257,4905,979,3783,903,554,312
0500000US06107,6107,"Tulare County, California",2010,129590,2227,646,321,2742,717,6934,1098,7648,1280,7109,1042,8003,1180,8553,1328,10167,1668,9579,1391,9293,1435,29701,2574,13085,1690,13290,1681,2840,625
0500000US06111,6111,"Ventura County, California",2010,265904,3691,1623,776,3040,993,7510,1375,8703,1177,7371,1412,7299,1266,7410,1218,6934,1395,7530,1212,9354,1765,47178,3221,43888,3448,105669,3984,2395,745
0500000US06113,6113,"Yolo County, California",2010,68585,4168,423,391,1147,452,2976,890,2369,614,3091,871,2264,575,3235,855,3512,935,3591,926,3854,1052,13674,1931,10952,2239,16527,1691,970,488
0500000US06115,6115,"Yuba County, California",2010,23175,1608,199,256,421,291,1465,642,1142,498,1144,500,1154,517,1704,676,1941,793,1171,525,1209,553,4400,988,2897,758,3762,851,566,306
0500000US06001,6001,"Alameda County, California",2011,545559,3859,1380,544,3254,742,17630,2121,15390,1734,15221,1586,14942,1874,13933,1766,18050,1956,22547,2720,23013,2356,115693,5346,88356,4669,186907,5294,9243,1453
0500000US06007,6007,"Butte County, California",2011,83634,2139,485,265,2724,803,4219,847,4434,864,4193,1181,5212,1147,5589,1160,6955,1557,5692,1349,6283,1457,16057,1796,10104,1630,9110,1616,2577,1141
0500000US06013,6013,"Contra Costa County, California",2011,376326,3606,493,366,1940,684,8369,1391,10824,1502,11118,1686,10689,1607,9220,1777,9265,1818,14038,2433,13901,2144,77071,4848,55271,4851,150846,5664,3281,833
0500000US06017,6017,"El Dorado County, California",2011,68111,2157,236,194,957,492,828,396,2534,690,2513,741,2685,855,4115,1157,2505,816,3262,823,3703,903,10786,1670,8509,1320,23688,2077,1790,891
0500000US06019,6019,"Fresno County, California",2011,286255,3145,966,624,4913,1119,12388,1758,12058,1640,11863,1608,15470,1862,20812,2047,21964,2243,23138,2569,19339,1962,66246,3433,36670,3261,34208,2539,6220,1231
0500000US06023,6023,"Humboldt County, California",2011,51183,1614,279,188,663,337,4025,911,3837,819,3394,761,3129,901,3026,698,3115,821,2760,927,3551,921,9158,1362,5592,1240,7278,1288,1376,417
0500000US06025,6025,"Imperial County, California",2011,48790,1415,262,264,1120,391,2784,637,3735,1076,2974,729,4224,1037,3074,961,2508,782,3900,777,2452,793,10958,1501,6277,1216,3352,957,1170,462
0500000US06029,6029,"Kern County, California",2011,254761,4248,1386,499,5354,1306,11892,1704,13071,1916,13560,1728,15385,2321,18032,2167,19005,2612,16980,2460,17841,2368,58650,4087,31277,2978,27181,2339,5147,1181
0500000US06031,6031,"Kings County, California",2011,40800,1221,75,93,1001,518,2067,684,2238,607,1693,558,1526,565,2121,696,2326,718,2838,773,2405,661,11125,1387,5923,1097,3894,865,1568,487
0500000US06033,6033,"Lake County, California",2011,28885,1434,147,209,867,447,1478,682,1699,751,1717,615,2511,1030,2141,887,1105,658,1562,656,1709,808,7094,1452,2549,724,3327,788,979,561
0500000US06037,6037,"Los Angeles County, California",2011,3201795,8979,6717,1171,24654,1957,91995,4837,87593,3929,86207,4280,87299,4054,102915,4501,140600,5481,164416,6037,192315,6396,807669,12763,500127,11661,864795,12144,44493,3610
0500000US06039,6039,"Madera County, California",2011,40786,1990,507,440,1138,606,1947,611,1744,612,1992,630,3306,825,2819,927,2832,988,2822,878,2292,779,8098,1550,4479,982,4757,1183,2053,749
0500000US06041,6041,"Marin County, California",2011,101723,2068,69,88,600,379,2237,763,3454,1072,2422,799,1330,473,2751,767,3120,864,2148,623,3917,1184,18113,2652,14551,1948,45596,2722,1415,676
0500000US06045,6045,"Mendocino County, California",2011,32497,1401,246,216,893,504,2348,977,1680,560,2232,679,2127,713,1289,506,1691,613,1709,717,1864,694,6600,1248,3404,892,5387,1282,1027,549
0500000US06047,6047,"Merced County, California",2011,74833,1512,128,139,1582,484,2966,696,3764,913,3967,874,5275,1079,4983,958,6011,1266,5899,1438,4853,1000,18931,1991,7819,1355,6058,1141,2597,775
0500000US06053,6053,"Monterey County, California",2011,123757,2994,638,432,986,460,3070,678,3925,903,4628,990,3877,933,4641,979,4767,1010,5440,1303,7487,1513,34585,2715,18053,1736,29608,2340,2052,647
0500000US06055,6055,"Napa County, California",2011,49933,1264,321,226,306,259,1648,601,1323,510,1470,609,1299,493,1573,627,1610,593,1967,596,3240,1196,10385,1520,8632,1598,14634,1579,1525,717
0500000US06057,6057,"Nevada County, California",2011,41171,2156,163,169,106,122,1206,457,1373,407,1964,735,1593,540,1710,683,2357,898,1675,610,1805,745,7373,1454,5692,1127,13339,1902,815,455
0500000US06059,6059,"Orange County, California",2011,992855,5422,3386,796,8529,1202,23696,2053,24426,2062,25542,2091,22644,2179,18230,1975,22484,2049,24824,2457,30878,2674,217034,6699,179995,6427,381609,7024,9578,1524
0500000US06061,6061,"Placer County, California",2011,133290,2395,34,56,1096,429,2783,961,3831,1041,6276,1161,4172,1205,5021,1309,6618,1486,4596,1062,6433,1374,23874,2407,23557,2899,43541,2869,1458,811
0500000US06065,6065,"Riverside County, California",2011,684794,6855,2557,821,9081,1643,22963,2308,23661,2669,23746,2501,23557,2703,26875,2416,30588,3094,35557,3782,33893,3178,153556,5888,114970,6865,174998,6468,8792,1847
0500000US06067,6067,"Sacramento County, California",2011,510517,5153,1225,493,6711,1020,15764,1678,18497,1959,18527,2308,17309,1808,29044,2627,31788,2873,32062,2600,29789,2171,127026,5009,84409,4676,91210,4179,7156,1682
0500000US06071,6071,"San Bernardino County, California",2011,609702,6121,2553,863,9751,1673,23090,2815,21667,2366,18614,2374,19519,2458,25223,2979,32164,3537,31046,3127,38120,4767,157174,6775,95106,5670,128489,5336,7186,1549
0500000US06073,6073,"San Diego County, California",2011,1061056,6785,4102,858,12650,1303,27698,2441,27643,2365,27406,2524,27063,2365,29381,2917,39731,2803,50785,4098,53130,3836,241595,7119,179351,7206,326464,6863,14057,2031
0500000US06075,6075,"San Francisco County, California",2011,342706,3616,653,336,2980,931,12901,1536,10055,1774,13625,1965,11542,1827,10239,1428,9690,1729,12216,1768,12337,1932,61239,4197,58263,4206,121156,4371,5810,1140
0500000US06077,6077,"San Joaquin County, California",2011,213749,2467,593,317,3098,813,6863,1138,8351,1499,10172,1384,11262,1700,10353,1774,11565,1680,12684,2047,12598,1823,47714,3127,34641,3464,40321,3267,3534,1079
0500000US06079,6079,"San Luis Obispo County, California",2011,101179,2748,330,192,1683,672,2657,819,3586,890,4075,1045,3940,943,5325,1261,3949,1019,3384,978,3875,1002,23573,2580,15284,2021,26191,2010,3327,974
0500000US06081,6081,"San Mateo County, California",2011,256526,2321,384,241,1923,660,4540,960,7431,1043,6559,1093,7538,1329,5775,1013,5086,976,6448,1421,5517,1121,45068,3262,42993,3633,114149,3975,3115,836
0500000US06083,6083,"Santa Barbara County, California",2011,140889,2147,392,310,1733,626,3383,751,4639,896,4726,926,4207,960,5080,1093,5887,1420,6650,1205,5666,1209,30389,2378,24601,2016,40844,2437,2692,937
0500000US06085,6085,"Santa Clara County, California",2011,606459,3374,1392,644,5895,1212,13570,1747,13727,1737,15114,1690,17320,1844,15051,1797,12304,1600,15701,2079,19057,2029,116713,5948,98452,4960,256065,4982,6098,1364
0500000US06087,6087,"Santa Cruz County, California",2011,94775,2073,182,155,890,600,2950,785,3901,997,3672,938,3490,788,2907,870,3135,991,2863,766,3150,980,17792,2321,16043,2056,33054,2359,746,395
0500000US06089,6089,"Shasta County, California",2011,69102,2048,367,250,1848,684,3651,890,4371,827,4868,1088,4090,876,4236,1054,4195,1085,5009,1194,4238,1117,13219,1804,8497,1274,9005,1669,1508,719
0500000US06095,6095,"Solano County, California",2011,139992,2229,578,400,1509,467,3895,843,5978,1229,3944,965,4319,963,3976,1121,4658,969,7493,1712,6608,1487,29307,2638,24156,2198,41286,2800,2285,945
0500000US06097,6097,"Sonoma County, California",2011,180703,3148,446,326,2252,676,5483,977,5307,1028,7149,1092,6869,1216,5771,1137,5698,1193,6726,1151,9440,1627,38428,3050,31414,2691,52042,3590,3678,945
0500000US06099,6099,"Stanislaus County, California",2011,167860,2094,377,350,2351,799,5806,1044,7656,1378,7522,1446,6359,1301,9808,1540,11282,1887,11879,2106,11868,1785,44146,3099,24373,2729,21078,1966,3355,990
0500000US06101,6101,"Sutter County, California",2011,31673,919,206,237,724,496,1387,490,1424,602,1355,548,1787,635,1847,736,2072,676,1525,478,993,443,8268,1269,4536,992,4411,1092,1138,580
0500000US06107,6107,"Tulare County, California",2011,131890,1864,571,330,2534,730,6107,1091,5729,1190,8009,1264,9551,1491,11405,1578,11290,1402,10328,1625,9598,1606,28757,2522,12755,2169,11791,1637,3465,740
0500000US06111,6111,"Ventura County, California",2011,265492,2489,914,466,3146,777,7207,1190,7374,1173,7028,979,6304,1110,6098,988,7578,1283,7866,1310,8274,1391,48871,3664,42886,2980,109408,3426,2538,777
0500000US06113,6113,"Yolo County, California",2011,70101,1692,150,169,1014,530,2129,636,2867,1074,2911,884,1988,965,3377,850,3872,1083,5044,1118,4586,1144,13904,2189,11055,1648,16227,1986,977,500
0500000US06115,6115,"Yuba County, California",2011,23745,1264,71,90,714,365,1119,480,1111,494,908,365,1831,721,2078,646,1856,702,1247,664,1292,648,5153,1000,3454,838,2048,775,863,421
0500000US06001,6001,"Alameda County, California",2012,548274,3439,847,436,3644,797,15562,1683,17299,1701,17357,1930,15344,1770,14703,1559,19275,1676,20865,1896,21741,2073,124201,4543,90459,4930,180523,4864,6454,1046
0500000US06007,6007,"Butte County, California",2012,85388,1774,489,254,2187,619,5121,991,4170,780,3398,816,5947,1252,6602,1188,6326,1432,5794,1113,5991,1071,17850,1828,10791,1368,8722,1236,2000,652
0500000US06013,6013,"Contra Costa County, California",2012,380397,3088,797,517,3122,759,9420,1442,10051,1650,9451,1576,7934,1142,10537,1633,9547,1525,13227,1818,15292,1660,74472,4142,62734,3005,148873,4383,4940,1026
0500000US06017,6017,"El Dorado County, California",2012,65558,2265,67,103,776,572,1168,565,1781,590,1887,528,3208,672,2649,749,3269,713,3722,1049,3000,969,12422,1668,9103,1257,21458,2173,1048,584
0500000US06019,6019,"Fresno County, California",2012,292280,2681,1745,731,4487,967,11191,1673,13259,1560,11491,1671,18259,1665,20750,1878,24333,2470,24702,2540,19988,2537,70506,4055,32674,3143,32713,2348,6182,1049
0500000US06023,6023,"Humboldt County, California",2012,52241,1821,275,177,1022,387,2280,662,2807,589,3030,680,3920,786,4999,972,2900,908,3926,930,3067,765,10287,1388,6546,1052,5831,1173,1351,550
0500000US06025,6025,"Imperial County, California",2012,46747,1674,434,368,1316,470,2069,704,3243,782,3366,707,4179,1192,4382,1031,3089,792,2806,863,2376,915,9875,1679,5479,1148,2525,757,1608,561
0500000US06029,6029,"Kern County, California",2012,255967,3215,1266,616,4120,904,10656,1400,12212,1723,13610,1679,15774,1803,18632,2017,18909,2322,17789,1926,17578,2251,65240,3881,31240,2542,23825,2164,5116,1186
0500000US06031,6031,"Kings County, California",2012,40376,1216,184,191,771,359,1496,419,2338,751,1956,513,1747,625,3867,831,3795,921,2590,699,2240,639,10081,1259,4614,889,3560,842,1137,361
0500000US06033,6033,"Lake County, California",2012,26228,1561,7,13,848,417,1498,658,1657,635,1510,575,1914,583,2769,904,2035,784,2242,930,516,312,6217,1136,2457,806,2239,753,319,230
0500000US06037,6037,"Los Angeles County, California",2012,3231660,7188,7377,1225,26064,2207,84673,3637,79412,3385,88032,3784,91137,3732,100867,4161,139717,5209,169915,5441,199833,6393,818953,10903,522873,9828,861863,11396,40944,2470
0500000US06039,6039,"Madera County, California",2012,41035,1666,209,187,1139,484,1598,626,1830,658,2359,707,1543,702,3340,895,2406,625,2828,793,3263,938,9319,1434,5254,1079,3997,778,1950,851
0500000US06041,6041,"Marin County, California",2012,102427,1729,221,225,531,296,1897,641,1734,656,2444,724,2855,745,2338,634,2893,918,2808,568,3186,821,16679,1895,17211,2302,46318,2798,1312,508
0500000US06045,6045,"Mendocino County, California",2012,35203,1046,214,173,680,317,1660,556,2187,632,3162,888,2291,653,2617,749,2435,774,2283,745,1562,630,7681,1401,3739,891,3541,727,1151,523
0500000US06047,6047,"Merced County, California",2012,76451,1882,209,133,1633,584,2979,620,3049,808,3853,954,4939,961,5065,964,6754,1305,5804,1265,6182,1418,19902,2100,7873,1167,5679,1093,2530,707
0500000US06053,6053,"Monterey County, California",2012,124171,1866,208,186,1416,545,3746,851,4097,781,3211,674,3204,777,3287,771,5261,973,7075,1115,9246,1701,32032,2056,20136,2076,30024,2267,1228,432
0500000US06055,6055,"Napa County, California",2012,48224,1493,206,149,639,258,1310,393,1626,510,2076,541,1659,664,1370,526,1596,491,1719,469,1667,508,9080,1220,8142,925,16059,1330,1075,395
0500000US06057,6057,"Nevada County, California",2012,41632,1877,223,206,260,211,1028,523,2079,570,2675,898,2401,779,1688,619,1813,631,1729,604,2338,838,7247,1228,7184,1228,10149,1243,818,492
0500000US06059,6059,"Orange County, California",2012,995368,4462,2515,616,8419,1269,23175,2171,25102,2091,27030,2076,24453,1830,19574,1827,20574,2136,22397,1943,31653,3095,217547,5711,194206,6529,368963,6761,9760,1402
0500000US06061,6061,"Placer County, California",2012,133093,1903,346,238,1230,548,2309,575,3412,659,3533,821,5184,1074,4623,866,4586,827,5947,1267,6788,1308,26990,2079,24455,2171,42361,2663,1329,471
0500000US06065,6065,"Riverside County, California",2012,685260,5695,3056,884,10040,1235,21322,1880,22785,2101,22545,2139,25224,2607,27135,2302,30552,2767,36594,2573,38017,3147,158525,5211,124237,4419,156017,5066,9211,1403
0500000US06067,6067,"Sacramento County, California",2012,516645,4256,1224,450,5773,817,14310,1660,15983,1546,19118,1873,19126,1807,26530,2351,30744,2535,38843,3214,31055,2244,131945,4633,88488,4119,87567,4002,5939,1493
0500000US06071,6071,"San Bernardino County, California",2012,600688,4919,2594,689,10470,1289,16698,1653,22924,2177,19737,1883,20300,2428,27144,2770,29180,2832,33870,2973,38481,3400,164111,6827,102294,5234,104076,4323,8809,1425
0500000US06073,6073,"San Diego County, California",2012,1079653,5725,4567,991,11340,1599,27609,2243,27561,2348,29173,2534,26585,2046,27606,2462,37571,2710,48927,3401,55398,3659,250568,6849,188669,6711,331295,7034,12784,1456
0500000US06075,6075,"San Francisco County, California",2012,346842,3718,1509,803,3917,994,13659,1968,10200,1316,11947,1764,11063,1456,10602,1572,10212,1775,9894,1364,8783,1388,57857,3606,58807,4129,133394,4683,4998,1366
0500000US06077,6077,"San Joaquin County, California",2012,215761,2366,1345,641,2695,680,7264,1225,8381,1311,8629,1328,9572,1453,11475,1563,14141,1759,11360,1567,12636,1505,53730,3225,35456,3168,34667,2625,4410,917
0500000US06079,6079,"San Luis Obispo County, California",2012,101897,2448,415,322,972,415,3168,781,3844,810,3611,953,3743,772,3908,1160,3834,885,4888,1162,6609,1233,23099,2415,15713,1795,25947,2034,2146,820
0500000US06081,6081,"San Mateo County, California",2012,258888,2061,152,114,2233,776,3321,823,6846,1034,7630,1143,6196,1065,5073,1066,4446,991,6421,1128,4729,1186,49530,3377,43176,3122,115868,3407,3267,877
0500000US06083,6083,"Santa Barbara County, California",2012,141639,1840,600,276,2474,849,4335,894,4580,913,4005,802,5129,895,3860,856,5066,944,6381,1391,7230,1270,30077,2020,26900,2494,39127,2255,1875,518
0500000US06085,6085,"Santa Clara County, California",2012,613810,2881,836,404,4352,912,12001,1303,15722,1892,16052,1575,16099,1630,14672,1431,13269,1665,14701,1497,17253,1924,108485,4306,105928,5147,269209,5155,5231,1061
0500000US06087,6087,"Santa Cruz County, California",2012,93253,1926,272,136,607,312,2456,606,2941,708,3153,796,3108,789,2977,726,2208,795,2699,929,3872,1008,16232,2158,16950,2213,34697,2310,1081,436
0500000US06089,6089,"Shasta County, California",2012,68165,1837,282,258,1474,545,3018,782,4002,725,4286,963,3598,688,4165,827,4048,885,5347,983,4500,1101,16515,1564,7912,1168,7818,1268,1200,567
0500000US06095,6095,"Solano County, California",2012,141139,1964,390,302,1943,700,3727,741,4034,928,5339,1039,4390,826,3807,1039,4054,887,5587,1342,7499,1239,36122,2500,25710,1872,36380,1933,2157,903
0500000US06097,6097,"Sonoma County, California",2012,184348,2755,817,359,1649,546,4319,817,6733,1185,5854,1073,3753,737,4416,879,7444,1240,7888,1425,9406,1482,45961,2759,29976,2384,53120,2845,3012,826
0500000US06099,6099,"Stanislaus County, California",2012,167497,1822,218,129,2030,660,5079,1066,7436,1069,6062,984,7429,1468,8343,1306,9366,1646,14610,1892,11004,1702,43286,2730,26897,2675,22024,2051,3713,1013
0500000US06101,6101,"Sutter County, California",2012,31259,652,179,185,470,300,1203,483,1177,431,1606,610,2541,734,2166,689,2058,587,2071,617,1598,494,7452,1096,4230,947,3768,814,740,377
0500000US06107,6107,"Tulare County, California",2012,132614,1493,583,323,2802,919,7149,1219,7727,1098,7350,1204,7577,1337,10000,1799,9908,1570,10523,1563,8718,1602,30667,2452,14116,1904,11767,1430,3727,893
0500000US06111,6111,"Ventura County, California",2012,267877,1850,682,341,2779,712,6896,1203,7947,1097,7429,1378,6493,1110,6531,1193,6880,1064,7465,1156,8566,1355,51124,3108,49238,3260,103046,3761,2801,762
0500000US06113,6113,"Yolo County, California",2012,71568,1351,502,421,862,353,2094,704,2513,738,2781,846,3460,826,3770,1011,3629,1115,3448,938,5239,973,17861,1660,10688,1367,13769,1481,952,488
0500000US06115,6115,"Yuba County, California",2012,24842,901,301,299,471,280,1180,504,1120,470,919,411,1362,635,1633,659,1741,559,1889,669,1502,538,5544,1140,3725,842,2620,819,835,466
0500000US06001,6001,"Alameda County, California",2013,555909,3185,1849,549,5399,956,14348,1831,12995,1528,15576,1657,15241,1686,16174,1750,16996,1948,19960,1975,24628,2246,120491,5071,98738,4321,186638,4874,6876,1221
0500000US06007,6007,"Butte County, California",2013,85158,1861,607,345,2015,553,4152,841,3793,746,4604,857,5370,940,7102,1385,8419,1517,5928,1251,6117,1207,18856,2169,8389,1479,8068,1377,1738,809
0500000US06013,6013,"Contra Costa County, California",2013,382356,2597,1245,406,3718,700,8880,1311,11178,1476,11714,1784,12215,1697,8838,1543,11702,1781,12367,1944,14462,2065,77177,4328,63885,4006,141557,4496,3418,715
0500000US06017,6017,"El Dorado County, California",2013,66751,2444,321,337,851,497,1795,979,2110,777,2939,865,3826,1096,3223,861,2209,796,3134,708,3469,1040,11359,1703,9621,1431,19923,2076,1971,850
0500000US06019,6019,"Fresno County, California",2013,293517,3025,1465,484,5810,1078,10494,1401,13225,1585,14980,1975,18053,1929,21794,2172,25276,2413,22147,2613,19612,2403,70171,3774,35748,2930,29026,2036,5716,1334
0500000US06023,6023,"Humboldt County, California",2013,53191,1624,331,256,1442,416,3705,935,2936,762,2720,750,3094,926,4096,980,4356,1030,2685,835,2752,711,12140,1525,5921,1004,4977,979,2036,847
0500000US06025,6025,"Imperial County, California",2013,47430,1637,665,412,1585,573,3656,875,2549,734,2958,796,3472,986,3693,1210,3949,1038,2877,1126,2228,790,10761,1673,6067,1526,1673,693,1297,613
0500000US06029,6029,"Kern County, California",2013,257183,3334,836,477,4368,1152,10335,1490,11473,1616,14415,1705,14531,1776,20953,2609,20116,2591,16890,2132,19649,2400,63359,3819,32749,2926,22589,2165,4920,1262
0500000US06031,6031,"Kings County, California",2013,41813,1167,126,203,1117,544,2382,750,2575,674,2048,762,2489,823,3948,1029,3061,869,2943,845,2177,709,9900,1651,4168,943,4023,1023,856,367
0500000US06033,6033,"Lake County, California",2013,26194,1356,199,196,641,382,1802,668,1477,643,1291,504,1254,539,1097,518,1844,721,1850,651,1838,665,6414,1067,4115,1112,1647,672,725,407
0500000US06037,6037,"Los Angeles County, California",2013,3247705,7125,11418,1368,29512,2573,85641,3536,83645,3973,88758,3882,90951,4208,102528,4676,129615,4764,164631,5939,192903,7215,832615,11312,545547,11529,845232,11687,44709,3641
0500000US06039,6039,"Madera County, California",2013,44549,1512,110,131,1134,487,2021,609,2644,775,2746,778,2135,695,2217,714,3000,725,2862,978,3440,1035,12474,1839,4766,1142,3691,968,1309,578
0500000US06041,6041,"Marin County, California",2013,102847,1783,47,79,1484,761,1720,589,2532,717,2225,605,2310,622,1964,545,1917,604,2774,814,2286,655,16565,1812,13928,1835,51677,2493,1418,640
0500000US06045,6045,"Mendocino County, California",2013,33609,1411,49,51,1324,589,1804,648,2227,574,2089,771,1978,649,1523,589,1633,784,1691,652,2774,825,7402,1365,3673,961,4123,903,1319,471
0500000US06047,6047,"Merced County, California",2013,77651,1744,84,130,2257,665,4084,1071,4503,1072,3729,926,4449,983,6332,1139,5765,1232,5660,1270,6061,1174,21226,2118,7246,1369,4461,891,1794,528
0500000US06053,6053,"Monterey County, California",2013,125553,1864,256,209,1035,373,3726,1093,4709,961,4056,972,3952,800,5299,981,4383,1021,4435,970,7214,1294,32923,2721,20133,1828,31540,2256,1892,661
0500000US06055,6055,"Napa County, California",2013,47482,1286,0,203,618,332,1361,504,983,393,843,309,1576,531,1390,375,2258,591,2015,639,1903,671,10484,1327,6860,1028,16253,1406,938,425
0500000US06057,6057,"Nevada County, California",2013,39115,1869,78,135,487,268,1055,492,1586,592,1596,662,1348,504,2043,667,2133,706,1868,759,1192,554,9321,1457,6072,1288,9176,1514,1160,706
0500000US06059,6059,"Orange County, California",2013,1003790,4885,3589,897,11025,1700,23867,2042,26904,2104,28987,2270,22591,2191,20524,1746,20825,2142,26170,2575,29933,2789,208913,6240,191532,6513,378295,8010,10635,1651
0500000US06061,6061,"Placer County, California",2013,134284,1821,474,301,1509,604,2507,648,4183,899,4047,829,4595,1090,4747,930,4298,1094,5444,1094,6152,1365,26389,2212,25146,2093,43643,2809,1150,475
0500000US06065,6065,"Riverside County, California",2013,693585,6252,3272,776,11593,1796,18906,1868,23275,2176,24755,2470,25667,2392,29305,2910,31073,2373,34323,2501,39308,3063,174510,5862,123472,4823,144335,5814,9791,1533
0500000US06067,6067,"Sacramento County, California",2013,520580,4475,1809,581,7966,1314,15625,1554,17560,1796,16954,1930,20298,2233,29034,2597,31499,3168,37211,2733,32380,2929,140216,5577,86159,4635,76527,4216,7342,1362
0500000US06071,6071,"San Bernardino County, California",2013,604090,5819,3339,802,9420,1373,19036,1803,23395,2174,22533,2015,22213,2527,24694,2556,30303,3229,33183,2896,39045,3380,164868,7005,100790,5052,102247,3830,9024,1650
0500000US06073,6073,"San Diego County, California",2013,1093386,5511,6826,1257,12625,1642,26326,2238,26988,2683,28380,2121,30492,2128,27618,2458,36205,3305,45133,3359,51864,3286,261657,7258,197184,6571,330271,6237,11817,1694
0500000US06075,6075,"San Francisco County, California",2013,354651,3606,2015,561,3345,906,13791,1615,11897,1844,13750,2038,10489,1592,10961,1640,10163,1791,13141,2157,10618,1641,58363,4016,53657,4045,137433,4477,5028,1050
0500000US06077,6077,"San Joaquin County, California",2013,216309,2949,1011,432,3543,785,6643,979,8226,1119,7728,1154,10406,1591,11169,1619,13405,1577,14872,1904,14692,1732,52388,3231,33006,2881,34421,2761,4799,1120
0500000US06079,6079,"San Luis Obispo County, California",2013,104669,2328,512,277,1121,401,4049,914,2589,739,4884,1088,3609,783,3792,841,4301,1140,6216,1456,6280,1405,25601,2694,15307,1956,24028,2339,2380,968
0500000US06081,6081,"San Mateo County, California",2013,258791,2229,321,220,2083,696,4857,909,7230,1133,6667,1096,4999,1054,6583,1363,7004,1364,6153,1257,4927,1114,40281,2825,44305,3221,120769,4118,2612,742
0500000US06083,6083,"Santa Barbara County, California",2013,140665,2428,775,375,1430,586,4487,892,4519,1044,4738,959,5253,1162,4552,925,4681,920,5885,1268,6517,1211,30415,2575,24431,2310,40317,2468,2665,968
0500000US06085,6085,"Santa Clara County, California",2013,619337,2673,2730,775,4945,1075,11679,1536,13774,1616,15721,1763,15254,1878,14604,1643,12116,1387,14861,1813,16723,1587,106832,4330,104972,4750,279698,5276,5428,1264
0500000US06087,6087,"Santa Cruz County, California",2013,93982,2069,345,292,711,366,2080,734,3117,897,4149,1139,3301,785,3988,946,3054,1013,3057,1152,3581,1058,17942,2103,14222,1557,33129,2409,1306,649
0500000US06089,6089,"Shasta County, California",2013,69729,1751,359,260,1824,524,2726,667,3580,906,3768,850,4892,1139,5136,955,5245,1135,4392,988,5083,1086,18228,1813,8376,1394,5235,836,885,354
0500000US06095,6095,"Solano County, California",2013,142577,1713,527,286,1060,474,4384,954,5462,1161,4980,946,4378,1056,3814,914,4448,1129,6404,1232,7522,1437,33797,2841,29550,2600,34593,2210,1658,505
0500000US06097,6097,"Sonoma County, California",2013,189087,2036,926,463,1877,602,6794,1286,5761,965,6454,1307,8237,1353,5440,1096,6296,1520,6955,1209,9215,1675,41326,3202,36015,2940,50439,2713,3352,1071
0500000US06099,6099,"Stanislaus County, California",2013,167411,1910,326,187,1464,437,5905,1082,7515,1310,6152,1108,8211,1498,8408,1683,12062,1882,13453,2100,14016,1961,47717,2919,20788,2463,17681,2166,3713,1071
0500000US06101,6101,"Sutter County, California",2013,31753,849,0,203,344,214,1068,399,1445,534,1686,630,1894,642,2080,575,2433,812,2218,675,1709,626,9307,1204,4497,860,2629,749,443,228
0500000US06107,6107,"Tulare County, California",2013,133409,2175,728,308,3367,807,5797,1239,6638,1257,6260,1225,9041,1506,11574,2199,9697,1425,10624,1527,11120,1910,33917,2538,12272,2044,9819,1689,2555,782
0500000US06111,6111,"Ventura County, California",2013,265788,2602,848,405,2394,588,6605,1019,7776,1088,7660,1228,7235,1337,8876,1383,6992,988,6373,1329,7186,1301,46402,2966,49514,3303,104761,3675,3166,743
0500000US06113,6113,"Yolo County, California",2013,71024,1660,187,179,832,459,1981,675,2347,616,2481,595,2846,760,4442,1062,2629,787,4060,1160,2937,844,19190,1796,12660,1884,12572,1434,1860,781
0500000US06115,6115,"Yuba County, California",2013,25053,1223,30,53,817,429,1271,526,398,275,2164,637,1147,523,1694,578,2510,879,1215,529,1039,570,6571,1241,3593,857,2007,793,597,376
