GeoID,Date,With cash rent:,With cash rent: - Less than $100,With cash rent: - $100 to $149,With cash rent: - $150 to $199,With cash rent: - $200 to $249,With cash rent: - $250 to $299,With cash rent: - $300 to $349,With cash rent: - $350 to $399,With cash rent: - $400 to $449,With cash rent: - $450 to $499,With cash rent: - $500 to $549,With cash rent: - $550 to $599,With cash rent: - $600 to $649,With cash rent: - $650 to $699,With cash rent: - $700 to $749,With cash rent: - $750 to $799,With cash rent: - $800 to $899,With cash rent: - $900 to $999,"With cash rent: - $1,000 to $1,249","With cash rent: - $1,250 to $1,499","With cash rent: - $1,500 to $1,999","With cash rent: - $2,000 or more",No cash rent
6001,12/31/2005,0.9690,0.0071,0.0074,0.0122,0.0169,0.0073,0.0108,0.0065,0.0159,0.0133,0.0170,0.0230,0.0253,0.0315,0.0375,0.0408,0.1135,0.1130,0.2211,0.1136,0.0985,0.0367,0.0310
6007,12/31/2005,0.9526,0.0280,0.0135,0.0115,0.0277,0.0191,0.0167,0.0291,0.0309,0.0505,0.0713,0.0755,0.0795,0.1127,0.0849,0.0373,0.0854,0.0637,0.0721,0.0319,0.0035,0.0078,0.0474
6013,12/31/2005,0.9647,0.0076,0.0048,0.0222,0.0153,0.0056,0.0116,0.0104,0.0103,0.0080,0.0165,0.0111,0.0119,0.0137,0.0277,0.0462,0.1133,0.1002,0.2455,0.1134,0.1314,0.0379,0.0353
6017,12/31/2005,0.9670,0.0000,0.0039,0.0000,0.0302,0.0000,0.0000,0.0084,0.0453,0.0513,0.0280,0.0208,0.0294,0.0192,0.0997,0.0393,0.1994,0.0698,0.1453,0.0871,0.0731,0.0167,0.0330
6019,12/31/2005,0.9436,0.0094,0.0122,0.0193,0.0227,0.0200,0.0336,0.0437,0.0544,0.0712,0.0985,0.0841,0.0832,0.0893,0.0585,0.0406,0.0786,0.0459,0.0493,0.0170,0.0050,0.0069,0.0564
6023,12/31/2005,0.9556,0.0020,0.0017,0.0067,0.0281,0.0257,0.0226,0.0228,0.1096,0.0912,0.1490,0.0808,0.0713,0.0927,0.0418,0.0199,0.0659,0.0389,0.0417,0.0302,0.0129,0.0000,0.0444
6025,12/31/2005,0.9437,0.0108,0.0268,0.0942,0.0712,0.0469,0.0347,0.0438,0.1054,0.0773,0.0737,0.0645,0.0713,0.0424,0.0216,0.0240,0.0519,0.0225,0.0419,0.0042,0.0147,0.0000,0.0563
6029,12/31/2005,0.9344,0.0030,0.0014,0.0161,0.0200,0.0303,0.0385,0.0583,0.0921,0.0985,0.1004,0.0869,0.0695,0.0653,0.0564,0.0253,0.0627,0.0323,0.0419,0.0262,0.0058,0.0033,0.0656
6031,12/31/2005,0.8696,0.0219,0.0256,0.0237,0.0228,0.0229,0.0539,0.0259,0.0744,0.0480,0.0964,0.0682,0.1008,0.0514,0.0572,0.0248,0.0587,0.0222,0.0358,0.0147,0.0205,0.0000,0.1304
6037,12/31/2005,0.9738,0.0039,0.0039,0.0100,0.0170,0.0072,0.0109,0.0125,0.0206,0.0222,0.0417,0.0406,0.0551,0.0554,0.0590,0.0601,0.1294,0.0962,0.1547,0.0751,0.0674,0.0310,0.0262
6039,12/31/2005,0.9094,0.0000,0.0166,0.0417,0.0273,0.0048,0.0776,0.0278,0.0415,0.1006,0.1198,0.0648,0.1405,0.0407,0.0389,0.0688,0.0533,0.0258,0.0190,0.0000,0.0000,0.0000,0.0906
6041,12/31/2005,0.9664,0.0042,0.0000,0.0154,0.0064,0.0066,0.0118,0.0052,0.0037,0.0089,0.0204,0.0066,0.0023,0.0055,0.0122,0.0067,0.0444,0.0648,0.2097,0.1658,0.2348,0.1312,0.0336
6045,12/31/2005,0.8972,0.0102,0.0250,0.0373,0.0047,0.0276,0.0412,0.0146,0.0388,0.0414,0.0423,0.0756,0.0921,0.0616,0.0843,0.0672,0.1277,0.0272,0.0404,0.0059,0.0276,0.0045,0.1028
6047,12/31/2005,0.9137,0.0000,0.0116,0.0264,0.0113,0.0139,0.0311,0.0604,0.0601,0.0574,0.0956,0.0699,0.0788,0.0473,0.0319,0.0528,0.1018,0.0519,0.0835,0.0130,0.0148,0.0000,0.0863
6053,12/31/2005,0.9553,0.0038,0.0051,0.0094,0.0244,0.0089,0.0057,0.0077,0.0157,0.0100,0.0280,0.0232,0.0217,0.0354,0.0515,0.0678,0.1032,0.1227,0.1577,0.0777,0.1245,0.0511,0.0447
6059,12/31/2005,0.9693,0.0012,0.0007,0.0075,0.0079,0.0053,0.0042,0.0054,0.0043,0.0043,0.0094,0.0068,0.0117,0.0133,0.0153,0.0221,0.0817,0.1132,0.2637,0.1782,0.1575,0.0555,0.0307
6061,12/31/2005,0.9679,0.0000,0.0094,0.0073,0.0146,0.0140,0.0084,0.0042,0.0039,0.0360,0.0128,0.0236,0.0349,0.0357,0.0285,0.0457,0.1687,0.1035,0.1796,0.1418,0.0807,0.0146,0.0321
6065,12/31/2005,0.9553,0.0014,0.0064,0.0123,0.0134,0.0144,0.0204,0.0193,0.0291,0.0246,0.0293,0.0408,0.0481,0.0675,0.0583,0.0671,0.1095,0.1023,0.1312,0.0809,0.0597,0.0193,0.0447
6067,12/31/2005,0.9721,0.0125,0.0049,0.0166,0.0123,0.0073,0.0108,0.0119,0.0138,0.0134,0.0243,0.0556,0.0520,0.0944,0.0881,0.0978,0.1461,0.0820,0.1272,0.0629,0.0314,0.0068,0.0279
6071,12/31/2005,0.9465,0.0065,0.0087,0.0091,0.0120,0.0081,0.0169,0.0121,0.0194,0.0254,0.0552,0.0577,0.0545,0.0483,0.0648,0.0522,0.1295,0.1011,0.1414,0.0685,0.0470,0.0078,0.0535
6073,12/31/2005,0.9650,0.0017,0.0017,0.0041,0.0157,0.0029,0.0050,0.0059,0.0131,0.0094,0.0146,0.0107,0.0304,0.0385,0.0441,0.0539,0.1237,0.1082,0.1949,0.1102,0.1292,0.0471,0.0350
6075,12/31/2005,0.9681,0.0069,0.0049,0.0091,0.0436,0.0174,0.0136,0.0144,0.0245,0.0168,0.0221,0.0238,0.0270,0.0269,0.0351,0.0243,0.0585,0.0724,0.1568,0.1101,0.1569,0.1029,0.0319
6077,12/31/2005,0.9532,0.0090,0.0117,0.0049,0.0157,0.0093,0.0183,0.0226,0.0194,0.0215,0.0506,0.0660,0.0810,0.0637,0.0752,0.0815,0.1430,0.0619,0.1072,0.0452,0.0343,0.0114,0.0468
6079,12/31/2005,0.9291,0.0000,0.0031,0.0053,0.0057,0.0015,0.0063,0.0062,0.0243,0.0107,0.0225,0.0119,0.0439,0.0472,0.0645,0.0743,0.1116,0.0707,0.1639,0.1237,0.0984,0.0335,0.0709
6081,12/31/2005,0.9728,0.0047,0.0030,0.0072,0.0059,0.0031,0.0064,0.0038,0.0028,0.0009,0.0110,0.0050,0.0067,0.0136,0.0250,0.0232,0.0779,0.0986,0.2357,0.1586,0.1873,0.0925,0.0272
6083,12/31/2005,0.9452,0.0060,0.0038,0.0133,0.0164,0.0093,0.0116,0.0103,0.0059,0.0102,0.0146,0.0157,0.0241,0.0409,0.0289,0.0380,0.1129,0.0780,0.1576,0.1251,0.1277,0.0948,0.0548
6085,12/31/2005,0.9688,0.0017,0.0020,0.0078,0.0078,0.0045,0.0060,0.0107,0.0061,0.0057,0.0094,0.0070,0.0166,0.0196,0.0184,0.0381,0.0943,0.0965,0.2272,0.1487,0.1672,0.0734,0.0312
6087,12/31/2005,0.9559,0.0084,0.0064,0.0125,0.0104,0.0082,0.0053,0.0095,0.0082,0.0314,0.0254,0.0164,0.0120,0.0211,0.0225,0.0433,0.0927,0.0514,0.2120,0.1341,0.1569,0.0677,0.0441
6089,12/31/2005,0.9680,0.0045,0.0218,0.0281,0.0229,0.0398,0.0166,0.0366,0.0578,0.0929,0.0735,0.0725,0.0845,0.0710,0.0565,0.0887,0.0749,0.0338,0.0709,0.0044,0.0057,0.0107,0.0320
6095,12/31/2005,0.9537,0.0033,0.0031,0.0212,0.0126,0.0062,0.0088,0.0000,0.0136,0.0070,0.0208,0.0085,0.0218,0.0307,0.0370,0.0450,0.1325,0.1174,0.2066,0.1388,0.0926,0.0260,0.0463
6097,12/31/2005,0.9649,0.0025,0.0026,0.0134,0.0254,0.0036,0.0140,0.0053,0.0154,0.0129,0.0152,0.0125,0.0223,0.0190,0.0231,0.0579,0.1542,0.1123,0.1640,0.1209,0.1238,0.0444,0.0351
6099,12/31/2005,0.9323,0.0115,0.0000,0.0128,0.0159,0.0164,0.0114,0.0103,0.0249,0.0389,0.0713,0.0877,0.0877,0.0825,0.0740,0.0693,0.0880,0.0614,0.1299,0.0277,0.0045,0.0065,0.0677
6101,12/31/2005,0.9215,0.0000,0.0254,0.0087,0.0285,0.0264,0.0159,0.0329,0.0240,0.0628,0.0939,0.0604,0.0482,0.0935,0.0332,0.0758,0.0840,0.0941,0.0751,0.0352,0.0034,0.0000,0.0785
6107,12/31/2005,0.9403,0.0040,0.0140,0.0347,0.0259,0.0291,0.0740,0.1045,0.0945,0.0750,0.0925,0.0747,0.0618,0.0650,0.0451,0.0410,0.0564,0.0279,0.0138,0.0031,0.0000,0.0030,0.0597
6111,12/31/2005,0.9552,0.0076,0.0049,0.0062,0.0162,0.0090,0.0099,0.0096,0.0129,0.0141,0.0186,0.0175,0.0175,0.0148,0.0274,0.0371,0.0797,0.0948,0.2051,0.1369,0.1596,0.0559,0.0448
6113,12/31/2005,0.9638,0.0088,0.0068,0.0187,0.0098,0.0048,0.0096,0.0048,0.0112,0.0102,0.0173,0.0316,0.0649,0.0622,0.0884,0.0603,0.1357,0.1103,0.1066,0.0749,0.1002,0.0268,0.0362
6115,12/31/2005,0.8059,0.0123,0.0009,0.0096,0.0243,0.0422,0.0486,0.0160,0.0741,0.0838,0.0670,0.0331,0.0833,0.0831,0.0503,0.0666,0.0255,0.0427,0.0183,0.0242,0.0000,0.0000,0.1941
6001,12/31/2006,0.9724,0.0083,0.0035,0.0106,0.0200,0.0081,0.0116,0.0093,0.0110,0.0108,0.0184,0.0154,0.0237,0.0300,0.0341,0.0441,0.0973,0.1166,0.2225,0.1116,0.1253,0.0402,0.0276
6007,12/31/2006,0.9580,0.0056,0.0018,0.0155,0.0196,0.0231,0.0143,0.0315,0.0598,0.0477,0.0625,0.0427,0.0796,0.0856,0.0708,0.0564,0.0815,0.0937,0.1014,0.0337,0.0251,0.0061,0.0420
6013,12/31/2006,0.9608,0.0095,0.0055,0.0140,0.0161,0.0028,0.0078,0.0067,0.0128,0.0081,0.0089,0.0090,0.0160,0.0128,0.0250,0.0289,0.0869,0.1323,0.2243,0.1235,0.1442,0.0657,0.0392
6017,12/31/2006,0.9612,0.0000,0.0071,0.0049,0.0044,0.0197,0.0000,0.0119,0.0182,0.0300,0.0453,0.0501,0.0530,0.0727,0.0437,0.0683,0.0934,0.1607,0.1460,0.0906,0.0411,0.0000,0.0388
6019,12/31/2006,0.9443,0.0080,0.0161,0.0176,0.0267,0.0188,0.0367,0.0341,0.0468,0.0646,0.0765,0.0802,0.0883,0.0792,0.0649,0.0618,0.0758,0.0466,0.0620,0.0238,0.0119,0.0038,0.0557
6023,12/31/2006,0.9294,0.0000,0.0029,0.0200,0.0115,0.0192,0.0125,0.0218,0.0688,0.0646,0.1092,0.0738,0.0696,0.0895,0.0686,0.0287,0.0788,0.0459,0.0627,0.0510,0.0289,0.0012,0.0706
6025,12/31/2006,0.9312,0.0183,0.0238,0.0514,0.0145,0.0275,0.0584,0.0454,0.0924,0.1108,0.0623,0.1219,0.0446,0.0570,0.0379,0.0318,0.0484,0.0208,0.0557,0.0052,0.0030,0.0000,0.0688
6029,12/31/2006,0.9533,0.0097,0.0057,0.0130,0.0239,0.0144,0.0421,0.0452,0.0681,0.0853,0.0765,0.0843,0.0999,0.0545,0.0615,0.0432,0.0739,0.0485,0.0657,0.0182,0.0154,0.0042,0.0467
6031,12/31/2006,0.8282,0.0000,0.0023,0.0202,0.0049,0.0010,0.0289,0.0933,0.0713,0.0699,0.1146,0.0442,0.1043,0.0466,0.0505,0.0248,0.0439,0.0265,0.0613,0.0035,0.0163,0.0000,0.1718
6037,12/31/2006,0.9754,0.0045,0.0028,0.0055,0.0165,0.0068,0.0084,0.0090,0.0163,0.0177,0.0329,0.0292,0.0457,0.0468,0.0613,0.0581,0.1206,0.1067,0.1708,0.0898,0.0831,0.0428,0.0246
6039,12/31/2006,0.9378,0.0028,0.0198,0.0099,0.0195,0.0105,0.0271,0.0529,0.0443,0.0562,0.0671,0.0492,0.0914,0.0532,0.0580,0.0493,0.0938,0.0776,0.1143,0.0339,0.0070,0.0000,0.0622
6041,12/31/2006,0.9738,0.0128,0.0000,0.0085,0.0073,0.0000,0.0000,0.0062,0.0130,0.0036,0.0035,0.0059,0.0273,0.0041,0.0191,0.0018,0.0468,0.0342,0.1853,0.2028,0.2424,0.1494,0.0262
6045,12/31/2006,0.8933,0.0000,0.0443,0.0192,0.0340,0.0085,0.0382,0.0246,0.0293,0.0303,0.0408,0.0300,0.0743,0.0406,0.0320,0.0625,0.1415,0.0566,0.1414,0.0072,0.0378,0.0000,0.1067
6047,12/31/2006,0.9350,0.0036,0.0044,0.0124,0.0158,0.0101,0.0434,0.0445,0.0407,0.0404,0.1253,0.0340,0.0770,0.0970,0.0486,0.0204,0.1055,0.0620,0.1327,0.0132,0.0000,0.0040,0.0650
6053,12/31/2006,0.9557,0.0000,0.0011,0.0114,0.0183,0.0079,0.0150,0.0100,0.0255,0.0107,0.0262,0.0212,0.0311,0.0266,0.0440,0.0495,0.1230,0.1117,0.1999,0.0883,0.0938,0.0404,0.0443
6055,12/31/2006,0.9188,0.0000,0.0052,0.0129,0.0023,0.0139,0.0075,0.0037,0.0058,0.0109,0.0219,0.0413,0.0187,0.0362,0.0849,0.0553,0.0614,0.0787,0.1886,0.0770,0.1673,0.0253,0.0812
6057,12/31/2006,0.9803,0.0056,0.0000,0.0129,0.0000,0.0000,0.0102,0.0013,0.0284,0.0482,0.0600,0.0063,0.0370,0.0234,0.0734,0.0550,0.0816,0.0711,0.2703,0.1339,0.0481,0.0137,0.0197
6059,12/31/2006,0.9764,0.0011,0.0020,0.0052,0.0116,0.0061,0.0038,0.0038,0.0039,0.0024,0.0071,0.0066,0.0077,0.0095,0.0136,0.0174,0.0739,0.0856,0.2489,0.1769,0.1965,0.0929,0.0236
6061,12/31/2006,0.9625,0.0018,0.0032,0.0074,0.0074,0.0113,0.0045,0.0095,0.0116,0.0015,0.0218,0.0071,0.0482,0.0633,0.0163,0.0489,0.1573,0.1555,0.1925,0.1072,0.0685,0.0176,0.0375
6065,12/31/2006,0.9567,0.0019,0.0032,0.0135,0.0079,0.0069,0.0215,0.0187,0.0235,0.0217,0.0339,0.0373,0.0502,0.0349,0.0502,0.0550,0.1067,0.1080,0.1603,0.0839,0.0921,0.0254,0.0433
6067,12/31/2006,0.9700,0.0068,0.0073,0.0081,0.0126,0.0065,0.0098,0.0135,0.0156,0.0190,0.0287,0.0412,0.0565,0.0791,0.0712,0.0763,0.1436,0.0880,0.1556,0.0766,0.0394,0.0148,0.0300
6071,12/31/2006,0.9644,0.0052,0.0041,0.0058,0.0126,0.0088,0.0120,0.0164,0.0219,0.0181,0.0410,0.0346,0.0497,0.0549,0.0628,0.0602,0.1339,0.0946,0.1635,0.0781,0.0698,0.0165,0.0356
6073,12/31/2006,0.9668,0.0020,0.0021,0.0033,0.0143,0.0049,0.0066,0.0051,0.0095,0.0084,0.0160,0.0095,0.0235,0.0350,0.0413,0.0501,0.1074,0.1043,0.1957,0.1235,0.1465,0.0581,0.0332
6075,12/31/2006,0.9693,0.0052,0.0101,0.0081,0.0347,0.0174,0.0195,0.0112,0.0179,0.0157,0.0205,0.0155,0.0316,0.0242,0.0313,0.0236,0.0604,0.0601,0.1510,0.1219,0.1651,0.1241,0.0307
6077,12/31/2006,0.9451,0.0055,0.0063,0.0132,0.0119,0.0099,0.0160,0.0180,0.0195,0.0288,0.0489,0.0459,0.0910,0.0766,0.0642,0.0723,0.1219,0.0731,0.1167,0.0695,0.0235,0.0122,0.0549
6079,12/31/2006,0.9256,0.0013,0.0000,0.0068,0.0121,0.0115,0.0142,0.0089,0.0058,0.0047,0.0317,0.0436,0.0476,0.0336,0.0413,0.0650,0.0834,0.0842,0.2146,0.1181,0.0825,0.0149,0.0744
6081,12/31/2006,0.9724,0.0046,0.0005,0.0099,0.0076,0.0018,0.0006,0.0021,0.0066,0.0055,0.0087,0.0028,0.0077,0.0156,0.0110,0.0179,0.0586,0.1031,0.2212,0.1840,0.1666,0.1360,0.0276
6083,12/31/2006,0.9504,0.0009,0.0076,0.0107,0.0154,0.0099,0.0097,0.0020,0.0148,0.0075,0.0162,0.0186,0.0233,0.0283,0.0313,0.0247,0.0931,0.1127,0.1794,0.1196,0.1440,0.0805,0.0496
6085,12/31/2006,0.9697,0.0013,0.0065,0.0049,0.0153,0.0030,0.0053,0.0070,0.0084,0.0079,0.0102,0.0089,0.0120,0.0080,0.0171,0.0357,0.0825,0.0842,0.2469,0.1525,0.1806,0.0713,0.0303
6087,12/31/2006,0.9532,0.0037,0.0034,0.0051,0.0131,0.0107,0.0233,0.0234,0.0207,0.0078,0.0220,0.0172,0.0221,0.0095,0.0262,0.0169,0.0781,0.0937,0.2210,0.0998,0.1825,0.0533,0.0468
6089,12/31/2006,0.9642,0.0182,0.0068,0.0097,0.0359,0.0132,0.0135,0.0414,0.0549,0.0577,0.0978,0.1385,0.0668,0.0749,0.0429,0.0515,0.1056,0.0339,0.0906,0.0048,0.0027,0.0028,0.0358
6095,12/31/2006,0.9320,0.0029,0.0069,0.0145,0.0238,0.0084,0.0035,0.0071,0.0126,0.0056,0.0192,0.0064,0.0274,0.0281,0.0187,0.0549,0.1536,0.1114,0.2001,0.1030,0.1091,0.0151,0.0680
6097,12/31/2006,0.9489,0.0024,0.0013,0.0116,0.0163,0.0026,0.0087,0.0063,0.0078,0.0067,0.0196,0.0082,0.0277,0.0283,0.0395,0.0553,0.1046,0.0866,0.2285,0.1243,0.1371,0.0254,0.0511
6099,12/31/2006,0.9578,0.0064,0.0109,0.0151,0.0207,0.0150,0.0180,0.0178,0.0305,0.0298,0.0710,0.0564,0.0721,0.0923,0.0753,0.0574,0.1112,0.0802,0.1415,0.0249,0.0077,0.0034,0.0422
6101,12/31/2006,0.9577,0.0041,0.0070,0.0171,0.0547,0.0308,0.0017,0.0055,0.0442,0.0517,0.0974,0.0641,0.0703,0.1029,0.0366,0.0535,0.0819,0.0578,0.1487,0.0278,0.0000,0.0000,0.0423
6107,12/31/2006,0.9246,0.0122,0.0108,0.0091,0.0239,0.0412,0.0741,0.0497,0.0928,0.0835,0.0914,0.0578,0.0751,0.0639,0.0428,0.0291,0.0507,0.0425,0.0499,0.0045,0.0150,0.0047,0.0754
6111,12/31/2006,0.9580,0.0048,0.0068,0.0118,0.0138,0.0080,0.0135,0.0102,0.0111,0.0139,0.0083,0.0178,0.0166,0.0173,0.0225,0.0307,0.0509,0.0623,0.2057,0.1868,0.1850,0.0603,0.0420
6113,12/31/2006,0.9686,0.0000,0.0000,0.0075,0.0163,0.0025,0.0224,0.0210,0.0226,0.0119,0.0694,0.0515,0.0637,0.0402,0.0358,0.0833,0.1386,0.0846,0.1069,0.0726,0.0819,0.0359,0.0314
6115,12/31/2007,0.7715,0.0000,0.0022,0.0081,0.0292,0.0343,0.0520,0.0390,0.0569,0.0930,0.0469,0.0215,0.0822,0.0394,0.0533,0.0242,0.0544,0.0638,0.0288,0.0182,0.0240,0.0000,0.2285
6001,12/31/2007,0.9689,0.0050,0.0060,0.0100,0.0231,0.0074,0.0099,0.0069,0.0091,0.0080,0.0114,0.0137,0.0250,0.0248,0.0397,0.0407,0.1138,0.0993,0.2016,0.1202,0.1358,0.0573,0.0311
6007,12/31/2007,0.9517,0.0011,0.0052,0.0238,0.0222,0.0185,0.0364,0.0244,0.0283,0.0364,0.0711,0.0610,0.0732,0.0899,0.0365,0.0630,0.0951,0.0831,0.1035,0.0535,0.0164,0.0090,0.0483
6013,12/31/2007,0.9741,0.0114,0.0050,0.0063,0.0176,0.0203,0.0084,0.0033,0.0160,0.0071,0.0128,0.0086,0.0180,0.0130,0.0137,0.0263,0.0968,0.1024,0.2182,0.1315,0.1608,0.0767,0.0259
6017,12/31/2007,0.9806,0.0000,0.0188,0.0111,0.0129,0.0075,0.0092,0.0054,0.0498,0.0269,0.0244,0.0362,0.0390,0.0710,0.0527,0.0493,0.1514,0.0822,0.1225,0.0899,0.1042,0.0162,0.0194
6019,12/31/2007,0.9561,0.0079,0.0113,0.0181,0.0223,0.0163,0.0329,0.0239,0.0363,0.0403,0.0668,0.0577,0.0857,0.1015,0.0667,0.0587,0.0832,0.0714,0.0985,0.0423,0.0083,0.0060,0.0439
6023,12/31/2007,0.8882,0.0101,0.0058,0.0060,0.0114,0.0176,0.0052,0.0271,0.0504,0.0436,0.0751,0.0755,0.0733,0.0620,0.0480,0.0504,0.0625,0.0584,0.1405,0.0437,0.0154,0.0063,0.1118
6025,12/31/2007,0.9560,0.0138,0.0219,0.0369,0.0617,0.0557,0.0370,0.0420,0.0929,0.1172,0.1204,0.0339,0.0353,0.0892,0.0333,0.0359,0.0463,0.0321,0.0384,0.0119,0.0000,0.0000,0.0440
6029,12/31/2007,0.9482,0.0020,0.0005,0.0056,0.0216,0.0240,0.0315,0.0423,0.0391,0.0636,0.0858,0.0774,0.0995,0.0743,0.0546,0.0477,0.0759,0.0508,0.0938,0.0368,0.0144,0.0072,0.0518
6031,12/31/2007,0.8645,0.0000,0.0249,0.0112,0.0218,0.0282,0.0298,0.0407,0.0466,0.1080,0.0402,0.0901,0.0881,0.0339,0.0318,0.0278,0.0302,0.0778,0.1054,0.0134,0.0145,0.0000,0.1355
6037,12/31/2007,0.9758,0.0037,0.0026,0.0061,0.0173,0.0079,0.0082,0.0095,0.0134,0.0137,0.0266,0.0229,0.0421,0.0387,0.0478,0.0523,0.1147,0.1049,0.1760,0.1036,0.1071,0.0562,0.0242
6039,12/31/2007,0.9093,0.0000,0.0157,0.0279,0.0523,0.0056,0.0210,0.0412,0.0434,0.0332,0.0904,0.0703,0.0416,0.0933,0.0485,0.0479,0.0808,0.0924,0.0755,0.0140,0.0023,0.0119,0.0907
6041,12/31/2007,0.9612,0.0000,0.0091,0.0097,0.0191,0.0070,0.0000,0.0086,0.0111,0.0029,0.0086,0.0060,0.0107,0.0168,0.0099,0.0058,0.0240,0.0313,0.2132,0.1923,0.2222,0.1529,0.0388
6045,12/31/2007,0.9553,0.0141,0.0161,0.0255,0.0205,0.0340,0.0174,0.0473,0.0232,0.0055,0.0392,0.0446,0.0795,0.0671,0.0797,0.0835,0.0672,0.0377,0.1974,0.0518,0.0040,0.0000,0.0447
6047,12/31/2007,0.9149,0.0130,0.0080,0.0137,0.0229,0.0157,0.0289,0.0355,0.0618,0.0671,0.0716,0.0485,0.0598,0.0455,0.0502,0.0732,0.1107,0.0879,0.0843,0.0101,0.0064,0.0000,0.0851
6053,12/31/2007,0.9621,0.0000,0.0000,0.0051,0.0150,0.0075,0.0066,0.0144,0.0094,0.0085,0.0229,0.0118,0.0362,0.0234,0.0529,0.0443,0.1263,0.1090,0.1737,0.1289,0.1119,0.0540,0.0379
6055,12/31/2007,0.9403,0.0067,0.0045,0.0037,0.0159,0.0070,0.0057,0.0098,0.0291,0.0055,0.0187,0.0297,0.0095,0.0499,0.0286,0.0352,0.0786,0.0711,0.2050,0.1385,0.1449,0.0425,0.0597
6059,12/31/2007,0.9724,0.0004,0.0027,0.0037,0.0096,0.0041,0.0046,0.0048,0.0047,0.0027,0.0075,0.0036,0.0097,0.0073,0.0149,0.0131,0.0533,0.0799,0.2263,0.1947,0.2169,0.1080,0.0276
6061,12/31/2007,0.9631,0.0021,0.0000,0.0106,0.0076,0.0117,0.0029,0.0037,0.0125,0.0182,0.0246,0.0057,0.0160,0.0360,0.0510,0.0656,0.1578,0.0947,0.1596,0.1493,0.0963,0.0371,0.0369
6065,12/31/2007,0.9638,0.0042,0.0032,0.0147,0.0071,0.0124,0.0151,0.0103,0.0230,0.0160,0.0368,0.0237,0.0459,0.0376,0.0412,0.0504,0.1029,0.0862,0.1767,0.1184,0.0988,0.0393,0.0362
6067,12/31/2007,0.9738,0.0085,0.0083,0.0074,0.0164,0.0027,0.0112,0.0098,0.0110,0.0163,0.0190,0.0342,0.0523,0.0640,0.0830,0.0829,0.1275,0.1009,0.1635,0.0922,0.0497,0.0130,0.0262
6071,12/31/2007,0.9572,0.0024,0.0052,0.0060,0.0086,0.0070,0.0090,0.0119,0.0204,0.0145,0.0297,0.0287,0.0513,0.0437,0.0453,0.0640,0.1104,0.1059,0.1958,0.0969,0.0812,0.0190,0.0428
6073,12/31/2007,0.9670,0.0022,0.0029,0.0033,0.0110,0.0059,0.0069,0.0061,0.0101,0.0086,0.0133,0.0104,0.0215,0.0237,0.0333,0.0455,0.0998,0.1124,0.1873,0.1273,0.1656,0.0699,0.0330
6075,12/31/2007,0.9748,0.0049,0.0043,0.0061,0.0288,0.0156,0.0134,0.0121,0.0201,0.0261,0.0232,0.0195,0.0243,0.0200,0.0254,0.0271,0.0621,0.0690,0.1510,0.1045,0.1681,0.1492,0.0252
6077,12/31/2007,0.9500,0.0000,0.0054,0.0083,0.0151,0.0112,0.0143,0.0103,0.0274,0.0293,0.0427,0.0438,0.0524,0.0681,0.0759,0.0693,0.1392,0.0917,0.1095,0.0570,0.0532,0.0258,0.0500
6079,12/31/2007,0.9373,0.0013,0.0036,0.0000,0.0060,0.0088,0.0155,0.0067,0.0145,0.0218,0.0212,0.0209,0.0293,0.0306,0.0379,0.0611,0.1066,0.0918,0.2161,0.1271,0.0882,0.0280,0.0627
6081,12/31/2007,0.9709,0.0023,0.0018,0.0022,0.0013,0.0046,0.0014,0.0010,0.0043,0.0014,0.0066,0.0042,0.0125,0.0056,0.0140,0.0088,0.0518,0.0813,0.1950,0.1788,0.2588,0.1331,0.0291
6083,12/31/2007,0.9415,0.0007,0.0055,0.0106,0.0159,0.0105,0.0112,0.0137,0.0074,0.0076,0.0193,0.0201,0.0208,0.0170,0.0310,0.0232,0.0795,0.0919,0.1818,0.1069,0.1683,0.0987,0.0585
6085,12/31/2007,0.9752,0.0035,0.0014,0.0046,0.0128,0.0073,0.0058,0.0086,0.0110,0.0051,0.0129,0.0142,0.0134,0.0111,0.0179,0.0231,0.0695,0.0674,0.2030,0.1523,0.2168,0.1137,0.0248
6087,12/31/2007,0.9692,0.0015,0.0113,0.0020,0.0207,0.0120,0.0162,0.0073,0.0074,0.0043,0.0130,0.0239,0.0457,0.0269,0.0476,0.0227,0.0681,0.0845,0.1851,0.1226,0.1568,0.0893,0.0308
6089,12/31/2007,0.9345,0.0023,0.0090,0.0297,0.0371,0.0173,0.0293,0.0269,0.0457,0.0521,0.0701,0.0711,0.0753,0.0714,0.0625,0.0937,0.0692,0.0705,0.0846,0.0123,0.0000,0.0044,0.0655
6095,12/31/2007,0.9554,0.0000,0.0077,0.0082,0.0121,0.0097,0.0094,0.0127,0.0198,0.0108,0.0149,0.0145,0.0127,0.0296,0.0282,0.0466,0.1181,0.1030,0.1936,0.1251,0.1416,0.0371,0.0446
6097,12/31/2007,0.9469,0.0047,0.0045,0.0054,0.0079,0.0103,0.0030,0.0092,0.0024,0.0107,0.0198,0.0098,0.0275,0.0181,0.0206,0.0392,0.1022,0.1170,0.2224,0.1209,0.1669,0.0243,0.0531
6099,12/31/2007,0.9590,0.0098,0.0018,0.0163,0.0123,0.0166,0.0214,0.0134,0.0198,0.0199,0.0561,0.0513,0.0692,0.0585,0.0770,0.0560,0.1417,0.0759,0.1476,0.0457,0.0357,0.0131,0.0410
6101,12/31/2007,0.9668,0.0000,0.0047,0.0000,0.0233,0.0229,0.0272,0.0279,0.0046,0.0227,0.1110,0.0553,0.0908,0.1638,0.0527,0.0319,0.0994,0.0870,0.0956,0.0361,0.0101,0.0000,0.0332
6107,12/31/2007,0.9502,0.0043,0.0055,0.0140,0.0194,0.0340,0.0611,0.0589,0.0861,0.0815,0.0901,0.0397,0.0756,0.0498,0.0543,0.0462,0.0840,0.0496,0.0683,0.0102,0.0104,0.0074,0.0498
6111,12/31/2007,0.9519,0.0000,0.0018,0.0100,0.0145,0.0129,0.0079,0.0063,0.0101,0.0030,0.0244,0.0112,0.0151,0.0223,0.0121,0.0232,0.0608,0.0691,0.1760,0.1631,0.2006,0.1075,0.0481
6113,12/31/2007,0.9621,0.0031,0.0033,0.0154,0.0074,0.0151,0.0140,0.0062,0.0129,0.0225,0.0401,0.0230,0.0396,0.0515,0.0395,0.0539,0.1520,0.0699,0.1694,0.0986,0.0985,0.0261,0.0379
6115,12/31/2007,0.9384,0.0000,0.0000,0.0157,0.0617,0.0188,0.0155,0.0276,0.0612,0.0393,0.1272,0.0507,0.1095,0.0618,0.0286,0.0692,0.0459,0.0319,0.0361,0.0694,0.0684,0.0000,0.0616
6001,12/31/2008,0.9710,0.0075,0.0045,0.0061,0.0173,0.0097,0.0023,0.0065,0.0132,0.0096,0.0127,0.0147,0.0169,0.0180,0.0279,0.0378,0.0888,0.0762,0.2373,0.1318,0.1591,0.0732,0.0290
6007,12/31/2008,0.9658,0.0040,0.0028,0.0069,0.0258,0.0094,0.0347,0.0312,0.0152,0.0484,0.0673,0.0524,0.0679,0.0816,0.0668,0.0657,0.1420,0.0501,0.0976,0.0351,0.0380,0.0228,0.0342
6013,12/31/2008,0.9673,0.0119,0.0057,0.0048,0.0189,0.0124,0.0025,0.0110,0.0090,0.0104,0.0121,0.0026,0.0089,0.0116,0.0171,0.0194,0.0725,0.0896,0.2277,0.1543,0.1760,0.0890,0.0327
6017,12/31/2008,0.9676,0.0000,0.0000,0.0071,0.0060,0.0070,0.0054,0.0266,0.0019,0.0013,0.0431,0.0087,0.0517,0.0578,0.0571,0.0565,0.1129,0.1302,0.1889,0.0997,0.0561,0.0496,0.0324
6019,12/31/2008,0.9585,0.0091,0.0097,0.0175,0.0239,0.0131,0.0410,0.0257,0.0449,0.0408,0.0673,0.0504,0.0835,0.0767,0.0722,0.0677,0.0691,0.0619,0.1052,0.0456,0.0240,0.0096,0.0415
6023,12/31/2008,0.9399,0.0104,0.0191,0.0121,0.0145,0.0239,0.0299,0.0080,0.0565,0.0455,0.0810,0.0707,0.0895,0.0475,0.0874,0.0320,0.0532,0.0450,0.1177,0.0499,0.0432,0.0029,0.0601
6025,12/31/2008,0.9388,0.0159,0.0355,0.0204,0.0310,0.0501,0.0176,0.0483,0.0750,0.0680,0.1202,0.0791,0.0773,0.0556,0.0371,0.0420,0.0529,0.0476,0.0231,0.0343,0.0079,0.0000,0.0612
6029,12/31/2008,0.9484,0.0058,0.0050,0.0055,0.0137,0.0166,0.0249,0.0298,0.0332,0.0483,0.0778,0.0871,0.0786,0.0813,0.0605,0.0493,0.0961,0.0595,0.0918,0.0450,0.0271,0.0114,0.0516
6031,12/31/2008,0.9160,0.0053,0.0043,0.0148,0.0081,0.0215,0.0030,0.0612,0.0328,0.0238,0.0486,0.0354,0.0926,0.0592,0.0473,0.0643,0.0777,0.0675,0.1776,0.0472,0.0148,0.0092,0.0840
6037,12/31/2008,0.9772,0.0045,0.0025,0.0037,0.0179,0.0087,0.0075,0.0077,0.0148,0.0126,0.0209,0.0185,0.0347,0.0302,0.0448,0.0445,0.1103,0.1000,0.1888,0.1096,0.1256,0.0694,0.0228
6039,12/31/2008,0.8949,0.0000,0.0009,0.0074,0.0095,0.0041,0.0411,0.0530,0.0223,0.0039,0.0735,0.0486,0.0546,0.0475,0.0333,0.0491,0.1156,0.1347,0.1091,0.0513,0.0285,0.0067,0.1051
6045,12/31/2008,0.9070,0.0000,0.0131,0.0077,0.0086,0.0254,0.0246,0.0148,0.0915,0.0157,0.0359,0.0236,0.0754,0.0998,0.0321,0.0572,0.1530,0.0818,0.0878,0.0309,0.0237,0.0045,0.0930
6047,12/31/2008,0.9252,0.0115,0.0047,0.0167,0.0178,0.0061,0.0417,0.0402,0.0723,0.0827,0.0759,0.0690,0.0631,0.0768,0.0389,0.0656,0.0721,0.0828,0.0614,0.0195,0.0037,0.0025,0.0748
6053,12/31/2008,0.9696,0.0054,0.0022,0.0050,0.0188,0.0084,0.0040,0.0108,0.0099,0.0233,0.0201,0.0184,0.0248,0.0323,0.0389,0.0511,0.1069,0.1064,0.1641,0.1327,0.1241,0.0620,0.0304
6055,12/31/2008,0.9640,0.0000,0.0017,0.0028,0.0204,0.0229,0.0000,0.0160,0.0044,0.0197,0.0208,0.0032,0.0598,0.0373,0.0355,0.0308,0.0408,0.1235,0.1900,0.1364,0.1145,0.0834,0.0360
6057,12/31/2008,0.9539,0.0057,0.0000,0.0147,0.0674,0.0028,0.0000,0.0050,0.0145,0.0096,0.0087,0.0427,0.0375,0.0551,0.0290,0.0289,0.2027,0.0630,0.1524,0.1532,0.0554,0.0056,0.0461
6059,12/31/2008,0.9762,0.0011,0.0020,0.0038,0.0101,0.0045,0.0030,0.0042,0.0066,0.0020,0.0060,0.0021,0.0064,0.0065,0.0098,0.0114,0.0497,0.0712,0.2077,0.2123,0.2323,0.1238,0.0238
6061,12/31/2008,0.9713,0.0000,0.0036,0.0004,0.0249,0.0007,0.0028,0.0019,0.0048,0.0114,0.0265,0.0156,0.0289,0.0522,0.0338,0.0284,0.1117,0.1009,0.1652,0.1294,0.1660,0.0621,0.0287
6065,12/31/2008,0.9680,0.0071,0.0013,0.0071,0.0122,0.0070,0.0128,0.0086,0.0181,0.0149,0.0260,0.0183,0.0301,0.0286,0.0386,0.0486,0.1055,0.0952,0.1987,0.1075,0.1324,0.0492,0.0320
6067,12/31/2008,0.9743,0.0107,0.0056,0.0114,0.0112,0.0063,0.0074,0.0099,0.0080,0.0152,0.0198,0.0298,0.0440,0.0630,0.0653,0.0819,0.1386,0.0946,0.1657,0.1140,0.0581,0.0139,0.0257
6071,12/31/2008,0.9621,0.0069,0.0035,0.0044,0.0143,0.0051,0.0079,0.0116,0.0155,0.0181,0.0305,0.0292,0.0350,0.0397,0.0380,0.0590,0.1020,0.1063,0.1931,0.1031,0.1019,0.0369,0.0379
6073,12/31/2008,0.9713,0.0007,0.0019,0.0037,0.0168,0.0076,0.0035,0.0055,0.0102,0.0083,0.0120,0.0101,0.0156,0.0209,0.0304,0.0416,0.0937,0.1017,0.1931,0.1313,0.1804,0.0824,0.0287
6075,12/31/2008,0.9759,0.0030,0.0070,0.0046,0.0248,0.0256,0.0137,0.0116,0.0253,0.0217,0.0296,0.0157,0.0216,0.0203,0.0281,0.0220,0.0525,0.0519,0.1328,0.1127,0.1717,0.1800,0.0241
6077,12/31/2008,0.9447,0.0034,0.0045,0.0095,0.0114,0.0179,0.0128,0.0110,0.0173,0.0255,0.0501,0.0457,0.0678,0.0572,0.0781,0.0602,0.1101,0.0763,0.1304,0.0735,0.0530,0.0288,0.0553
6079,12/31/2008,0.9562,0.0000,0.0063,0.0000,0.0041,0.0036,0.0188,0.0070,0.0194,0.0103,0.0172,0.0417,0.0299,0.0432,0.0437,0.0464,0.0791,0.1012,0.1741,0.1352,0.1268,0.0482,0.0438
6081,12/31/2008,0.9690,0.0019,0.0021,0.0023,0.0058,0.0051,0.0030,0.0028,0.0094,0.0031,0.0074,0.0020,0.0061,0.0112,0.0126,0.0068,0.0361,0.0559,0.2188,0.1905,0.2139,0.1721,0.0310
6083,12/31/2008,0.9539,0.0007,0.0032,0.0096,0.0064,0.0105,0.0054,0.0064,0.0128,0.0085,0.0103,0.0135,0.0207,0.0166,0.0311,0.0300,0.0673,0.0791,0.1814,0.1367,0.1749,0.1288,0.0461
6085,12/31/2008,0.9718,0.0039,0.0017,0.0026,0.0101,0.0096,0.0081,0.0060,0.0085,0.0061,0.0115,0.0079,0.0087,0.0069,0.0087,0.0162,0.0588,0.0710,0.1837,0.1563,0.2438,0.1416,0.0282
6087,12/31/2008,0.9660,0.0023,0.0024,0.0040,0.0344,0.0104,0.0151,0.0122,0.0085,0.0078,0.0175,0.0115,0.0180,0.0141,0.0282,0.0207,0.0485,0.0731,0.1904,0.1287,0.2144,0.1040,0.0340
6089,12/31/2008,0.9424,0.0023,0.0097,0.0017,0.0264,0.0164,0.0416,0.0230,0.0329,0.0255,0.0797,0.0693,0.0743,0.0919,0.0390,0.0523,0.1567,0.0794,0.0838,0.0135,0.0171,0.0057,0.0576
6095,12/31/2008,0.9611,0.0041,0.0074,0.0013,0.0091,0.0096,0.0081,0.0102,0.0129,0.0000,0.0106,0.0076,0.0177,0.0090,0.0145,0.0499,0.1117,0.1137,0.2069,0.1639,0.1606,0.0321,0.0389
6097,12/31/2008,0.9533,0.0062,0.0059,0.0036,0.0100,0.0049,0.0093,0.0080,0.0139,0.0086,0.0205,0.0086,0.0069,0.0159,0.0364,0.0384,0.1143,0.1030,0.1985,0.1444,0.1536,0.0424,0.0467
6099,12/31/2008,0.9527,0.0024,0.0039,0.0151,0.0195,0.0108,0.0090,0.0171,0.0240,0.0188,0.0355,0.0600,0.0623,0.0582,0.0658,0.0955,0.1550,0.0811,0.1332,0.0498,0.0301,0.0055,0.0473
6101,12/31/2008,0.9176,0.0093,0.0068,0.0077,0.0090,0.0085,0.0054,0.0378,0.0620,0.0330,0.0632,0.0413,0.0995,0.1233,0.0121,0.0205,0.0982,0.0518,0.1515,0.0403,0.0363,0.0000,0.0824
6107,12/31/2008,0.9321,0.0018,0.0047,0.0088,0.0232,0.0258,0.0363,0.0548,0.0480,0.0870,0.0873,0.0594,0.0866,0.0909,0.0301,0.0472,0.0673,0.0824,0.0642,0.0138,0.0068,0.0058,0.0679
6111,12/31/2008,0.9614,0.0056,0.0026,0.0093,0.0104,0.0150,0.0154,0.0048,0.0097,0.0075,0.0113,0.0119,0.0148,0.0102,0.0172,0.0125,0.0607,0.0611,0.1584,0.1746,0.2122,0.1363,0.0386
6113,12/31/2008,0.9573,0.0023,0.0000,0.0150,0.0020,0.0030,0.0094,0.0087,0.0249,0.0226,0.0279,0.0185,0.0542,0.0506,0.0434,0.0386,0.0740,0.1105,0.1690,0.1471,0.1062,0.0294,0.0427
6115,12/31/2008,0.8826,0.0081,0.0000,0.0031,0.0095,0.0105,0.0022,0.0331,0.0410,0.0273,0.0563,0.0437,0.1258,0.0644,0.0637,0.0535,0.0326,0.0533,0.1565,0.0785,0.0194,0.0000,0.1174
6001,12/31/2009,0.9779,0.0059,0.0048,0.0063,0.0167,0.0109,0.0097,0.0045,0.0124,0.0109,0.0184,0.0143,0.0252,0.0233,0.0234,0.0311,0.0831,0.0936,0.2118,0.1429,0.1552,0.0734,0.0221
6007,12/31/2009,0.9424,0.0125,0.0025,0.0117,0.0198,0.0036,0.0199,0.0287,0.0625,0.0367,0.0585,0.0628,0.0669,0.0482,0.0488,0.0850,0.0958,0.0522,0.1053,0.0694,0.0391,0.0125,0.0576
6013,12/31/2009,0.9729,0.0044,0.0083,0.0103,0.0152,0.0178,0.0108,0.0066,0.0072,0.0101,0.0132,0.0073,0.0153,0.0134,0.0237,0.0283,0.0761,0.0754,0.1928,0.1388,0.2062,0.0917,0.0271
6017,12/31/2009,0.9299,0.0046,0.0000,0.0000,0.0102,0.0109,0.0111,0.0144,0.0128,0.0298,0.0245,0.0198,0.0138,0.0301,0.0641,0.0295,0.1119,0.0866,0.2578,0.0681,0.1017,0.0284,0.0701
6019,12/31/2009,0.9511,0.0129,0.0048,0.0128,0.0220,0.0138,0.0196,0.0228,0.0291,0.0405,0.0605,0.0560,0.0707,0.0794,0.0860,0.0782,0.0747,0.0679,0.1200,0.0469,0.0229,0.0097,0.0489
6023,12/31/2009,0.9432,0.0043,0.0036,0.0254,0.0007,0.0105,0.0112,0.0247,0.0424,0.0485,0.0874,0.0425,0.0903,0.0443,0.0815,0.0740,0.0899,0.0551,0.1232,0.0434,0.0251,0.0152,0.0568
6025,12/31/2009,0.9313,0.0208,0.0187,0.0462,0.0451,0.0196,0.0416,0.0675,0.0654,0.0476,0.1000,0.0728,0.0542,0.0541,0.0406,0.0446,0.0529,0.0389,0.0515,0.0295,0.0198,0.0000,0.0687
6029,12/31/2009,0.9586,0.0082,0.0043,0.0110,0.0177,0.0075,0.0190,0.0296,0.0376,0.0487,0.0594,0.0781,0.0730,0.0840,0.0649,0.0531,0.0957,0.0552,0.1189,0.0482,0.0399,0.0046,0.0414
6031,12/31/2009,0.9080,0.0000,0.0140,0.0257,0.0313,0.0030,0.0144,0.0322,0.0530,0.0336,0.0434,0.0272,0.0935,0.1018,0.0506,0.0421,0.0647,0.0746,0.1300,0.0507,0.0158,0.0062,0.0920
6037,12/31/2009,0.9737,0.0042,0.0024,0.0055,0.0142,0.0088,0.0064,0.0065,0.0125,0.0099,0.0203,0.0163,0.0307,0.0296,0.0391,0.0432,0.0981,0.1000,0.2019,0.1195,0.1321,0.0726,0.0263
6039,12/31/2009,0.8908,0.0000,0.0008,0.0030,0.0169,0.0086,0.0475,0.0064,0.0166,0.0383,0.0883,0.0234,0.0938,0.0834,0.0439,0.0764,0.0798,0.0808,0.1267,0.0403,0.0158,0.0000,0.1092
6041,12/31/2009,0.9859,0.0057,0.0026,0.0055,0.0147,0.0017,0.0021,0.0064,0.0014,0.0229,0.0144,0.0025,0.0068,0.0034,0.0028,0.0070,0.0454,0.0347,0.1604,0.1466,0.2671,0.2319,0.0141
6045,12/31/2009,0.9468,0.0245,0.0297,0.0091,0.0244,0.0040,0.0212,0.0560,0.0481,0.0165,0.0305,0.0364,0.0614,0.0681,0.0790,0.0609,0.0634,0.0856,0.1128,0.0269,0.0733,0.0150,0.0532
6047,12/31/2009,0.9257,0.0063,0.0022,0.0062,0.0157,0.0171,0.0244,0.0154,0.0372,0.0455,0.0973,0.0803,0.0543,0.0858,0.0818,0.0219,0.1368,0.0737,0.1001,0.0115,0.0091,0.0032,0.0743
6053,12/31/2009,0.9573,0.0034,0.0083,0.0022,0.0149,0.0075,0.0094,0.0063,0.0131,0.0078,0.0132,0.0174,0.0286,0.0325,0.0398,0.0400,0.0967,0.1266,0.1746,0.0902,0.1502,0.0746,0.0427
6055,12/31/2009,0.9645,0.0099,0.0000,0.0059,0.0194,0.0000,0.0037,0.0047,0.0045,0.0000,0.0152,0.0085,0.0488,0.0031,0.0420,0.0264,0.0897,0.0691,0.2166,0.1129,0.2007,0.0834,0.0355
6059,12/31/2009,0.9751,0.0005,0.0010,0.0028,0.0102,0.0048,0.0043,0.0061,0.0066,0.0037,0.0069,0.0048,0.0052,0.0081,0.0089,0.0088,0.0383,0.0630,0.2020,0.2171,0.2387,0.1335,0.0249
6061,12/31/2009,0.9610,0.0009,0.0038,0.0097,0.0058,0.0028,0.0161,0.0148,0.0065,0.0102,0.0075,0.0127,0.0382,0.0348,0.0274,0.0391,0.1432,0.0962,0.1722,0.1111,0.1385,0.0693,0.0390
6065,12/31/2009,0.9553,0.0037,0.0033,0.0097,0.0127,0.0092,0.0094,0.0172,0.0168,0.0160,0.0245,0.0254,0.0263,0.0305,0.0316,0.0460,0.1101,0.0992,0.1895,0.1054,0.1159,0.0530,0.0447
6067,12/31/2009,0.9751,0.0109,0.0037,0.0085,0.0141,0.0064,0.0061,0.0080,0.0159,0.0091,0.0235,0.0302,0.0495,0.0625,0.0738,0.0898,0.1263,0.0971,0.1699,0.0908,0.0601,0.0187,0.0249
6071,12/31/2009,0.9615,0.0031,0.0057,0.0080,0.0093,0.0099,0.0121,0.0091,0.0162,0.0113,0.0338,0.0297,0.0361,0.0477,0.0491,0.0462,0.1193,0.1017,0.1862,0.1115,0.0906,0.0249,0.0385
6073,12/31/2009,0.9767,0.0027,0.0023,0.0018,0.0132,0.0072,0.0062,0.0041,0.0107,0.0070,0.0133,0.0097,0.0120,0.0176,0.0259,0.0417,0.0876,0.1058,0.1908,0.1460,0.1812,0.0900,0.0233
6075,12/31/2009,0.9693,0.0061,0.0074,0.0058,0.0252,0.0203,0.0102,0.0082,0.0144,0.0175,0.0292,0.0113,0.0222,0.0160,0.0215,0.0172,0.0474,0.0494,0.1285,0.1084,0.2014,0.2015,0.0307
6077,12/31/2009,0.9595,0.0061,0.0016,0.0041,0.0096,0.0042,0.0130,0.0115,0.0187,0.0204,0.0358,0.0387,0.0541,0.0413,0.0670,0.0643,0.1513,0.0655,0.1677,0.0943,0.0671,0.0230,0.0405
6079,12/31/2009,0.9660,0.0000,0.0014,0.0030,0.0102,0.0048,0.0030,0.0079,0.0036,0.0088,0.0185,0.0173,0.0215,0.0240,0.0314,0.0616,0.0868,0.1716,0.1812,0.1014,0.1618,0.0464,0.0340
6081,12/31/2009,0.9740,0.0018,0.0041,0.0044,0.0050,0.0041,0.0022,0.0049,0.0102,0.0025,0.0083,0.0047,0.0116,0.0046,0.0096,0.0101,0.0490,0.0688,0.1813,0.1897,0.2356,0.1615,0.0260
6083,12/31/2009,0.9588,0.0019,0.0026,0.0087,0.0107,0.0142,0.0041,0.0068,0.0086,0.0227,0.0100,0.0127,0.0148,0.0164,0.0285,0.0274,0.0746,0.0782,0.1871,0.1361,0.1630,0.1299,0.0412
6085,12/31/2009,0.9726,0.0055,0.0015,0.0044,0.0179,0.0072,0.0060,0.0032,0.0106,0.0073,0.0082,0.0067,0.0063,0.0096,0.0126,0.0104,0.0449,0.0663,0.1877,0.1765,0.2373,0.1426,0.0274
6087,12/31/2009,0.9562,0.0025,0.0029,0.0126,0.0272,0.0103,0.0150,0.0074,0.0124,0.0065,0.0319,0.0260,0.0167,0.0255,0.0229,0.0265,0.0703,0.0506,0.1742,0.1396,0.1976,0.0775,0.0438
6089,12/31/2009,0.9276,0.0195,0.0095,0.0031,0.0187,0.0220,0.0366,0.0197,0.0287,0.0542,0.0533,0.0552,0.0727,0.0969,0.0369,0.0417,0.1061,0.0359,0.1286,0.0351,0.0288,0.0244,0.0724
6095,12/31/2009,0.9763,0.0062,0.0094,0.0039,0.0074,0.0023,0.0285,0.0025,0.0084,0.0106,0.0230,0.0107,0.0114,0.0067,0.0387,0.0448,0.1023,0.1105,0.1986,0.1414,0.1524,0.0565,0.0237
6097,12/31/2009,0.9467,0.0000,0.0042,0.0080,0.0183,0.0043,0.0101,0.0067,0.0054,0.0025,0.0263,0.0089,0.0160,0.0216,0.0349,0.0377,0.1132,0.1006,0.1890,0.1364,0.1438,0.0591,0.0533
6099,12/31/2009,0.9527,0.0054,0.0035,0.0099,0.0195,0.0155,0.0112,0.0129,0.0189,0.0085,0.0506,0.0330,0.0552,0.0806,0.0864,0.0619,0.1423,0.0556,0.1677,0.0747,0.0291,0.0105,0.0473
6101,12/31/2009,0.9608,0.0000,0.0092,0.0345,0.0190,0.0400,0.0106,0.0165,0.0073,0.0490,0.0521,0.0419,0.0887,0.1056,0.0722,0.0318,0.1215,0.0674,0.0590,0.1071,0.0188,0.0087,0.0392
6107,12/31/2009,0.9453,0.0052,0.0056,0.0115,0.0230,0.0168,0.0353,0.0412,0.0704,0.0622,0.0742,0.0533,0.0592,0.0538,0.0623,0.0541,0.1100,0.0485,0.1130,0.0280,0.0109,0.0066,0.0547
6111,12/31/2009,0.9691,0.0029,0.0012,0.0116,0.0113,0.0144,0.0110,0.0064,0.0071,0.0097,0.0108,0.0099,0.0261,0.0095,0.0220,0.0145,0.0384,0.0520,0.1922,0.1655,0.2319,0.1206,0.0309
6113,12/31/2009,0.9625,0.0017,0.0019,0.0167,0.0296,0.0064,0.0043,0.0069,0.0059,0.0288,0.0282,0.0350,0.0321,0.0354,0.0378,0.0706,0.0826,0.1240,0.1571,0.1027,0.0927,0.0621,0.0375
6115,12/31/2009,0.9069,0.0048,0.0095,0.0275,0.0029,0.0110,0.0108,0.0139,0.0403,0.0254,0.1057,0.0777,0.0732,0.0667,0.1083,0.0176,0.0840,0.0937,0.0611,0.0377,0.0348,0.0000,0.0931
6001,12/31/2010,0.9712,0.0098,0.0071,0.0052,0.0261,0.0091,0.0095,0.0052,0.0118,0.0078,0.0127,0.0082,0.0127,0.0236,0.0259,0.0299,0.0808,0.0865,0.2255,0.1356,0.1732,0.0650,0.0288
6007,12/31/2010,0.9575,0.0000,0.0042,0.0059,0.0105,0.0053,0.0168,0.0165,0.0288,0.0375,0.0614,0.0598,0.0441,0.0949,0.0701,0.0826,0.1315,0.0684,0.1298,0.0415,0.0360,0.0120,0.0425
6013,12/31/2010,0.9665,0.0043,0.0034,0.0062,0.0184,0.0034,0.0106,0.0041,0.0075,0.0060,0.0145,0.0040,0.0118,0.0172,0.0127,0.0287,0.0778,0.0850,0.2112,0.1447,0.2034,0.0916,0.0335
6017,12/31/2010,0.9332,0.0055,0.0000,0.0033,0.0043,0.0087,0.0070,0.0000,0.0165,0.0000,0.0077,0.0264,0.0430,0.0520,0.0739,0.0499,0.1239,0.0550,0.2424,0.1013,0.0805,0.0320,0.0668
6019,12/31/2010,0.9523,0.0145,0.0124,0.0137,0.0150,0.0121,0.0265,0.0227,0.0427,0.0359,0.0505,0.0462,0.0885,0.0860,0.0653,0.0545,0.0945,0.0754,0.1220,0.0440,0.0190,0.0109,0.0477
6023,12/31/2010,0.9627,0.0032,0.0113,0.0057,0.0072,0.0135,0.0282,0.0223,0.0478,0.0213,0.0521,0.0992,0.0598,0.0823,0.0644,0.0640,0.1124,0.0560,0.1261,0.0420,0.0439,0.0000,0.0373
6025,12/31/2010,0.9401,0.0099,0.0050,0.0163,0.0504,0.0320,0.0324,0.0596,0.0545,0.0452,0.0519,0.0867,0.0867,0.0979,0.0517,0.0669,0.0611,0.0312,0.0869,0.0139,0.0000,0.0000,0.0599
6029,12/31/2010,0.9539,0.0052,0.0045,0.0061,0.0129,0.0111,0.0218,0.0191,0.0329,0.0497,0.0735,0.0679,0.0855,0.0753,0.0664,0.0775,0.1056,0.0746,0.0864,0.0331,0.0401,0.0048,0.0461
6031,12/31/2010,0.9165,0.0125,0.0070,0.0085,0.0195,0.0019,0.0134,0.0235,0.0258,0.0473,0.0878,0.0471,0.1134,0.0605,0.0793,0.0547,0.0856,0.0202,0.1345,0.0485,0.0175,0.0080,0.0835
6033,12/31/2010,0.9477,0.0408,0.0000,0.0165,0.0088,0.0672,0.0508,0.0361,0.0653,0.0096,0.0806,0.0455,0.0540,0.0554,0.0274,0.0454,0.0781,0.0246,0.2018,0.0263,0.0136,0.0000,0.0523
6037,12/31/2010,0.9740,0.0036,0.0025,0.0059,0.0168,0.0070,0.0069,0.0057,0.0109,0.0087,0.0186,0.0148,0.0260,0.0287,0.0396,0.0422,0.0996,0.1005,0.2020,0.1227,0.1366,0.0747,0.0260
6039,12/31/2010,0.9111,0.0138,0.0087,0.0313,0.0106,0.0117,0.0333,0.0160,0.0426,0.0266,0.0658,0.0318,0.0291,0.0312,0.0731,0.0400,0.1813,0.0792,0.1344,0.0258,0.0250,0.0000,0.0889
6041,12/31/2010,0.9777,0.0046,0.0029,0.0011,0.0116,0.0130,0.0063,0.0195,0.0043,0.0175,0.0054,0.0033,0.0061,0.0092,0.0102,0.0060,0.0327,0.0495,0.1507,0.1893,0.2451,0.1895,0.0223
6045,12/31/2010,0.9091,0.0000,0.0104,0.0164,0.0164,0.0114,0.0446,0.0115,0.0095,0.0539,0.0189,0.0252,0.0385,0.0489,0.0237,0.0643,0.1361,0.0625,0.1669,0.0557,0.0537,0.0407,0.0909
6047,12/31/2010,0.9319,0.0097,0.0075,0.0151,0.0041,0.0139,0.0211,0.0422,0.0441,0.0409,0.0625,0.0638,0.0799,0.0822,0.0768,0.0451,0.0831,0.0705,0.1293,0.0181,0.0207,0.0013,0.0681
6053,12/31/2010,0.9740,0.0087,0.0018,0.0011,0.0035,0.0060,0.0158,0.0020,0.0086,0.0050,0.0178,0.0210,0.0246,0.0266,0.0251,0.0375,0.1296,0.1032,0.1641,0.1549,0.1443,0.0727,0.0260
6055,12/31/2010,0.9709,0.0000,0.0000,0.0052,0.0244,0.0048,0.0154,0.0088,0.0251,0.0097,0.0221,0.0035,0.0150,0.0287,0.0370,0.0107,0.0858,0.0790,0.2435,0.1529,0.1309,0.0686,0.0291
6057,12/31/2010,0.9358,0.0000,0.0000,0.0053,0.0054,0.0212,0.0059,0.0163,0.0100,0.0176,0.0931,0.0220,0.0529,0.0242,0.0398,0.0363,0.1509,0.0306,0.1421,0.1153,0.1368,0.0101,0.0642
6059,12/31/2010,0.9811,0.0009,0.0028,0.0044,0.0110,0.0043,0.0047,0.0053,0.0043,0.0034,0.0077,0.0036,0.0100,0.0047,0.0100,0.0116,0.0477,0.0718,0.2268,0.1983,0.2137,0.1339,0.0189
6061,12/31/2010,0.9731,0.0000,0.0000,0.0005,0.0196,0.0006,0.0061,0.0055,0.0099,0.0067,0.0213,0.0247,0.0307,0.0583,0.0331,0.0576,0.1356,0.0959,0.1625,0.1340,0.1190,0.0517,0.0269
6065,12/31/2010,0.9693,0.0045,0.0023,0.0079,0.0093,0.0077,0.0152,0.0095,0.0086,0.0178,0.0256,0.0206,0.0270,0.0347,0.0405,0.0542,0.1179,0.0954,0.2036,0.1200,0.1022,0.0447,0.0307
6067,12/31/2010,0.9720,0.0065,0.0048,0.0125,0.0127,0.0053,0.0059,0.0084,0.0098,0.0110,0.0193,0.0270,0.0436,0.0736,0.0793,0.0824,0.1291,0.0971,0.1619,0.0969,0.0663,0.0186,0.0280
6071,12/31/2010,0.9716,0.0071,0.0014,0.0051,0.0113,0.0064,0.0082,0.0096,0.0124,0.0137,0.0361,0.0325,0.0398,0.0445,0.0484,0.0591,0.1281,0.1019,0.1886,0.1007,0.0894,0.0272,0.0284
6073,12/31/2010,0.9759,0.0010,0.0023,0.0039,0.0127,0.0034,0.0059,0.0044,0.0078,0.0071,0.0092,0.0093,0.0155,0.0173,0.0247,0.0377,0.0838,0.1000,0.1990,0.1427,0.1971,0.0912,0.0241
6075,12/31/2010,0.9742,0.0041,0.0032,0.0041,0.0193,0.0196,0.0154,0.0116,0.0124,0.0203,0.0190,0.0167,0.0268,0.0149,0.0274,0.0124,0.0476,0.0443,0.1381,0.1061,0.2026,0.2084,0.0258
6077,12/31/2010,0.9527,0.0057,0.0048,0.0050,0.0111,0.0067,0.0160,0.0096,0.0129,0.0161,0.0340,0.0383,0.0580,0.0707,0.0514,0.0714,0.1335,0.0753,0.1462,0.1074,0.0602,0.0184,0.0473
6079,12/31/2010,0.9429,0.0000,0.0000,0.0000,0.0107,0.0063,0.0110,0.0070,0.0270,0.0032,0.0197,0.0093,0.0243,0.0087,0.0465,0.0527,0.1106,0.1116,0.1699,0.1075,0.1173,0.0997,0.0571
6081,12/31/2010,0.9715,0.0000,0.0015,0.0062,0.0053,0.0051,0.0019,0.0047,0.0068,0.0015,0.0010,0.0011,0.0080,0.0078,0.0124,0.0089,0.0413,0.0414,0.2207,0.1915,0.2327,0.1718,0.0285
6083,12/31/2010,0.9502,0.0035,0.0082,0.0054,0.0158,0.0046,0.0082,0.0071,0.0144,0.0061,0.0110,0.0144,0.0197,0.0310,0.0325,0.0111,0.0877,0.0697,0.1706,0.1344,0.1574,0.1375,0.0498
6085,12/31/2010,0.9793,0.0037,0.0028,0.0024,0.0153,0.0054,0.0049,0.0031,0.0082,0.0058,0.0132,0.0091,0.0111,0.0099,0.0108,0.0112,0.0538,0.0559,0.1944,0.1809,0.2317,0.1457,0.0207
6087,12/31/2010,0.9466,0.0071,0.0101,0.0134,0.0159,0.0224,0.0067,0.0070,0.0053,0.0142,0.0113,0.0114,0.0334,0.0150,0.0187,0.0195,0.0650,0.0627,0.1726,0.1452,0.2141,0.0755,0.0534
6089,12/31/2010,0.9512,0.0143,0.0076,0.0122,0.0263,0.0166,0.0156,0.0138,0.0280,0.0543,0.0629,0.0658,0.0518,0.0527,0.0742,0.0437,0.1027,0.0580,0.1285,0.0425,0.0641,0.0156,0.0488
6095,12/31/2010,0.9581,0.0038,0.0044,0.0070,0.0118,0.0100,0.0012,0.0071,0.0117,0.0137,0.0065,0.0100,0.0242,0.0293,0.0301,0.0335,0.0797,0.1107,0.2201,0.1372,0.1576,0.0487,0.0419
6097,12/31/2010,0.9594,0.0069,0.0067,0.0122,0.0078,0.0043,0.0039,0.0045,0.0113,0.0047,0.0173,0.0065,0.0213,0.0050,0.0237,0.0283,0.1040,0.0949,0.2411,0.1290,0.1670,0.0591,0.0406
6099,12/31/2010,0.9460,0.0062,0.0169,0.0114,0.0095,0.0042,0.0103,0.0097,0.0341,0.0152,0.0456,0.0376,0.0524,0.0486,0.0804,0.0736,0.1264,0.0815,0.1698,0.0700,0.0307,0.0117,0.0540
6101,12/31/2010,0.9607,0.0095,0.0060,0.0057,0.0444,0.0051,0.0448,0.0083,0.0097,0.0485,0.0415,0.0744,0.0658,0.0861,0.1151,0.0479,0.0785,0.0763,0.0676,0.0936,0.0232,0.0085,0.0393
6107,12/31/2010,0.9471,0.0110,0.0049,0.0067,0.0267,0.0148,0.0427,0.0375,0.0582,0.0369,0.0693,0.0777,0.0675,0.0648,0.0601,0.0612,0.1233,0.0680,0.0743,0.0220,0.0152,0.0043,0.0529
6111,12/31/2010,0.9750,0.0057,0.0058,0.0113,0.0141,0.0117,0.0105,0.0042,0.0097,0.0037,0.0174,0.0056,0.0155,0.0047,0.0149,0.0131,0.0662,0.0657,0.1813,0.1511,0.2235,0.1394,0.0250
6113,12/31/2010,0.9684,0.0018,0.0000,0.0192,0.0248,0.0131,0.0104,0.0134,0.0165,0.0090,0.0131,0.0236,0.0544,0.0289,0.0222,0.0472,0.1229,0.1123,0.1748,0.0830,0.1474,0.0304,0.0316
6115,12/31/2010,0.9309,0.0194,0.0088,0.0000,0.0166,0.0046,0.0306,0.0096,0.0114,0.0353,0.1016,0.0378,0.0780,0.1026,0.0647,0.0513,0.0957,0.0685,0.1028,0.0582,0.0260,0.0074,0.0691
6001,12/31/2011,0.9639,0.0085,0.0046,0.0083,0.0197,0.0085,0.0087,0.0099,0.0100,0.0061,0.0098,0.0065,0.0194,0.0133,0.0243,0.0275,0.0708,0.0848,0.2043,0.1561,0.1795,0.0832,0.0361
6007,12/31/2011,0.9261,0.0098,0.0101,0.0132,0.0148,0.0216,0.0104,0.0083,0.0276,0.0128,0.0672,0.0719,0.0793,0.0575,0.0711,0.0532,0.1074,0.0900,0.0959,0.0486,0.0419,0.0136,0.0739
6013,12/31/2011,0.9747,0.0025,0.0049,0.0107,0.0163,0.0085,0.0032,0.0061,0.0081,0.0071,0.0074,0.0108,0.0168,0.0138,0.0207,0.0280,0.0686,0.0893,0.2276,0.1563,0.1662,0.1020,0.0253
6017,12/31/2011,0.9064,0.0064,0.0063,0.0042,0.0021,0.0000,0.0307,0.0117,0.0257,0.0028,0.0385,0.0438,0.0520,0.0494,0.0531,0.0342,0.1306,0.0577,0.1443,0.0705,0.0738,0.0686,0.0936
6019,12/31/2011,0.9524,0.0077,0.0110,0.0099,0.0185,0.0111,0.0159,0.0158,0.0184,0.0369,0.0602,0.0564,0.0748,0.0948,0.0748,0.0737,0.1086,0.0738,0.1181,0.0389,0.0257,0.0073,0.0476
6023,12/31/2011,0.9394,0.0017,0.0096,0.0064,0.0095,0.0261,0.0178,0.0357,0.0196,0.0201,0.0530,0.0580,0.0693,0.0632,0.0725,0.0494,0.1249,0.0645,0.1071,0.0596,0.0367,0.0346,0.0606
6025,12/31/2011,0.9459,0.0092,0.0124,0.0303,0.0320,0.0359,0.0390,0.0446,0.0414,0.0846,0.1048,0.0462,0.0890,0.0578,0.0454,0.0547,0.0703,0.0338,0.0909,0.0162,0.0074,0.0000,0.0541
6029,12/31/2011,0.9535,0.0109,0.0107,0.0114,0.0108,0.0129,0.0176,0.0314,0.0456,0.0427,0.0532,0.0506,0.0826,0.0803,0.0617,0.0662,0.1017,0.0682,0.0946,0.0587,0.0370,0.0046,0.0465
6031,12/31/2011,0.9128,0.0011,0.0149,0.0278,0.0149,0.0110,0.0141,0.0214,0.0275,0.0276,0.0300,0.0900,0.0459,0.0527,0.0396,0.0977,0.0808,0.0528,0.1412,0.0462,0.0756,0.0000,0.0872
6037,12/31/2011,0.9741,0.0033,0.0032,0.0072,0.0146,0.0064,0.0081,0.0080,0.0096,0.0070,0.0174,0.0143,0.0242,0.0267,0.0374,0.0388,0.1005,0.0988,0.2113,0.1198,0.1397,0.0778,0.0259
6039,12/31/2011,0.8721,0.0069,0.0132,0.0128,0.0026,0.0021,0.0273,0.0287,0.0310,0.0381,0.0894,0.0453,0.1046,0.0801,0.0540,0.0697,0.0543,0.0583,0.0861,0.0285,0.0293,0.0093,0.1279
6041,12/31/2011,0.9657,0.0006,0.0024,0.0017,0.0281,0.0165,0.0074,0.0010,0.0082,0.0085,0.0056,0.0050,0.0009,0.0121,0.0177,0.0126,0.0269,0.0504,0.1800,0.1717,0.2243,0.1840,0.0343
6045,12/31/2011,0.9148,0.0071,0.0068,0.0152,0.0477,0.0266,0.0066,0.0000,0.0233,0.0044,0.0730,0.0240,0.0175,0.0465,0.0217,0.0705,0.1169,0.0523,0.2124,0.0794,0.0324,0.0305,0.0852
6047,12/31/2011,0.9278,0.0000,0.0121,0.0128,0.0065,0.0165,0.0209,0.0170,0.0556,0.0374,0.0865,0.0519,0.0665,0.0659,0.0609,0.0544,0.1209,0.0988,0.1079,0.0163,0.0181,0.0009,0.0722
6053,12/31/2011,0.9685,0.0049,0.0033,0.0050,0.0039,0.0050,0.0033,0.0201,0.0113,0.0042,0.0174,0.0107,0.0273,0.0236,0.0200,0.0389,0.1342,0.0944,0.2318,0.1140,0.1201,0.0752,0.0315
6055,12/31/2011,0.9330,0.0000,0.0055,0.0000,0.0157,0.0084,0.0050,0.0032,0.0117,0.0028,0.0100,0.0185,0.0175,0.0131,0.0292,0.0264,0.0814,0.0864,0.1474,0.1401,0.2364,0.0741,0.0670
6057,12/31/2011,0.9256,0.0000,0.0000,0.0000,0.0153,0.0126,0.0038,0.0252,0.0000,0.0235,0.0244,0.0534,0.0538,0.0357,0.0119,0.0526,0.0935,0.0491,0.2194,0.0783,0.1092,0.0638,0.0744
6059,12/31/2011,0.9767,0.0026,0.0019,0.0051,0.0089,0.0030,0.0057,0.0045,0.0054,0.0029,0.0051,0.0042,0.0067,0.0056,0.0087,0.0098,0.0440,0.0665,0.2082,0.2034,0.2388,0.1356,0.0233
6061,12/31/2011,0.9623,0.0019,0.0024,0.0078,0.0077,0.0017,0.0141,0.0041,0.0065,0.0027,0.0227,0.0152,0.0321,0.0376,0.0558,0.0596,0.0983,0.0794,0.1957,0.1550,0.1294,0.0326,0.0377
6065,12/31/2011,0.9623,0.0051,0.0048,0.0100,0.0141,0.0088,0.0075,0.0124,0.0151,0.0133,0.0236,0.0214,0.0364,0.0481,0.0416,0.0460,0.1233,0.0826,0.1727,0.1102,0.1056,0.0596,0.0377
6067,12/31/2011,0.9681,0.0054,0.0092,0.0103,0.0076,0.0088,0.0073,0.0060,0.0078,0.0147,0.0218,0.0360,0.0600,0.0640,0.0597,0.0723,0.1293,0.0844,0.1698,0.1078,0.0723,0.0140,0.0319
6071,12/31/2011,0.9686,0.0060,0.0030,0.0056,0.0154,0.0030,0.0095,0.0078,0.0156,0.0093,0.0274,0.0270,0.0405,0.0437,0.0532,0.0448,0.1286,0.1177,0.2052,0.0885,0.0928,0.0239,0.0314
6073,12/31/2011,0.9716,0.0024,0.0026,0.0028,0.0113,0.0046,0.0052,0.0045,0.0087,0.0071,0.0100,0.0121,0.0136,0.0171,0.0286,0.0379,0.0937,0.0968,0.1871,0.1498,0.1867,0.0892,0.0284
6075,12/31/2011,0.9735,0.0062,0.0071,0.0053,0.0242,0.0171,0.0069,0.0098,0.0168,0.0171,0.0203,0.0134,0.0214,0.0160,0.0162,0.0175,0.0489,0.0510,0.1223,0.1106,0.2145,0.2109,0.0265
6077,12/31/2011,0.9602,0.0031,0.0039,0.0053,0.0123,0.0075,0.0160,0.0140,0.0233,0.0299,0.0451,0.0357,0.0512,0.0643,0.0628,0.0602,0.1356,0.0542,0.1696,0.0819,0.0671,0.0175,0.0398
6079,12/31/2011,0.9251,0.0000,0.0040,0.0059,0.0075,0.0099,0.0055,0.0009,0.0023,0.0249,0.0236,0.0212,0.0296,0.0198,0.0245,0.0259,0.0677,0.0885,0.2016,0.1335,0.1780,0.0503,0.0749
6081,12/31/2011,0.9705,0.0010,0.0042,0.0019,0.0024,0.0016,0.0039,0.0036,0.0026,0.0115,0.0089,0.0071,0.0070,0.0050,0.0081,0.0103,0.0356,0.0454,0.1897,0.1559,0.2727,0.1922,0.0295
6083,12/31/2011,0.9613,0.0064,0.0032,0.0039,0.0104,0.0059,0.0101,0.0031,0.0077,0.0110,0.0178,0.0255,0.0279,0.0250,0.0276,0.0397,0.0560,0.0661,0.1837,0.1216,0.1865,0.1222,0.0387
6085,12/31/2011,0.9768,0.0031,0.0035,0.0058,0.0133,0.0060,0.0056,0.0065,0.0089,0.0074,0.0113,0.0077,0.0122,0.0046,0.0117,0.0139,0.0335,0.0506,0.1864,0.1732,0.2493,0.1622,0.0232
6087,12/31/2011,0.9816,0.0127,0.0000,0.0072,0.0284,0.0117,0.0019,0.0044,0.0186,0.0061,0.0097,0.0118,0.0178,0.0177,0.0199,0.0092,0.0702,0.0557,0.1790,0.1508,0.2327,0.1159,0.0184
6089,12/31/2011,0.9368,0.0000,0.0000,0.0268,0.0066,0.0209,0.0310,0.0125,0.0380,0.0402,0.0504,0.0751,0.0844,0.0480,0.0625,0.0728,0.0980,0.0556,0.0887,0.0423,0.0541,0.0289,0.0632
6095,12/31/2011,0.9580,0.0068,0.0045,0.0091,0.0084,0.0104,0.0039,0.0074,0.0155,0.0090,0.0113,0.0078,0.0090,0.0271,0.0278,0.0551,0.0841,0.1159,0.1721,0.1632,0.1620,0.0474,0.0420
6097,12/31/2011,0.9498,0.0022,0.0128,0.0090,0.0162,0.0078,0.0038,0.0117,0.0154,0.0085,0.0127,0.0046,0.0170,0.0159,0.0290,0.0251,0.0921,0.0898,0.2338,0.1135,0.1866,0.0424,0.0502
6099,12/31/2011,0.9526,0.0086,0.0023,0.0119,0.0116,0.0114,0.0099,0.0201,0.0118,0.0118,0.0357,0.0588,0.0634,0.0826,0.0602,0.0731,0.1488,0.0894,0.1671,0.0409,0.0238,0.0096,0.0474
6101,12/31/2011,0.9036,0.0051,0.0000,0.0000,0.0148,0.0266,0.0036,0.0069,0.0033,0.0442,0.0769,0.0567,0.1211,0.0827,0.0336,0.0269,0.1062,0.0847,0.1478,0.0449,0.0136,0.0038,0.0964
6107,12/31/2011,0.9376,0.0039,0.0032,0.0034,0.0147,0.0127,0.0407,0.0408,0.0528,0.0583,0.1107,0.0710,0.0685,0.0661,0.0643,0.0537,0.0979,0.0519,0.0791,0.0236,0.0109,0.0095,0.0624
6111,12/31/2011,0.9724,0.0060,0.0077,0.0151,0.0107,0.0096,0.0128,0.0083,0.0081,0.0064,0.0100,0.0083,0.0111,0.0099,0.0177,0.0207,0.0459,0.0640,0.1817,0.1518,0.2475,0.1191,0.0276
6113,12/31/2011,0.9698,0.0017,0.0009,0.0141,0.0036,0.0229,0.0129,0.0265,0.0140,0.0118,0.0149,0.0102,0.0451,0.0685,0.0705,0.0669,0.1002,0.0832,0.1824,0.0927,0.0884,0.0380,0.0302
6115,12/31/2011,0.9172,0.0184,0.0000,0.0174,0.0234,0.0047,0.0070,0.0342,0.0517,0.0541,0.1033,0.1166,0.0496,0.0451,0.0526,0.0355,0.0563,0.0356,0.0458,0.1161,0.0450,0.0047,0.0828
6001,12/31/2012,0.9754,0.0062,0.0037,0.0065,0.0221,0.0114,0.0089,0.0074,0.0132,0.0078,0.0130,0.0102,0.0126,0.0143,0.0305,0.0267,0.0683,0.0777,0.2019,0.1600,0.1820,0.0910,0.0246
6007,12/31/2012,0.9423,0.0021,0.0025,0.0104,0.0043,0.0128,0.0153,0.0128,0.0162,0.0315,0.0674,0.0602,0.0750,0.0484,0.0673,0.0686,0.1227,0.0579,0.1509,0.0629,0.0357,0.0173,0.0577
6013,12/31/2012,0.9637,0.0038,0.0046,0.0092,0.0138,0.0095,0.0071,0.0056,0.0059,0.0037,0.0104,0.0078,0.0063,0.0140,0.0160,0.0212,0.0710,0.0906,0.1974,0.1410,0.2031,0.1218,0.0363
6017,12/31/2012,0.9412,0.0030,0.0000,0.0066,0.0165,0.0000,0.0000,0.0004,0.0039,0.0080,0.0189,0.0181,0.0297,0.0715,0.0339,0.1017,0.1204,0.0850,0.1434,0.1226,0.0883,0.0693,0.0588
6019,12/31/2012,0.9564,0.0166,0.0132,0.0079,0.0176,0.0124,0.0157,0.0215,0.0281,0.0316,0.0546,0.0529,0.0693,0.0784,0.0720,0.0617,0.1053,0.0876,0.1322,0.0432,0.0218,0.0127,0.0436
6023,12/31/2012,0.9441,0.0000,0.0029,0.0134,0.0154,0.0130,0.0110,0.0226,0.0310,0.0279,0.0549,0.0568,0.1103,0.0746,0.0504,0.0665,0.1139,0.0420,0.1190,0.0603,0.0552,0.0031,0.0559
6025,12/31/2012,0.9205,0.0122,0.0062,0.0243,0.0372,0.0226,0.0108,0.0338,0.0573,0.0662,0.0892,0.1110,0.0605,0.0481,0.0900,0.0280,0.0649,0.0478,0.0664,0.0323,0.0118,0.0000,0.0795
6029,12/31/2012,0.9527,0.0065,0.0071,0.0054,0.0115,0.0086,0.0206,0.0135,0.0363,0.0400,0.0711,0.0600,0.0802,0.0896,0.0553,0.0472,0.1084,0.0647,0.1423,0.0455,0.0323,0.0064,0.0473
6031,12/31/2012,0.9448,0.0112,0.0000,0.0176,0.0148,0.0029,0.0434,0.0081,0.0300,0.0292,0.0874,0.0756,0.0900,0.0759,0.0995,0.0332,0.0941,0.0634,0.0938,0.0337,0.0212,0.0198,0.0552
6033,12/31/2012,0.9701,0.0037,0.0023,0.0306,0.0155,0.0020,0.0520,0.0153,0.0217,0.0328,0.1352,0.0853,0.1001,0.0597,0.0397,0.0242,0.0961,0.0695,0.0842,0.0605,0.0185,0.0208,0.0299
6037,12/31/2012,0.9766,0.0045,0.0024,0.0064,0.0144,0.0053,0.0073,0.0058,0.0096,0.0073,0.0166,0.0125,0.0230,0.0265,0.0362,0.0379,0.0982,0.1003,0.2097,0.1258,0.1436,0.0835,0.0234
6039,12/31/2012,0.8817,0.0057,0.0094,0.0095,0.0115,0.0000,0.0167,0.0110,0.0273,0.0293,0.0757,0.0530,0.0575,0.0613,0.0464,0.0441,0.1405,0.0774,0.1098,0.0621,0.0058,0.0278,0.1183
6041,12/31/2012,0.9659,0.0026,0.0000,0.0153,0.0080,0.0052,0.0093,0.0041,0.0022,0.0035,0.0098,0.0031,0.0115,0.0090,0.0179,0.0079,0.0249,0.0311,0.1265,0.1909,0.2984,0.1847,0.0341
6045,12/31/2012,0.9291,0.0174,0.0055,0.0204,0.0113,0.0297,0.0503,0.0315,0.0314,0.0354,0.0326,0.0436,0.0597,0.0665,0.0367,0.0330,0.0741,0.0539,0.1635,0.0867,0.0387,0.0071,0.0709
6047,12/31/2012,0.9288,0.0070,0.0111,0.0093,0.0063,0.0069,0.0179,0.0334,0.0386,0.0612,0.0513,0.0573,0.0828,0.0660,0.0712,0.0626,0.1142,0.1105,0.0992,0.0153,0.0021,0.0045,0.0712
6053,12/31/2012,0.9807,0.0020,0.0060,0.0030,0.0029,0.0033,0.0076,0.0074,0.0114,0.0071,0.0090,0.0132,0.0221,0.0171,0.0385,0.0361,0.1021,0.1233,0.2076,0.1287,0.1429,0.0894,0.0193
6055,12/31/2012,0.9434,0.0088,0.0000,0.0061,0.0138,0.0095,0.0133,0.0170,0.0188,0.0124,0.0158,0.0101,0.0078,0.0125,0.0200,0.0107,0.0520,0.0886,0.1806,0.1424,0.1992,0.1040,0.0566
6059,12/31/2012,0.9773,0.0022,0.0017,0.0039,0.0100,0.0031,0.0049,0.0050,0.0058,0.0040,0.0071,0.0027,0.0065,0.0061,0.0061,0.0093,0.0330,0.0635,0.2025,0.1975,0.2458,0.1564,0.0227
6061,12/31/2012,0.9673,0.0025,0.0010,0.0044,0.0045,0.0071,0.0064,0.0012,0.0098,0.0046,0.0098,0.0097,0.0274,0.0196,0.0448,0.0504,0.1107,0.1019,0.1815,0.1592,0.1496,0.0611,0.0327
6065,12/31/2012,0.9621,0.0054,0.0032,0.0080,0.0093,0.0075,0.0112,0.0097,0.0142,0.0110,0.0242,0.0210,0.0324,0.0441,0.0468,0.0474,0.1083,0.0909,0.1863,0.1202,0.1204,0.0408,0.0379
6067,12/31/2012,0.9739,0.0086,0.0034,0.0103,0.0084,0.0051,0.0083,0.0098,0.0125,0.0099,0.0257,0.0354,0.0498,0.0602,0.0724,0.0786,0.1290,0.0888,0.1608,0.1167,0.0628,0.0173,0.0261
6071,12/31/2012,0.9634,0.0055,0.0021,0.0069,0.0085,0.0040,0.0118,0.0086,0.0126,0.0140,0.0225,0.0361,0.0438,0.0458,0.0459,0.0597,0.1156,0.1054,0.1908,0.1034,0.0909,0.0295,0.0366
6073,12/31/2012,0.9747,0.0031,0.0021,0.0031,0.0125,0.0049,0.0059,0.0058,0.0069,0.0065,0.0091,0.0073,0.0132,0.0129,0.0250,0.0339,0.0813,0.0953,0.2032,0.1436,0.1961,0.1029,0.0253
6075,12/31/2012,0.9775,0.0102,0.0053,0.0070,0.0283,0.0148,0.0121,0.0124,0.0174,0.0150,0.0225,0.0157,0.0182,0.0114,0.0226,0.0083,0.0340,0.0311,0.1160,0.1032,0.2128,0.2592,0.0225
6077,12/31/2012,0.9531,0.0076,0.0043,0.0053,0.0103,0.0053,0.0103,0.0112,0.0168,0.0220,0.0391,0.0498,0.0532,0.0591,0.0613,0.0646,0.1254,0.0679,0.1699,0.0880,0.0716,0.0100,0.0469
6079,12/31/2012,0.9531,0.0004,0.0011,0.0023,0.0133,0.0073,0.0038,0.0037,0.0123,0.0076,0.0180,0.0016,0.0204,0.0267,0.0281,0.0374,0.1032,0.1160,0.2114,0.1547,0.1329,0.0509,0.0469
6081,12/31/2012,0.9703,0.0011,0.0020,0.0021,0.0058,0.0026,0.0023,0.0056,0.0011,0.0011,0.0050,0.0046,0.0058,0.0068,0.0076,0.0060,0.0250,0.0388,0.1673,0.1948,0.2687,0.2162,0.0297
6083,12/31/2012,0.9726,0.0087,0.0089,0.0065,0.0076,0.0016,0.0091,0.0014,0.0089,0.0114,0.0139,0.0175,0.0198,0.0130,0.0317,0.0272,0.0602,0.0806,0.1694,0.1418,0.2002,0.1331,0.0274
6085,12/31/2012,0.9806,0.0027,0.0046,0.0056,0.0136,0.0071,0.0044,0.0068,0.0112,0.0044,0.0083,0.0085,0.0080,0.0045,0.0075,0.0104,0.0307,0.0411,0.1489,0.1760,0.2660,0.2102,0.0194
6087,12/31/2012,0.9732,0.0017,0.0008,0.0078,0.0160,0.0078,0.0121,0.0084,0.0074,0.0054,0.0109,0.0064,0.0207,0.0072,0.0122,0.0213,0.0563,0.0497,0.1637,0.1384,0.2708,0.1482,0.0268
6089,12/31/2012,0.9537,0.0048,0.0100,0.0086,0.0195,0.0185,0.0145,0.0275,0.0195,0.0529,0.0733,0.0436,0.0989,0.0433,0.0366,0.0585,0.0942,0.0764,0.1265,0.0559,0.0446,0.0259,0.0463
6095,12/31/2012,0.9626,0.0049,0.0081,0.0081,0.0092,0.0094,0.0069,0.0065,0.0062,0.0076,0.0213,0.0036,0.0110,0.0211,0.0205,0.0287,0.0960,0.0965,0.2516,0.1563,0.1450,0.0440,0.0374
6097,12/31/2012,0.9592,0.0020,0.0017,0.0068,0.0136,0.0056,0.0070,0.0082,0.0053,0.0029,0.0118,0.0061,0.0134,0.0102,0.0199,0.0289,0.0808,0.1091,0.2525,0.1557,0.1520,0.0658,0.0408
6099,12/31/2012,0.9501,0.0073,0.0017,0.0078,0.0099,0.0109,0.0202,0.0093,0.0157,0.0229,0.0422,0.0482,0.0563,0.0744,0.0567,0.0821,0.1565,0.0741,0.1320,0.0692,0.0382,0.0146,0.0499
6101,12/31/2012,0.9419,0.0142,0.0000,0.0089,0.0105,0.0159,0.0127,0.0028,0.0139,0.0620,0.0230,0.0790,0.0920,0.0870,0.0557,0.0669,0.0914,0.0351,0.1585,0.0605,0.0272,0.0246,0.0581
6107,12/31/2012,0.9353,0.0041,0.0081,0.0099,0.0216,0.0188,0.0252,0.0301,0.0489,0.0493,0.0622,0.0619,0.0821,0.0585,0.0468,0.0974,0.1026,0.0546,0.0989,0.0257,0.0146,0.0140,0.0647
6111,12/31/2012,0.9708,0.0050,0.0019,0.0049,0.0070,0.0074,0.0051,0.0057,0.0055,0.0047,0.0115,0.0066,0.0140,0.0143,0.0051,0.0201,0.0485,0.0666,0.1859,0.1552,0.2469,0.1490,0.0292
6113,12/31/2012,0.9735,0.0016,0.0021,0.0117,0.0101,0.0166,0.0083,0.0348,0.0130,0.0132,0.0265,0.0414,0.0419,0.0412,0.0416,0.0390,0.1065,0.1085,0.1646,0.1359,0.0655,0.0492,0.0265
6115,12/31/2012,0.9179,0.0226,0.0107,0.0170,0.0042,0.0176,0.0123,0.0072,0.0233,0.0245,0.0694,0.0723,0.0545,0.0711,0.0352,0.0870,0.0731,0.0705,0.1136,0.0818,0.0372,0.0130,0.0821
6001,12/31/2013,0.9743,0.0069,0.0034,0.0066,0.0208,0.0100,0.0056,0.0064,0.0111,0.0065,0.0098,0.0081,0.0188,0.0130,0.0212,0.0171,0.0633,0.0752,0.1943,0.1564,0.1986,0.1212,0.0257
6007,12/31/2013,0.9520,0.0037,0.0003,0.0015,0.0164,0.0028,0.0091,0.0173,0.0222,0.0249,0.0537,0.0443,0.1066,0.0826,0.0741,0.0539,0.1338,0.0694,0.1213,0.0662,0.0263,0.0216,0.0480
6013,12/31/2013,0.9747,0.0078,0.0016,0.0077,0.0172,0.0033,0.0080,0.0051,0.0085,0.0047,0.0094,0.0070,0.0078,0.0086,0.0163,0.0185,0.0730,0.0779,0.1842,0.1563,0.2238,0.1281,0.0253
6017,12/31/2013,0.8905,0.0000,0.0189,0.0017,0.0027,0.0000,0.0000,0.0367,0.0032,0.0000,0.0512,0.0259,0.0298,0.0429,0.0662,0.0594,0.1609,0.0659,0.1212,0.0412,0.1122,0.0503,0.1095
6019,12/31/2013,0.9594,0.0182,0.0083,0.0105,0.0118,0.0125,0.0200,0.0112,0.0288,0.0405,0.0519,0.0547,0.0735,0.0814,0.0752,0.0651,0.1115,0.0772,0.1137,0.0546,0.0272,0.0116,0.0406
6023,12/31/2013,0.9160,0.0021,0.0068,0.0024,0.0134,0.0088,0.0204,0.0094,0.0160,0.0273,0.0353,0.0418,0.0788,0.1001,0.0325,0.0671,0.0948,0.0700,0.1136,0.1111,0.0452,0.0192,0.0840
6025,12/31/2013,0.9405,0.0161,0.0137,0.0112,0.0424,0.0261,0.0119,0.0359,0.0523,0.0595,0.0616,0.0726,0.0865,0.0611,0.0534,0.0415,0.0860,0.0516,0.1182,0.0336,0.0031,0.0021,0.0595
6029,12/31/2013,0.9589,0.0045,0.0009,0.0111,0.0120,0.0085,0.0108,0.0174,0.0351,0.0358,0.0632,0.0593,0.0777,0.0841,0.0673,0.0533,0.1112,0.0600,0.1471,0.0416,0.0431,0.0150,0.0411
6031,12/31/2013,0.9587,0.0208,0.0119,0.0237,0.0231,0.0229,0.0129,0.0170,0.0419,0.0642,0.0523,0.0604,0.0691,0.0674,0.0533,0.0526,0.0967,0.0656,0.0963,0.0307,0.0601,0.0158,0.0413
6033,12/31/2013,0.9245,0.0093,0.0000,0.0006,0.0039,0.0230,0.0059,0.0240,0.0396,0.0000,0.0309,0.0830,0.0533,0.0823,0.0652,0.1515,0.1404,0.0551,0.0927,0.0504,0.0132,0.0000,0.0755
6037,12/31/2013,0.9747,0.0057,0.0035,0.0042,0.0163,0.0075,0.0063,0.0071,0.0084,0.0061,0.0162,0.0113,0.0201,0.0212,0.0297,0.0352,0.0968,0.0976,0.2062,0.1313,0.1474,0.0967,0.0253
6039,12/31/2013,0.9310,0.0100,0.0176,0.0074,0.0335,0.0126,0.0233,0.0097,0.0099,0.0353,0.0491,0.0289,0.0523,0.0276,0.0281,0.0635,0.2226,0.1118,0.1382,0.0236,0.0155,0.0108,0.0690
6041,12/31/2013,0.9599,0.0029,0.0226,0.0074,0.0082,0.0095,0.0061,0.0091,0.0036,0.0033,0.0051,0.0047,0.0002,0.0000,0.0016,0.0065,0.0249,0.0360,0.1687,0.1476,0.2254,0.2665,0.0401
6045,12/31/2013,0.9080,0.0292,0.0140,0.0073,0.0239,0.0455,0.0306,0.0294,0.0603,0.0101,0.0429,0.0425,0.0347,0.0252,0.0365,0.0309,0.0879,0.1032,0.1262,0.0714,0.0231,0.0331,0.0920
6047,12/31/2013,0.9515,0.0091,0.0132,0.0074,0.0078,0.0148,0.0145,0.0248,0.0299,0.0565,0.0558,0.0684,0.0630,0.0694,0.0694,0.0555,0.1303,0.0874,0.1002,0.0413,0.0312,0.0017,0.0485
6053,12/31/2013,0.9703,0.0035,0.0007,0.0032,0.0200,0.0070,0.0102,0.0049,0.0045,0.0075,0.0194,0.0081,0.0191,0.0184,0.0240,0.0347,0.0615,0.1112,0.2296,0.1283,0.1519,0.1027,0.0297
6055,12/31/2013,0.9476,0.0022,0.0015,0.0000,0.0175,0.0066,0.0036,0.0058,0.0000,0.0209,0.0107,0.0084,0.0260,0.0017,0.0177,0.0326,0.0828,0.0837,0.1933,0.1343,0.1680,0.1303,0.0524
6059,12/31/2013,0.9751,0.0020,0.0017,0.0061,0.0079,0.0075,0.0042,0.0059,0.0035,0.0038,0.0046,0.0024,0.0048,0.0072,0.0070,0.0080,0.0344,0.0612,0.1732,0.1984,0.2470,0.1843,0.0249
6061,12/31/2013,0.9725,0.0073,0.0051,0.0075,0.0027,0.0044,0.0050,0.0061,0.0141,0.0085,0.0148,0.0104,0.0113,0.0148,0.0297,0.0513,0.0788,0.0913,0.1795,0.1776,0.1632,0.0893,0.0275
6065,12/31/2013,0.9611,0.0040,0.0027,0.0079,0.0083,0.0063,0.0110,0.0094,0.0164,0.0124,0.0241,0.0183,0.0296,0.0372,0.0388,0.0457,0.1044,0.0920,0.1903,0.1328,0.1190,0.0506,0.0389
6067,12/31/2013,0.9692,0.0055,0.0094,0.0062,0.0123,0.0109,0.0056,0.0041,0.0095,0.0136,0.0228,0.0315,0.0486,0.0595,0.0599,0.0735,0.1235,0.0876,0.1855,0.1071,0.0737,0.0188,0.0308
6071,12/31/2013,0.9628,0.0071,0.0039,0.0059,0.0061,0.0051,0.0109,0.0080,0.0174,0.0119,0.0207,0.0246,0.0368,0.0397,0.0516,0.0567,0.1024,0.1169,0.2167,0.0945,0.0975,0.0285,0.0372
6073,12/31/2013,0.9771,0.0041,0.0030,0.0040,0.0113,0.0054,0.0047,0.0059,0.0064,0.0045,0.0084,0.0083,0.0090,0.0138,0.0207,0.0295,0.0752,0.0916,0.2129,0.1460,0.1984,0.1138,0.0229
6075,12/31/2013,0.9779,0.0070,0.0059,0.0050,0.0197,0.0189,0.0120,0.0104,0.0232,0.0115,0.0157,0.0185,0.0201,0.0146,0.0146,0.0163,0.0481,0.0364,0.1110,0.1054,0.1918,0.2718,0.0221
6077,12/31/2013,0.9503,0.0050,0.0023,0.0021,0.0099,0.0082,0.0103,0.0064,0.0216,0.0177,0.0381,0.0500,0.0498,0.0664,0.0649,0.0609,0.1243,0.0683,0.1699,0.0869,0.0712,0.0160,0.0497
6079,12/31/2013,0.9473,0.0000,0.0015,0.0079,0.0077,0.0105,0.0035,0.0000,0.0264,0.0010,0.0101,0.0090,0.0172,0.0279,0.0341,0.0304,0.1150,0.1030,0.2192,0.1170,0.1419,0.0638,0.0527
6081,12/31/2013,0.9746,0.0038,0.0015,0.0040,0.0103,0.0035,0.0028,0.0021,0.0053,0.0038,0.0059,0.0028,0.0057,0.0079,0.0142,0.0048,0.0287,0.0273,0.1421,0.1546,0.2841,0.2595,0.0254
6083,12/31/2013,0.9606,0.0059,0.0037,0.0059,0.0168,0.0066,0.0035,0.0050,0.0091,0.0082,0.0156,0.0143,0.0177,0.0197,0.0105,0.0269,0.0730,0.0589,0.1886,0.1204,0.1901,0.1604,0.0394
6085,12/31/2013,0.9801,0.0047,0.0028,0.0023,0.0095,0.0051,0.0066,0.0049,0.0085,0.0034,0.0089,0.0041,0.0076,0.0050,0.0091,0.0083,0.0244,0.0377,0.1405,0.1549,0.2709,0.2610,0.0199
6087,12/31/2013,0.9652,0.0044,0.0030,0.0058,0.0092,0.0091,0.0324,0.0053,0.0318,0.0051,0.0236,0.0041,0.0134,0.0107,0.0295,0.0189,0.0550,0.0549,0.1702,0.1390,0.1991,0.1407,0.0348
6089,12/31/2013,0.9673,0.0083,0.0040,0.0050,0.0215,0.0131,0.0176,0.0188,0.0419,0.0474,0.0514,0.0679,0.0889,0.0806,0.0687,0.0487,0.1351,0.0769,0.1071,0.0312,0.0241,0.0090,0.0327
6095,12/31/2013,0.9715,0.0000,0.0078,0.0036,0.0102,0.0031,0.0064,0.0138,0.0026,0.0062,0.0137,0.0157,0.0135,0.0139,0.0356,0.0242,0.0824,0.1027,0.2242,0.1521,0.2024,0.0374,0.0285
6097,12/31/2013,0.9572,0.0031,0.0000,0.0048,0.0203,0.0085,0.0062,0.0084,0.0151,0.0068,0.0242,0.0075,0.0205,0.0074,0.0155,0.0201,0.0707,0.0933,0.2124,0.1579,0.1854,0.0692,0.0428
6099,12/31/2013,0.9490,0.0010,0.0014,0.0134,0.0097,0.0096,0.0088,0.0123,0.0118,0.0111,0.0304,0.0423,0.0566,0.0883,0.0755,0.1089,0.1400,0.0837,0.1505,0.0570,0.0196,0.0171,0.0510
6101,12/31/2013,0.9659,0.0000,0.0071,0.0000,0.0096,0.0340,0.0030,0.0119,0.0139,0.0220,0.0227,0.0583,0.0709,0.0724,0.0841,0.0250,0.1384,0.1168,0.1619,0.0608,0.0422,0.0108,0.0341
6107,12/31/2013,0.9591,0.0056,0.0061,0.0106,0.0203,0.0166,0.0262,0.0268,0.0431,0.0502,0.0743,0.0809,0.0909,0.0718,0.0602,0.0543,0.1026,0.0723,0.1020,0.0198,0.0177,0.0068,0.0409
6111,12/31/2013,0.9676,0.0020,0.0000,0.0069,0.0111,0.0189,0.0099,0.0087,0.0086,0.0046,0.0135,0.0030,0.0128,0.0083,0.0096,0.0182,0.0296,0.0455,0.1564,0.1597,0.2720,0.1682,0.0324
6113,12/31/2013,0.9486,0.0074,0.0026,0.0108,0.0153,0.0000,0.0058,0.0033,0.0191,0.0109,0.0196,0.0415,0.0447,0.0426,0.0305,0.0432,0.0874,0.1012,0.1746,0.1380,0.1116,0.0383,0.0514
6115,12/31/2013,0.9448,0.0294,0.0203,0.0039,0.0000,0.0111,0.0026,0.0053,0.0263,0.0070,0.0517,0.0354,0.0835,0.1048,0.0652,0.0700,0.0570,0.0416,0.1576,0.1163,0.0379,0.0178,0.0552
