GeoID,Date,Affordability
6001,1/1/1991,0.2100
6001,2/1/1991,0.2000
6001,3/1/1991,0.2100
6001,4/1/1991,0.1800
6001,5/1/1991,0.1700
6001,6/1/1991,0.2000
6001,7/1/1991,0.1900
6001,8/1/1991,0.2000
6001,9/1/1991,0.2200
6001,10/1/1991,0.2400
6001,11/1/1991,0.2500
6001,12/1/1991,0.2400
6001,1/1/1992,0.2900
6001,2/1/1992,0.2800
6001,3/1/1992,0.2600
6001,4/1/1992,0.2500
6001,5/1/1992,0.2700
6001,6/1/1992,0.2600
6001,7/1/1992,0.2900
6001,8/1/1992,0.2900
6001,9/1/1992,0.3100
6001,10/1/1992,0.3200
6001,11/1/1992,0.3100
6001,12/1/1992,0.3000
6001,1/1/1993,0.3400
6001,2/1/1993,0.3700
6001,3/1/1993,0.3400
6001,4/1/1993,0.3400
6001,5/1/1993,0.3400
6001,6/1/1993,0.3200
6001,7/1/1993,0.3600
6001,8/1/1993,0.3400
6001,9/1/1993,0.3800
6001,10/1/1993,0.4000
6001,11/1/1993,0.3800
6001,12/1/1993,0.4000
6001,1/1/1994,0.3900
6001,2/1/1994,0.4000
6001,3/1/1994,0.3800
6001,4/1/1994,0.3500
6001,5/1/1994,0.3700
6001,6/1/1994,0.3300
6001,7/1/1994,0.3500
6001,8/1/1994,0.3600
6001,9/1/1994,0.3300
6001,10/1/1994,0.3400
6001,11/1/1994,0.3500
6001,12/1/1994,0.3300
6001,1/1/1995,0.3700
6001,2/1/1995,0.3500
6001,3/1/1995,0.3500
6001,4/1/1995,0.3400
6001,5/1/1995,0.3300
6001,6/1/1995,0.3300
6001,7/1/1995,0.3400
6001,8/1/1995,0.3400
6001,9/1/1995,0.3400
6001,10/1/1995,0.3600
6001,11/1/1995,0.3600
6001,12/1/1995,0.3800
6001,1/1/1996,0.3900
6001,2/1/1996,0.3900
6001,3/1/1996,0.3700
6001,4/1/1996,0.3600
6001,5/1/1996,0.3500
6001,6/1/1996,0.3500
6001,7/1/1996,0.3300
6001,8/1/1996,0.3400
6001,9/1/1996,0.3400
6001,10/1/1996,0.3500
6001,11/1/1996,0.3600
6001,12/1/1996,0.3900
6001,1/1/1997,0.3800
6001,2/1/1997,0.4000
6001,3/1/1997,0.4000
6001,4/1/1997,0.3400
6001,5/1/1997,0.3400
6001,6/1/1997,0.3400
6001,7/1/1997,0.3300
6001,8/1/1997,0.3500
6001,9/1/1997,0.3500
6001,10/1/1997,0.3500
6001,11/1/1997,0.3500
6001,12/1/1997,0.3700
6001,1/1/1998,0.3800
6001,2/1/1998,0.3800
6001,3/1/1998,0.3700
6001,4/1/1998,0.3300
6001,5/1/1998,0.3500
6001,6/1/1998,0.3200
6001,7/1/1998,0.3300
6001,8/1/1998,0.3400
6001,9/1/1998,0.3600
6001,10/1/1998,0.3600
6001,11/1/1998,0.3800
6001,12/1/1998,0.3800
6001,1/1/1999,0.4000
6001,2/1/1999,0.4000
6001,3/1/1999,0.3400
6001,4/1/1999,0.3100
6001,5/1/1999,0.2900
6001,6/1/1999,0.2700
6001,7/1/1999,0.2600
6001,8/1/1999,0.2600
6001,9/1/1999,0.3000
6001,10/1/1999,0.2600
6001,11/1/1999,0.2800
6001,12/1/1999,0.2900
6001,1/1/2000,0.2400
6001,2/1/2000,0.2300
6001,3/1/2000,0.2000
6001,4/1/2000,0.1800
6001,5/1/2000,0.1800
6001,6/1/2000,0.1600
6001,7/1/2000,0.1800
6001,8/1/2000,0.2000
6001,9/1/2000,0.2000
6001,10/1/2000,0.1800
6001,11/1/2000,0.1700
6001,12/1/2000,0.1800
6001,1/1/2001,0.2100
6001,2/1/2001,0.2000
6001,3/1/2001,0.1900
6001,4/1/2001,0.1900
6001,5/1/2001,0.2200
6001,6/1/2001,0.2100
6001,7/1/2001,0.2100
6001,8/1/2001,0.2200
6001,9/1/2001,0.2500
6001,10/1/2001,0.2500
6001,11/1/2001,0.2600
6001,12/1/2001,0.2500
6001,1/1/2002,0.2500
6001,2/1/2002,0.2100
6001,3/1/2002,0.2100
6001,4/1/2002,0.1700
6001,5/1/2002,0.1800
6001,6/1/2002,0.1700
6001,7/1/2002,0.1800
6001,8/1/2002,0.1900
6001,9/1/2002,0.2000
6001,10/1/2002,0.2100
6001,11/1/2002,0.2200
6001,12/1/2002,0.2200
6001,1/1/2003,0.2400
6001,2/1/2003,0.2100
6001,3/1/2003,0.1900
6001,4/1/2003,0.2000
6001,5/1/2003,0.2000
6001,6/1/2003,0.2000
6001,7/1/2003,0.2000
6001,8/1/2003,0.2000
6001,9/1/2003,0.1900
6001,10/1/2003,0.2000
6001,11/1/2003,0.2000
6001,12/1/2003,0.2000
6001,1/1/2004,0.2100
6001,2/1/2004,0.1900
6001,3/1/2004,0.2000
6001,4/1/2004,0.1800
6001,5/1/2004,0.1500
6001,6/1/2004,0.1400
6001,7/1/2004,0.1400
6001,8/1/2004,0.1500
6001,9/1/2004,0.1500
6001,10/1/2004,0.1400
6001,11/1/2004,0.1500
6001,12/1/2004,0.1400
6001,1/1/2005,0.1400
6001,2/1/2005,0.1300
6001,3/1/2005,0.1200
6001,4/1/2005,0.1100
6001,5/1/2005,0.1100
6001,6/1/2005,0.1100
6001,7/1/2005,0.1100
6001,8/1/2005,0.1100
6001,9/1/2005,0.1100
6001,10/1/2005,0.1100
6001,11/1/2005,0.1100
6001,12/1/2005,0.1100
6001,3/1/2006,0.1200
6001,6/1/2006,0.2300
6001,9/1/2006,0.2300
6001,12/1/2006,0.2500
6001,3/1/2007,0.1200
6001,6/1/2007,0.2300
6001,9/1/2007,0.1100
6001,12/1/2007,0.1200
6001,3/1/2008,0.1700
6001,6/1/2008,0.2000
6001,9/1/2008,0.2100
6001,12/1/2008,0.3100
6001,3/1/2009,0.4500
6001,6/1/2009,0.3800
6001,9/1/2009,0.3200
6001,12/1/2009,0.3300
6001,3/1/2010,0.3400
6001,6/1/2010,0.3000
6001,9/1/2010,0.3100
6001,12/1/2010,0.3300
6001,3/1/2011,0.3500
6001,6/1/2011,0.3500
6001,9/1/2011,0.3600
6001,12/1/2011,0.3900
6001,3/1/2012,0.4500
6001,6/1/2012,0.3800
6001,9/1/2012,0.3400
6001,12/1/2012,0.3600
6001,3/1/2013,0.3200
6001,6/1/2013,0.2500
6001,9/1/2013,0.2100
6001,12/1/2013,0.2300
6001,3/1/2014,0.2200
6001,6/1/2014,0.1800
6001,9/1/2014,0.1900
6001,12/1/2014,0.2000
6001,3/1/2015,0.2300
6013,1/1/1991,0.2400
6013,2/1/1991,0.2700
6013,3/1/1991,0.2300
6013,4/1/1991,0.2100
6013,5/1/1991,0.1900
6013,6/1/1991,0.2000
6013,7/1/1991,0.1900
6013,8/1/1991,0.2400
6013,9/1/1991,0.2300
6013,10/1/1991,0.2400
6013,11/1/1991,0.2600
6013,12/1/1991,0.2400
6013,1/1/1992,0.3300
6013,2/1/1992,0.3100
6013,3/1/1992,0.2700
6013,4/1/1992,0.2300
6013,5/1/1992,0.2500
6013,6/1/1992,0.2300
6013,7/1/1992,0.2200
6013,8/1/1992,0.1800
6013,9/1/1992,0.2300
6013,10/1/1992,0.2500
6013,11/1/1992,0.2300
6013,12/1/1992,0.2600
6013,1/1/1993,0.3000
6013,2/1/1993,0.2900
6013,3/1/1993,0.2800
6013,4/1/1993,0.2800
6013,5/1/1993,0.2500
6013,6/1/1993,0.2500
6013,7/1/1993,0.2900
6013,8/1/1993,0.2800
6013,9/1/1993,0.2800
6013,10/1/1993,0.3100
6013,11/1/1993,0.3100
6013,12/1/1993,0.3000
6013,1/1/1994,0.3300
6013,2/1/1994,0.2900
6013,3/1/1994,0.3000
6013,4/1/1994,0.2900
6013,5/1/1994,0.2800
6013,6/1/1994,0.2500
6013,7/1/1994,0.2600
6013,8/1/1994,0.2600
6013,9/1/1994,0.2500
6013,10/1/1994,0.2500
6013,11/1/1994,0.2700
6013,12/1/1994,0.2600
6013,1/1/1995,0.2900
6013,2/1/1995,0.2800
6013,3/1/1995,0.2600
6013,4/1/1995,0.2500
6013,5/1/1995,0.2500
6013,6/1/1995,0.2300
6013,7/1/1995,0.2300
6013,8/1/1995,0.2200
6013,9/1/1995,0.2200
6013,10/1/1995,0.2400
6013,11/1/1995,0.2600
6013,12/1/1995,0.2900
6013,1/1/1996,0.3100
6013,2/1/1996,0.2900
6013,3/1/1996,0.2700
6013,4/1/1996,0.2400
6013,5/1/1996,0.2200
6013,6/1/1996,0.2200
6013,7/1/1996,0.2100
6013,8/1/1996,0.2400
6013,9/1/1996,0.2200
6013,10/1/1996,0.2300
6013,11/1/1996,0.2900
6013,12/1/1996,0.2900
6013,1/1/1997,0.2800
6013,2/1/1997,0.2800
6013,3/1/1997,0.2900
6013,4/1/1997,0.2700
6013,5/1/1997,0.2200
6013,6/1/1997,0.2100
6013,7/1/1997,0.2300
6013,8/1/1997,0.2500
6013,9/1/1997,0.2600
6013,10/1/1997,0.2600
6013,11/1/1997,0.2600
6013,12/1/1997,0.2600
6013,1/1/1998,0.2700
6013,2/1/1998,0.2700
6013,3/1/1998,0.2700
6013,4/1/1998,0.2800
6013,5/1/1998,0.2600
6013,6/1/1998,0.2200
6013,7/1/1998,0.2600
6013,8/1/1998,0.2300
6013,9/1/1998,0.2400
6013,10/1/1998,0.2600
6013,11/1/1998,0.2900
6013,12/1/1998,0.2800
6013,1/1/1999,0.2600
6013,2/1/1999,0.2900
6013,3/1/1999,0.2200
6013,4/1/1999,0.2400
6013,5/1/1999,0.2600
6013,6/1/1999,0.2000
6013,7/1/1999,0.1900
6013,8/1/1999,0.1900
6013,9/1/1999,0.1900
6013,10/1/1999,0.1900
6013,11/1/1999,0.2000
6013,12/1/1999,0.2100
6013,1/1/2000,0.1500
6013,2/1/2000,0.1800
6013,3/1/2000,0.1300
6013,4/1/2000,0.1100
6013,5/1/2000,0.1200
6013,6/1/2000,0.1200
6013,7/1/2000,0.1300
6013,8/1/2000,0.1200
6013,9/1/2000,0.1400
6013,10/1/2000,0.1300
6013,11/1/2000,0.1400
6013,12/1/2000,0.1400
6013,1/1/2001,0.1400
6013,2/1/2001,0.1500
6013,3/1/2001,0.1300
6013,4/1/2001,0.1300
6013,5/1/2001,0.1400
6013,6/1/2001,0.1100
6013,7/1/2001,0.1400
6013,8/1/2001,0.1400
6013,9/1/2001,0.1600
6013,10/1/2001,0.1700
6013,11/1/2001,0.1800
6013,12/1/2001,0.1800
6013,1/1/2002,0.1600
6013,2/1/2002,0.1500
6013,3/1/2002,0.1100
6013,4/1/2002,0.1100
6013,5/1/2002,0.0900
6013,6/1/2002,0.1000
6013,7/1/2002,0.1000
6013,8/1/2002,0.1100
6013,9/1/2002,0.1200
6013,10/1/2002,0.1300
6013,11/1/2002,0.1400
6013,12/1/2002,0.1200
6013,1/1/2003,0.1600
6013,2/1/2003,0.1300
6013,3/1/2003,0.1200
6013,4/1/2003,0.1000
6013,5/1/2003,0.1100
6013,6/1/2003,0.1200
6013,7/1/2003,0.1300
6013,8/1/2003,0.1100
6013,9/1/2003,0.1000
6013,10/1/2003,0.1200
6013,11/1/2003,0.1300
6013,12/1/2003,0.1200
6013,1/1/2004,0.1400
6013,2/1/2004,0.1000
6013,3/1/2004,0.1200
6013,4/1/2004,0.1100
6013,5/1/2004,0.1000
6013,6/1/2004,0.1000
6013,7/1/2004,0.1000
6013,8/1/2004,0.1000
6013,9/1/2004,0.1000
6013,10/1/2004,0.1000
6013,11/1/2004,0.1000
6013,12/1/2004,0.1000
6013,1/1/2005,0.1000
6013,2/1/2005,0.1000
6013,3/1/2005,0.1000
6013,4/1/2005,0.1000
6013,5/1/2005,0.1000
6013,6/1/2005,0.1000
6013,7/1/2005,0.1000
6013,8/1/2005,0.1000
6013,9/1/2005,0.1000
6013,10/1/2005,0.1000
6013,11/1/2005,0.1000
6013,12/1/2005,0.1000
6013,3/1/2006,0.1100
6013,6/1/2006,0.1500
6013,9/1/2006,0.1700
6013,12/1/2006,0.2300
6013,3/1/2007,0.1000
6013,6/1/2007,0.1600
6013,9/1/2007,0.0800
6013,12/1/2007,0.1200
6013,3/1/2008,0.1500
6013,6/1/2008,0.1400
6013,9/1/2008,0.1500
6013,12/1/2008,0.1700
6013,3/1/2009,0.3200
6013,6/1/2009,0.2500
6013,9/1/2009,0.2200
6013,12/1/2009,0.2400
6013,3/1/2010,0.2500
6013,6/1/2010,0.2100
6013,9/1/2010,0.2100
6013,12/1/2010,0.2600
6013,3/1/2011,0.3000
6013,6/1/2011,0.2600
6013,9/1/2011,0.2700
6013,12/1/2011,0.3700
6013,3/1/2012,0.3600
6013,6/1/2012,0.2600
6013,9/1/2012,0.2800
6013,12/1/2012,0.3100
6013,3/1/2013,0.2800
6013,6/1/2013,0.2000
6013,9/1/2013,0.2200
6013,12/1/2013,0.2400
6013,3/1/2014,0.2400
6013,6/1/2014,0.1900
6013,9/1/2014,0.1900
6013,12/1/2014,0.2300
6013,3/1/2015,0.2100
6019,1/1/1991,0.4300
6019,2/1/1991,0.4400
6019,3/1/1991,0.4800
6019,4/1/1991,0.4700
6019,5/1/1991,0.4400
6019,6/1/1991,0.4600
6019,7/1/1991,0.4400
6019,8/1/1991,0.4500
6019,9/1/1991,0.4600
6019,10/1/1991,0.4400
6019,11/1/1991,0.4800
6019,12/1/1991,0.5100
6019,1/1/1992,0.5300
6019,2/1/1992,0.4800
6019,3/1/1992,0.4900
6019,4/1/1992,0.4900
6019,5/1/1992,0.4700
6019,6/1/1992,0.4700
6019,7/1/1992,0.5000
6019,8/1/1992,0.5200
6019,9/1/1992,0.4800
6019,10/1/1992,0.5000
6019,11/1/1992,0.5300
6019,12/1/1992,0.5400
6019,1/1/1993,0.5400
6019,2/1/1993,0.5300
6019,3/1/1993,0.5500
6019,4/1/1993,0.5500
6019,5/1/1993,0.5400
6019,6/1/1993,0.5600
6019,7/1/1993,0.5300
6019,8/1/1993,0.5500
6019,9/1/1993,0.5400
6019,10/1/1993,0.5600
6019,11/1/1993,0.5600
6019,12/1/1993,0.5500
6019,1/1/1994,0.4700
6019,2/1/1994,0.5300
6019,3/1/1994,0.5400
6019,4/1/1994,0.5400
6019,5/1/1994,0.5400
6019,6/1/1994,0.5000
6019,7/1/1994,0.5500
6019,8/1/1994,0.5400
6019,9/1/1994,0.5500
6019,10/1/1994,0.5100
6019,11/1/1994,0.5300
6019,12/1/1994,0.5300
6019,1/1/1995,0.5500
6019,2/1/1995,0.5600
6019,3/1/1995,0.5200
6019,4/1/1995,0.5100
6019,5/1/1995,0.5300
6019,6/1/1995,0.5100
6019,7/1/1995,0.5100
6019,8/1/1995,0.5000
6019,9/1/1995,0.5400
6019,10/1/1995,0.5300
6019,11/1/1995,0.5400
6019,12/1/1995,0.5500
6019,1/1/1996,0.5600
6019,2/1/1996,0.5600
6019,3/1/1996,0.5500
6019,4/1/1996,0.5400
6019,5/1/1996,0.5600
6019,6/1/1996,0.5400
6019,7/1/1996,0.5400
6019,8/1/1996,0.5600
6019,9/1/1996,0.5400
6019,10/1/1996,0.5800
6019,11/1/1996,0.5600
6019,12/1/1996,0.5800
6019,1/1/1997,0.5900
6019,2/1/1997,0.5700
6019,3/1/1997,0.5500
6019,4/1/1997,0.5800
6019,5/1/1997,0.5800
6019,6/1/1997,0.5600
6019,7/1/1997,0.5400
6019,8/1/1997,0.5500
6019,9/1/1997,0.5400
6019,10/1/1997,0.5700
6019,11/1/1997,0.5400
6019,12/1/1997,0.5400
6019,1/1/1998,0.5800
6019,2/1/1998,0.5800
6019,3/1/1998,0.5800
6019,4/1/1998,0.5800
6019,5/1/1998,0.5700
6019,6/1/1998,0.5600
6019,7/1/1998,0.5700
6019,8/1/1998,0.5700
6019,9/1/1998,0.5800
6019,10/1/1998,0.5800
6019,11/1/1998,0.5800
6019,12/1/1998,0.5700
6019,1/1/1999,0.6100
6019,2/1/1999,0.5900
6019,3/1/1999,0.5900
6019,4/1/1999,0.5500
6019,5/1/1999,0.5600
6019,6/1/1999,0.5400
6019,7/1/1999,0.5500
6019,8/1/1999,0.5600
6019,9/1/1999,0.5600
6019,10/1/1999,0.5700
6019,11/1/1999,0.5600
6019,12/1/1999,0.5500
6019,1/1/2000,0.5300
6019,2/1/2000,0.5800
6019,3/1/2000,0.5900
6019,4/1/2000,0.5500
6019,5/1/2000,0.5300
6019,6/1/2000,0.5200
6019,7/1/2000,0.5600
6019,8/1/2000,0.5100
6019,9/1/2000,0.5200
6019,10/1/2000,0.4900
6019,11/1/2000,0.5500
6019,12/1/2000,0.5400
6019,1/1/2001,0.5800
6019,2/1/2001,0.5800
6019,3/1/2001,0.5500
6019,4/1/2001,0.5300
6019,5/1/2001,0.5300
6019,6/1/2001,0.5300
6019,7/1/2001,0.5000
6019,8/1/2001,0.5200
6019,9/1/2001,0.5000
6019,10/1/2001,0.5300
6019,11/1/2001,0.5200
6019,12/1/2001,0.5200
6019,1/1/2002,0.5100
6019,2/1/2002,0.5000
6019,3/1/2002,0.5100
6019,4/1/2002,0.5200
6019,5/1/2002,0.5000
6019,6/1/2002,0.4600
6019,7/1/2002,0.4700
6019,8/1/2002,0.4700
6019,9/1/2002,0.4700
6019,10/1/2002,0.4500
6019,11/1/2002,0.4600
6019,12/1/2002,0.4800
6019,1/1/2003,0.4600
6019,2/1/2003,0.4600
6019,3/1/2003,0.4400
6019,4/1/2003,0.4400
6019,5/1/2003,0.4400
6019,6/1/2003,0.4300
6019,7/1/2003,0.4200
6019,8/1/2003,0.4000
6019,9/1/2003,0.4100
6019,10/1/2003,0.4100
6019,11/1/2003,0.3700
6019,12/1/2003,0.3600
6019,1/1/2004,0.4200
6019,2/1/2004,0.3500
6019,3/1/2004,0.3500
6019,4/1/2004,0.3400
6019,5/1/2004,0.3100
6019,6/1/2004,0.2900
6019,7/1/2004,0.2800
6019,8/1/2004,0.2700
6019,9/1/2004,0.2700
6019,10/1/2004,0.2700
6019,11/1/2004,0.2800
6019,12/1/2004,0.2700
6019,1/1/2005,0.2600
6019,2/1/2005,0.2600
6019,3/1/2005,0.2400
6019,4/1/2005,0.2400
6019,5/1/2005,0.2000
6019,6/1/2005,0.2000
6019,7/1/2005,0.2100
6019,8/1/2005,0.1800
6019,9/1/2005,0.1900
6019,10/1/2005,0.1800
6019,11/1/2005,0.1700
6019,12/1/2005,0.1900
6019,3/1/2006,0.2500
6019,6/1/2006,0.3900
6019,9/1/2006,0.4000
6019,12/1/2006,0.4200
6019,3/1/2007,0.2800
6019,6/1/2007,0.4400
6019,9/1/2007,0.2800
6019,12/1/2007,0.3100
6019,3/1/2008,0.3900
6019,6/1/2008,0.4300
6019,9/1/2008,0.4800
6019,12/1/2008,0.5700
6019,3/1/2009,0.6500
6019,6/1/2009,0.6600
6019,9/1/2009,0.6300
6019,12/1/2009,0.6300
6019,3/1/2010,0.6400
6019,6/1/2010,0.6200
6019,9/1/2010,0.6500
6019,12/1/2010,0.6700
6019,3/1/2011,0.6900
6019,6/1/2011,0.7000
6019,9/1/2011,0.6900
6019,12/1/2011,0.7100
6019,3/1/2012,0.7200
6019,6/1/2012,0.7100
6019,9/1/2012,0.6900
6019,12/1/2012,0.7000
6019,3/1/2013,0.6400
6019,6/1/2013,0.6100
6019,9/1/2013,0.5600
6019,12/1/2013,0.5500
6019,3/1/2014,0.5400
6019,6/1/2014,0.5300
6019,9/1/2014,0.5300
6019,12/1/2014,0.5300
6019,3/1/2015,0.5100
6031,3/1/2010,0.6400
6031,6/1/2010,0.6200
6031,9/1/2010,0.6400
6031,12/1/2010,0.6600
6031,3/1/2011,0.7100
6031,6/1/2011,0.7200
6031,9/1/2011,0.7600
6031,12/1/2011,0.7500
6031,3/1/2012,0.7500
6031,6/1/2012,0.7400
6031,9/1/2012,0.7400
6031,12/1/2012,0.7600
6031,3/1/2013,0.7000
6031,6/1/2013,0.7000
6031,9/1/2013,0.6200
6031,12/1/2013,0.6300
6031,3/1/2014,0.6400
6031,6/1/2014,0.6400
6031,9/1/2014,0.6400
6031,12/1/2014,0.6400
6031,3/1/2015,0.6200
6037,1/1/1991,0.2200
6037,2/1/1991,0.2200
6037,3/1/1991,0.2100
6037,4/1/1991,0.2100
6037,5/1/1991,0.1800
6037,6/1/1991,0.1900
6037,7/1/1991,0.2000
6037,8/1/1991,0.2100
6037,9/1/1991,0.2100
6037,10/1/1991,0.2300
6037,11/1/1991,0.2500
6037,12/1/1991,0.2600
6037,1/1/1992,0.2700
6037,2/1/1992,0.2600
6037,3/1/1992,0.2500
6037,4/1/1992,0.2600
6037,5/1/1992,0.2500
6037,6/1/1992,0.2700
6037,7/1/1992,0.2800
6037,8/1/1992,0.2900
6037,9/1/1992,0.3100
6037,10/1/1992,0.3200
6037,11/1/1992,0.3100
6037,12/1/1992,0.3000
6037,1/1/1993,0.3200
6037,2/1/1993,0.3400
6037,3/1/1993,0.3600
6037,4/1/1993,0.3600
6037,5/1/1993,0.3600
6037,6/1/1993,0.3700
6037,7/1/1993,0.3700
6037,8/1/1993,0.3700
6037,9/1/1993,0.3700
6037,10/1/1993,0.3900
6037,11/1/1993,0.3900
6037,12/1/1993,0.3900
6037,1/1/1994,0.3900
6037,2/1/1994,0.4100
6037,3/1/1994,0.3800
6037,4/1/1994,0.3700
6037,5/1/1994,0.3600
6037,6/1/1994,0.3600
6037,7/1/1994,0.3500
6037,8/1/1994,0.3400
6037,9/1/1994,0.3500
6037,10/1/1994,0.3600
6037,11/1/1994,0.3600
6037,12/1/1994,0.3600
6037,1/1/1995,0.3600
6037,2/1/1995,0.3600
6037,3/1/1995,0.3600
6037,4/1/1995,0.3500
6037,5/1/1995,0.3600
6037,6/1/1995,0.3700
6037,7/1/1995,0.3700
6037,8/1/1995,0.3600
6037,9/1/1995,0.3400
6037,10/1/1995,0.3700
6037,11/1/1995,0.3800
6037,12/1/1995,0.3800
6037,1/1/1996,0.4000
6037,2/1/1996,0.4100
6037,3/1/1996,0.3900
6037,4/1/1996,0.3900
6037,5/1/1996,0.3900
6037,6/1/1996,0.3700
6037,7/1/1996,0.3700
6037,8/1/1996,0.3900
6037,9/1/1996,0.3800
6037,10/1/1996,0.4000
6037,11/1/1996,0.4100
6037,12/1/1996,0.4300
6037,1/1/1997,0.4200
6037,2/1/1997,0.4200
6037,3/1/1997,0.4000
6037,4/1/1997,0.4000
6037,5/1/1997,0.3900
6037,6/1/1997,0.3800
6037,7/1/1997,0.3900
6037,8/1/1997,0.3700
6037,9/1/1997,0.3800
6037,10/1/1997,0.3700
6037,11/1/1997,0.3900
6037,12/1/1997,0.3900
6037,1/1/1998,0.4100
6037,2/1/1998,0.4100
6037,3/1/1998,0.4000
6037,4/1/1998,0.3800
6037,5/1/1998,0.3900
6037,6/1/1998,0.3600
6037,7/1/1998,0.3600
6037,8/1/1998,0.3700
6037,9/1/1998,0.4000
6037,10/1/1998,0.4200
6037,11/1/1998,0.4100
6037,12/1/1998,0.4200
6037,1/1/1999,0.4300
6037,2/1/1999,0.4000
6037,3/1/1999,0.4200
6037,4/1/1999,0.4000
6037,5/1/1999,0.3900
6037,6/1/1999,0.3800
6037,7/1/1999,0.3800
6037,8/1/1999,0.3800
6037,9/1/1999,0.3800
6037,10/1/1999,0.4000
6037,11/1/1999,0.3900
6037,12/1/1999,0.4000
6037,1/1/2000,0.3900
6037,2/1/2000,0.3700
6037,3/1/2000,0.3700
6037,4/1/2000,0.3500
6037,5/1/2000,0.3600
6037,6/1/2000,0.3300
6037,7/1/2000,0.3600
6037,8/1/2000,0.3300
6037,9/1/2000,0.3400
6037,10/1/2000,0.3500
6037,11/1/2000,0.3400
6037,12/1/2000,0.3600
6037,1/1/2001,0.3800
6037,2/1/2001,0.3800
6037,3/1/2001,0.3700
6037,4/1/2001,0.3800
6037,5/1/2001,0.3700
6037,6/1/2001,0.3500
6037,7/1/2001,0.3500
6037,8/1/2001,0.3400
6037,9/1/2001,0.3500
6037,10/1/2001,0.3600
6037,11/1/2001,0.3600
6037,12/1/2001,0.3600
6037,1/1/2002,0.3400
6037,2/1/2002,0.3300
6037,3/1/2002,0.3300
6037,4/1/2002,0.3100
6037,5/1/2002,0.3100
6037,6/1/2002,0.3100
6037,7/1/2002,0.3100
6037,8/1/2002,0.2900
6037,9/1/2002,0.3100
6037,10/1/2002,0.3100
6037,11/1/2002,0.2900
6037,12/1/2002,0.3100
6037,1/1/2003,0.3000
6037,2/1/2003,0.3100
6037,3/1/2003,0.3100
6037,4/1/2003,0.2900
6037,5/1/2003,0.2800
6037,6/1/2003,0.2900
6037,7/1/2003,0.2700
6037,8/1/2003,0.2400
6037,9/1/2003,0.2400
6037,10/1/2003,0.2400
6037,11/1/2003,0.2300
6037,12/1/2003,0.2300
6037,1/1/2004,0.2300
6037,2/1/2004,0.2200
6037,3/1/2004,0.2200
6037,4/1/2004,0.2000
6037,5/1/2004,0.1800
6037,6/1/2004,0.1700
6037,7/1/2004,0.1700
6037,8/1/2004,0.1700
6037,9/1/2004,0.1700
6037,10/1/2004,0.1700
6037,11/1/2004,0.1700
6037,12/1/2004,0.1700
6037,1/1/2005,0.1700
6037,2/1/2005,0.1700
6037,3/1/2005,0.1700
6037,4/1/2005,0.1600
6037,5/1/2005,0.1500
6037,6/1/2005,0.1500
6037,7/1/2005,0.1400
6037,8/1/2005,0.1200
6037,9/1/2005,0.1300
6037,10/1/2005,0.1200
6037,11/1/2005,0.1100
6037,12/1/2005,0.1200
6037,3/1/2006,0.1100
6037,6/1/2006,0.0900
6037,9/1/2006,0.0900
6037,12/1/2006,0.0900
6037,3/1/2007,0.1000
6037,6/1/2007,0.1000
6037,9/1/2007,0.0900
6037,12/1/2007,0.1500
6037,3/1/2008,0.2000
6037,6/1/2008,0.2200
6037,9/1/2008,0.2500
6037,12/1/2008,0.3000
6037,3/1/2009,0.4100
6037,6/1/2009,0.4100
6037,9/1/2009,0.3500
6037,12/1/2009,0.3500
6037,3/1/2010,0.4300
6037,6/1/2010,0.4300
6037,9/1/2010,0.3800
6037,12/1/2010,0.4300
6037,3/1/2011,0.4600
6037,6/1/2011,0.4600
6037,9/1/2011,0.4200
6037,12/1/2011,0.4800
6037,3/1/2012,0.5100
6037,6/1/2012,0.4900
6037,9/1/2012,0.4200
6037,12/1/2012,0.4400
6037,3/1/2013,0.4200
6037,6/1/2013,0.3700
6037,9/1/2013,0.2700
6037,12/1/2013,0.3000
6037,3/1/2014,0.3100
6037,6/1/2014,0.3000
6037,9/1/2014,0.2500
6037,12/1/2014,0.2800
6037,3/1/2015,0.3100
6039,3/1/2010,0.6500
6039,6/1/2010,0.6700
6039,9/1/2010,0.6800
6039,12/1/2010,0.7000
6039,3/1/2011,0.6800
6039,6/1/2011,0.7200
6039,9/1/2011,0.7400
6039,12/1/2011,0.7500
6039,3/1/2012,0.7700
6039,6/1/2012,0.7400
6039,9/1/2012,0.7600
6039,12/1/2012,0.7400
6039,3/1/2013,0.7700
6039,6/1/2013,0.7100
6039,9/1/2013,0.6300
6039,12/1/2013,0.6700
6039,3/1/2014,0.6100
6039,6/1/2014,0.5500
6039,9/1/2014,0.5800
6039,12/1/2014,0.5600
6039,3/1/2015,0.5100
6041,1/1/1991,0.1800
6041,2/1/1991,0.1800
6041,3/1/1991,0.1600
6041,4/1/1991,0.1600
6041,5/1/1991,0.1600
6041,6/1/1991,0.1500
6041,7/1/1991,0.1600
6041,8/1/1991,0.1600
6041,9/1/1991,0.1700
6041,10/1/1991,0.1800
6041,11/1/1991,0.1700
6041,12/1/1991,0.1800
6041,1/1/1992,0.2000
6041,2/1/1992,0.2700
6041,3/1/1992,0.1800
6041,4/1/1992,0.2300
6041,5/1/1992,0.1900
6041,6/1/1992,0.2000
6041,7/1/1992,0.2000
6041,8/1/1992,0.1900
6041,9/1/1992,0.2600
6041,10/1/1992,0.2500
6041,11/1/1992,0.2500
6041,12/1/1992,0.2400
6041,1/1/1993,0.2800
6041,2/1/1993,0.2700
6041,3/1/1993,0.2700
6041,4/1/1993,0.3000
6041,5/1/1993,0.2700
6041,6/1/1993,0.2400
6041,7/1/1993,0.2800
6041,8/1/1993,0.2700
6041,9/1/1993,0.2800
6041,10/1/1993,0.3000
6041,11/1/1993,0.2800
6041,12/1/1993,0.3100
6041,1/1/1994,0.3200
6041,2/1/1994,0.2800
6041,3/1/1994,0.2900
6041,4/1/1994,0.2300
6041,5/1/1994,0.2500
6041,6/1/1994,0.2500
6041,7/1/1994,0.2200
6041,8/1/1994,0.2300
6041,9/1/1994,0.2500
6041,10/1/1994,0.2600
6041,11/1/1994,0.2300
6041,12/1/1994,0.2300
6041,1/1/1995,0.2400
6041,2/1/1995,0.2400
6041,3/1/1995,0.2500
6041,4/1/1995,0.2300
6041,5/1/1995,0.2400
6041,6/1/1995,0.2400
6041,7/1/1995,0.2300
6041,8/1/1995,0.2100
6041,9/1/1995,0.2100
6041,10/1/1995,0.2600
6041,11/1/1995,0.2700
6041,12/1/1995,0.2400
6041,1/1/1996,0.2700
6041,2/1/1996,0.2600
6041,3/1/1996,0.2300
6041,4/1/1996,0.2100
6041,5/1/1996,0.2000
6041,6/1/1996,0.1900
6041,7/1/1996,0.2000
6041,8/1/1996,0.2200
6041,9/1/1996,0.2200
6041,10/1/1996,0.2300
6041,11/1/1996,0.2200
6041,12/1/1996,0.2300
6041,1/1/1997,0.2300
6041,2/1/1997,0.2900
6041,3/1/1997,0.2100
6041,4/1/1997,0.2000
6041,5/1/1997,0.1900
6041,6/1/1997,0.2100
6041,7/1/1997,0.2200
6041,8/1/1997,0.2200
6041,9/1/1997,0.2200
6041,10/1/1997,0.2100
6041,11/1/1997,0.2300
6041,12/1/1997,0.2300
6041,1/1/1998,0.2500
6041,2/1/1998,0.2400
6041,3/1/1998,0.2300
6041,4/1/1998,0.2100
6041,5/1/1998,0.2200
6041,6/1/1998,0.2300
6041,7/1/1998,0.2100
6041,8/1/1998,0.2400
6041,9/1/1998,0.2200
6041,10/1/1998,0.2500
6041,11/1/1998,0.2400
6041,12/1/1998,0.2700
6041,1/1/1999,0.2500
6041,2/1/1999,0.2300
6041,3/1/1999,0.2400
6041,4/1/1999,0.2000
6041,5/1/1999,0.1800
6041,6/1/1999,0.1900
6041,7/1/1999,0.1800
6041,8/1/1999,0.1800
6041,9/1/1999,0.2100
6041,10/1/1999,0.1800
6041,11/1/1999,0.1900
6041,12/1/1999,0.1700
6041,1/1/2000,0.1600
6041,2/1/2000,0.1500
6041,3/1/2000,0.1500
6041,4/1/2000,0.1500
6041,5/1/2000,0.1400
6041,6/1/2000,0.1500
6041,7/1/2000,0.1400
6041,8/1/2000,0.1500
6041,9/1/2000,0.1500
6041,10/1/2000,0.1500
6041,11/1/2000,0.1500
6041,12/1/2000,0.1500
6041,1/1/2001,0.1600
6041,2/1/2001,0.1600
6041,3/1/2001,0.1700
6041,4/1/2001,0.1500
6041,5/1/2001,0.1700
6041,6/1/2001,0.1600
6041,7/1/2001,0.1700
6041,8/1/2001,0.1700
6041,9/1/2001,0.1800
6041,10/1/2001,0.2000
6041,11/1/2001,0.2000
6041,12/1/2001,0.2000
6041,1/1/2002,0.2000
6041,2/1/2002,0.1800
6041,3/1/2002,0.1600
6041,4/1/2002,0.1400
6041,5/1/2002,0.1500
6041,6/1/2002,0.1600
6041,7/1/2002,0.1600
6041,8/1/2002,0.1700
6041,9/1/2002,0.1800
6041,10/1/2002,0.1800
6041,11/1/2002,0.1800
6041,12/1/2002,0.2100
6041,1/1/2003,0.2100
6041,2/1/2003,0.1700
6041,3/1/2003,0.1700
6041,4/1/2003,0.1700
6041,5/1/2003,0.1800
6041,6/1/2003,0.1800
6041,7/1/2003,0.1800
6041,8/1/2003,0.1800
6041,9/1/2003,0.1800
6041,10/1/2003,0.1900
6041,11/1/2003,0.1800
6041,12/1/2003,0.1700
6041,1/1/2004,0.1900
6041,2/1/2004,0.1800
6041,3/1/2004,0.1700
6041,4/1/2004,0.1600
6041,5/1/2004,0.1400
6041,6/1/2004,0.1300
6041,7/1/2004,0.1400
6041,8/1/2004,0.1400
6041,9/1/2004,0.1500
6041,10/1/2004,0.1600
6041,11/1/2004,0.1400
6041,12/1/2004,0.1400
6041,1/1/2005,0.1300
6041,2/1/2005,0.1300
6041,3/1/2005,0.1100
6041,4/1/2005,0.1200
6041,5/1/2005,0.1200
6041,6/1/2005,0.1000
6041,7/1/2005,0.1100
6041,8/1/2005,0.1100
6041,9/1/2005,0.1300
6041,10/1/2005,0.1200
6041,11/1/2005,0.1200
6041,12/1/2005,0.1000
6041,3/1/2006,0.1200
6041,6/1/2006,0.2000
6041,9/1/2006,0.2100
6041,12/1/2006,0.2200
6041,3/1/2007,0.1100
6041,6/1/2007,0.1900
6041,9/1/2007,0.1000
6041,12/1/2007,0.1100
6041,3/1/2008,0.1400
6041,6/1/2008,0.1100
6041,9/1/2008,0.1400
6041,12/1/2008,0.1900
6041,3/1/2009,0.2400
6041,6/1/2009,0.2300
6041,9/1/2009,0.2200
6041,12/1/2009,0.2400
6041,3/1/2010,0.2400
6041,6/1/2010,0.2100
6041,9/1/2010,0.2300
6041,12/1/2010,0.2500
6041,3/1/2011,0.2700
6041,6/1/2011,0.2400
6041,9/1/2011,0.2500
6041,12/1/2011,0.2900
6041,3/1/2012,0.3200
6041,6/1/2012,0.2700
6041,9/1/2012,0.2700
6041,12/1/2012,0.2800
6041,3/1/2013,0.2400
6041,6/1/2013,0.2000
6041,9/1/2013,0.1800
6041,12/1/2013,0.1900
6041,3/1/2014,0.1500
6041,6/1/2014,0.1400
6041,9/1/2014,0.1500
6041,12/1/2014,0.1500
6041,3/1/2015,0.1900
6047,1/1/1991,0.4200
6047,2/1/1991,0.3600
6047,3/1/1991,0.4000
6047,4/1/1991,0.3700
6047,5/1/1991,0.4200
6047,6/1/1991,0.4000
6047,7/1/1991,0.4000
6047,8/1/1991,0.3600
6047,9/1/1991,0.4300
6047,10/1/1991,0.4500
6047,11/1/1991,0.4300
6047,12/1/1991,0.4600
6047,1/1/1992,0.4300
6047,2/1/1992,0.4300
6047,3/1/1992,0.4300
6047,4/1/1992,0.4600
6047,5/1/1992,0.4600
6047,6/1/1992,0.4600
6047,7/1/1992,0.4600
6047,8/1/1992,0.4600
6047,9/1/1992,0.5000
6047,10/1/1992,0.5100
6047,11/1/1992,0.5500
6047,12/1/1992,0.4500
6047,1/1/1993,0.4600
6047,2/1/1993,0.5500
6047,3/1/1993,0.5800
6047,4/1/1993,0.5000
6047,5/1/1993,0.5300
6047,6/1/1993,0.5500
6047,7/1/1993,0.5700
6047,8/1/1993,0.5500
6047,9/1/1993,0.5500
6047,10/1/1993,0.5400
6047,11/1/1993,0.5600
6047,12/1/1993,0.5300
6047,1/1/1994,0.5800
6047,2/1/1994,0.6200
6047,3/1/1994,0.5700
6047,4/1/1994,0.5600
6047,5/1/1994,0.5600
6047,6/1/1994,0.4500
6047,7/1/1994,0.5200
6047,8/1/1994,0.5200
6047,9/1/1994,0.5300
6047,10/1/1994,0.5100
6047,11/1/1994,0.4900
6047,12/1/1994,0.4900
6047,1/1/1995,0.5300
6047,2/1/1995,0.4600
6047,3/1/1995,0.5300
6047,4/1/1995,0.5000
6047,5/1/1995,0.5200
6047,6/1/1995,0.5000
6047,7/1/1995,0.4900
6047,8/1/1995,0.4600
6047,9/1/1995,0.4900
6047,10/1/1995,0.4900
6047,11/1/1995,0.5600
6047,12/1/1995,0.5300
6047,1/1/1996,0.5400
6047,2/1/1996,0.4900
6047,3/1/1996,0.5700
6047,4/1/1996,0.5400
6047,5/1/1996,0.4900
6047,6/1/1996,0.5200
6047,7/1/1996,0.4600
6047,8/1/1996,0.5000
6047,9/1/1996,0.5500
6047,10/1/1996,0.5800
6047,11/1/1996,0.5600
6047,12/1/1996,0.5200
6047,1/1/1997,0.5700
6047,2/1/1997,0.5200
6047,3/1/1997,0.5300
6047,4/1/1997,0.5300
6047,5/1/1997,0.5600
6047,6/1/1997,0.5700
6047,7/1/1997,0.5100
6047,8/1/1997,0.5100
6047,9/1/1997,0.5500
6047,10/1/1997,0.5400
6047,11/1/1997,0.6200
6047,12/1/1997,0.5600
6047,1/1/1998,0.5100
6047,2/1/1998,0.5500
6047,3/1/1998,0.5700
6047,4/1/1998,0.5100
6047,5/1/1998,0.5000
6047,6/1/1998,0.5200
6047,7/1/1998,0.5500
6047,8/1/1998,0.4800
6047,9/1/1998,0.5700
6047,10/1/1998,0.5400
6047,11/1/1998,0.5100
6047,12/1/1998,0.5300
6047,1/1/1999,0.5500
6047,2/1/1999,0.5800
6047,3/1/1999,0.5300
6047,4/1/1999,0.5400
6047,5/1/1999,0.5200
6047,6/1/1999,0.5000
6047,7/1/1999,0.4700
6047,8/1/1999,0.5300
6047,9/1/1999,0.5200
6047,10/1/1999,0.4700
6047,11/1/1999,0.5200
6047,12/1/1999,0.4800
6047,1/1/2000,0.5400
6047,2/1/2000,0.5000
6047,3/1/2000,0.5100
6047,4/1/2000,0.5300
6047,5/1/2000,0.5400
6047,6/1/2000,0.4900
6047,7/1/2000,0.4700
6047,8/1/2000,0.4700
6047,9/1/2000,0.4900
6047,10/1/2000,0.4300
6047,11/1/2000,0.5000
6047,12/1/2000,0.4600
6047,1/1/2001,0.4700
6047,2/1/2001,0.4400
6047,3/1/2001,0.4800
6047,4/1/2001,0.4600
6047,5/1/2001,0.4800
6047,6/1/2001,0.4000
6047,7/1/2001,0.4400
6047,8/1/2001,0.4100
6047,9/1/2001,0.4400
6047,10/1/2001,0.4300
6047,11/1/2001,0.4000
6047,12/1/2001,0.5000
6047,1/1/2002,0.4200
6047,2/1/2002,0.4000
6047,3/1/2002,0.4000
6047,4/1/2002,0.4000
6047,5/1/2002,0.3800
6047,6/1/2002,0.3700
6047,7/1/2002,0.3800
6047,8/1/2002,0.3900
6047,9/1/2002,0.3500
6047,10/1/2002,0.3600
6047,11/1/2002,0.3400
6047,12/1/2002,0.3600
6047,1/1/2003,0.3200
6047,2/1/2003,0.3400
6047,3/1/2003,0.3600
6047,4/1/2003,0.3300
6047,5/1/2003,0.3100
6047,6/1/2003,0.3300
6047,7/1/2003,0.3300
6047,8/1/2003,0.3000
6047,9/1/2003,0.3100
6047,10/1/2003,0.2700
6047,11/1/2003,0.3000
6047,12/1/2003,0.2900
6047,1/1/2004,0.3100
6047,2/1/2004,0.3300
6047,3/1/2004,0.3100
6047,4/1/2004,0.3000
6047,5/1/2004,0.2500
6047,6/1/2004,0.2300
6047,7/1/2004,0.2400
6047,8/1/2004,0.2100
6047,9/1/2004,0.2200
6047,10/1/2004,0.1900
6047,11/1/2004,0.2000
6047,12/1/2004,0.1900
6047,1/1/2005,0.1900
6047,2/1/2005,0.1700
6047,3/1/2005,0.1600
6047,4/1/2005,0.1600
6047,5/1/2005,0.1400
6047,6/1/2005,0.1100
6047,7/1/2005,0.1100
6047,8/1/2005,0.1000
6047,9/1/2005,0.0900
6047,10/1/2005,0.0900
6047,11/1/2005,0.1000
6047,12/1/2005,0.1000
6047,3/1/2006,0.2000
6047,6/1/2006,0.3600
6047,9/1/2006,0.4100
6047,12/1/2006,0.4100
6047,3/1/2007,0.2900
6047,6/1/2007,0.4600
6047,9/1/2007,0.3100
6047,12/1/2007,0.3400
6047,3/1/2008,0.4200
6047,6/1/2008,0.5300
6047,9/1/2008,0.6000
6047,12/1/2008,0.6900
6047,3/1/2009,0.7500
6047,6/1/2009,0.7600
6047,9/1/2009,0.7300
6047,12/1/2009,0.7400
6047,3/1/2010,0.7700
6047,6/1/2010,0.7300
6047,9/1/2010,0.7500
6047,12/1/2010,0.7600
6047,3/1/2011,0.7600
6047,6/1/2011,0.7600
6047,9/1/2011,0.7400
6047,12/1/2011,0.7700
6047,3/1/2012,0.7700
6047,6/1/2012,0.7700
6047,9/1/2012,0.7400
6047,12/1/2012,0.7400
6047,3/1/2013,0.6800
6047,6/1/2013,0.6500
6047,9/1/2013,0.6000
6047,12/1/2013,0.6000
6047,3/1/2014,0.5800
6047,6/1/2014,0.5700
6047,9/1/2014,0.5500
6047,12/1/2014,0.5300
6047,3/1/2015,0.6000
6053,3/1/2010,0.5600
6053,6/1/2010,0.5200
6053,9/1/2010,0.5600
6053,12/1/2010,0.5800
6053,3/1/2011,0.5700
6053,6/1/2011,0.5600
6053,9/1/2011,0.5600
6053,12/1/2011,0.5600
6053,3/1/2012,0.5400
6053,6/1/2012,0.5500
6053,9/1/2012,0.5200
6053,12/1/2012,0.5000
6053,3/1/2013,0.4400
6053,6/1/2013,0.3500
6053,9/1/2013,0.3000
6053,12/1/2013,0.2900
6053,3/1/2014,0.2300
6053,6/1/2014,0.2600
6053,9/1/2014,0.2700
6053,12/1/2014,0.2700
6053,3/1/2015,0.2900
6055,3/1/2010,0.4400
6055,6/1/2010,0.4200
6055,9/1/2010,0.4100
6055,12/1/2010,0.4700
6055,3/1/2011,0.4800
6055,6/1/2011,0.4700
6055,9/1/2011,0.4800
6055,12/1/2011,0.5000
6055,3/1/2012,0.5000
6055,6/1/2012,0.5000
6055,9/1/2012,0.4500
6055,12/1/2012,0.4700
6055,3/1/2013,0.3900
6055,6/1/2013,0.3400
6055,9/1/2013,0.2800
6055,12/1/2013,0.2900
6055,3/1/2014,0.2800
6055,6/1/2014,0.2500
6055,9/1/2014,0.2100
6055,12/1/2014,0.2400
6055,3/1/2015,0.3400
6059,1/1/1991,0.2400
6059,2/1/1991,0.2400
6059,3/1/1991,0.2500
6059,4/1/1991,0.2400
6059,5/1/1991,0.2500
6059,6/1/1991,0.2500
6059,7/1/1991,0.2400
6059,8/1/1991,0.2500
6059,9/1/1991,0.2700
6059,10/1/1991,0.2900
6059,11/1/1991,0.3000
6059,12/1/1991,0.3100
6059,1/1/1992,0.3300
6059,2/1/1992,0.3400
6059,3/1/1992,0.3100
6059,4/1/1992,0.3200
6059,5/1/1992,0.3000
6059,6/1/1992,0.3300
6059,7/1/1992,0.3400
6059,8/1/1992,0.3400
6059,9/1/1992,0.3700
6059,10/1/1992,0.3800
6059,11/1/1992,0.3800
6059,12/1/1992,0.3800
6059,1/1/1993,0.3900
6059,2/1/1993,0.4100
6059,3/1/1993,0.4200
6059,4/1/1993,0.4300
6059,5/1/1993,0.4300
6059,6/1/1993,0.4300
6059,7/1/1993,0.4300
6059,8/1/1993,0.4400
6059,9/1/1993,0.4500
6059,10/1/1993,0.4700
6059,11/1/1993,0.4600
6059,12/1/1993,0.4800
6059,1/1/1994,0.4900
6059,2/1/1994,0.4900
6059,3/1/1994,0.4600
6059,4/1/1994,0.4300
6059,5/1/1994,0.4300
6059,6/1/1994,0.4100
6059,7/1/1994,0.3900
6059,8/1/1994,0.3900
6059,9/1/1994,0.3900
6059,10/1/1994,0.3800
6059,11/1/1994,0.3900
6059,12/1/1994,0.3500
6059,1/1/1995,0.4000
6059,2/1/1995,0.3900
6059,3/1/1995,0.3600
6059,4/1/1995,0.3900
6059,5/1/1995,0.3700
6059,6/1/1995,0.3800
6059,7/1/1995,0.3800
6059,8/1/1995,0.3900
6059,9/1/1995,0.4000
6059,10/1/1995,0.4000
6059,11/1/1995,0.4100
6059,12/1/1995,0.4200
6059,1/1/1996,0.4300
6059,2/1/1996,0.4200
6059,3/1/1996,0.4300
6059,4/1/1996,0.3900
6059,5/1/1996,0.3800
6059,6/1/1996,0.3700
6059,7/1/1996,0.3800
6059,8/1/1996,0.3800
6059,9/1/1996,0.3800
6059,10/1/1996,0.4000
6059,11/1/1996,0.4100
6059,12/1/1996,0.4100
6059,1/1/1997,0.4100
6059,2/1/1997,0.4200
6059,3/1/1997,0.3900
6059,4/1/1997,0.3800
6059,5/1/1997,0.3800
6059,6/1/1997,0.3600
6059,7/1/1997,0.3800
6059,8/1/1997,0.3800
6059,9/1/1997,0.3800
6059,10/1/1997,0.3800
6059,11/1/1997,0.3800
6059,12/1/1997,0.3800
6059,1/1/1998,0.3900
6059,2/1/1998,0.3900
6059,3/1/1998,0.3800
6059,4/1/1998,0.3700
6059,5/1/1998,0.3500
6059,6/1/1998,0.3400
6059,7/1/1998,0.3300
6059,8/1/1998,0.3300
6059,9/1/1998,0.3500
6059,10/1/1998,0.3700
6059,11/1/1998,0.3800
6059,12/1/1998,0.3700
6059,1/1/1999,0.3800
6059,2/1/1999,0.3600
6059,3/1/1999,0.3500
6059,4/1/1999,0.3500
6059,5/1/1999,0.3600
6059,6/1/1999,0.3300
6059,7/1/1999,0.3200
6059,8/1/1999,0.3100
6059,9/1/1999,0.3200
6059,10/1/1999,0.3200
6059,11/1/1999,0.3200
6059,12/1/1999,0.3300
6059,1/1/2000,0.3100
6059,2/1/2000,0.2800
6059,3/1/2000,0.2800
6059,4/1/2000,0.2700
6059,5/1/2000,0.2600
6059,6/1/2000,0.2500
6059,7/1/2000,0.2700
6059,8/1/2000,0.2600
6059,9/1/2000,0.2700
6059,10/1/2000,0.2800
6059,11/1/2000,0.2800
6059,12/1/2000,0.2800
6059,1/1/2001,0.2900
6059,2/1/2001,0.3100
6059,3/1/2001,0.2900
6059,4/1/2001,0.2800
6059,5/1/2001,0.2900
6059,6/1/2001,0.2900
6059,7/1/2001,0.2800
6059,8/1/2001,0.2700
6059,9/1/2001,0.3000
6059,10/1/2001,0.3100
6059,11/1/2001,0.3300
6059,12/1/2001,0.3100
6059,1/1/2002,0.3100
6059,2/1/2002,0.2600
6059,3/1/2002,0.2500
6059,4/1/2002,0.2300
6059,5/1/2002,0.2200
6059,6/1/2002,0.2200
6059,7/1/2002,0.2200
6059,8/1/2002,0.2300
6059,9/1/2002,0.2400
6059,10/1/2002,0.2400
6059,11/1/2002,0.2500
6059,12/1/2002,0.2500
6059,1/1/2003,0.2500
6059,2/1/2003,0.2100
6059,3/1/2003,0.2200
6059,4/1/2003,0.2100
6059,5/1/2003,0.2100
6059,6/1/2003,0.2200
6059,7/1/2003,0.2100
6059,8/1/2003,0.1800
6059,9/1/2003,0.1800
6059,10/1/2003,0.1800
6059,11/1/2003,0.1800
6059,12/1/2003,0.1800
6059,1/1/2004,0.2000
6059,2/1/2004,0.1700
6059,3/1/2004,0.1400
6059,4/1/2004,0.1300
6059,5/1/2004,0.1100
6059,6/1/2004,0.1100
6059,7/1/2004,0.1100
6059,8/1/2004,0.1100
6059,9/1/2004,0.1300
6059,10/1/2004,0.1300
6059,11/1/2004,0.1300
6059,12/1/2004,0.1300
6059,1/1/2005,0.1200
6059,2/1/2005,0.1100
6059,3/1/2005,0.1100
6059,4/1/2005,0.1100
6059,5/1/2005,0.1100
6059,6/1/2005,0.1100
6059,7/1/2005,0.1100
6059,8/1/2005,0.1100
6059,9/1/2005,0.1100
6059,10/1/2005,0.1100
6059,11/1/2005,0.1100
6059,12/1/2005,0.1000
6059,3/1/2006,0.1100
6059,6/1/2006,0.1000
6059,9/1/2006,0.1100
6059,12/1/2006,0.1100
6059,3/1/2007,0.1200
6059,6/1/2007,0.1100
6059,9/1/2007,0.1100
6059,12/1/2007,0.1300
6059,3/1/2008,0.1800
6059,6/1/2008,0.2000
6059,9/1/2008,0.2500
6059,12/1/2008,0.3100
6059,3/1/2009,0.3700
6059,6/1/2009,0.3500
6059,9/1/2009,0.3200
6059,12/1/2009,0.3300
6059,3/1/2010,0.2800
6059,6/1/2010,0.2700
6059,9/1/2010,0.2800
6059,12/1/2010,0.3300
6059,3/1/2011,0.3300
6059,6/1/2011,0.3100
6059,9/1/2011,0.3300
6059,12/1/2011,0.3800
6059,3/1/2012,0.3900
6059,6/1/2012,0.3500
6059,9/1/2012,0.3400
6059,12/1/2012,0.3400
6059,3/1/2013,0.2800
6059,6/1/2013,0.2300
6059,9/1/2013,0.2000
6059,12/1/2013,0.2000
6059,3/1/2014,0.2100
6059,6/1/2014,0.2000
6059,9/1/2014,0.2000
6059,12/1/2014,0.2100
6059,3/1/2015,0.2200
6061,3/1/2010,0.5800
6061,6/1/2010,0.5800
6061,9/1/2010,0.6000
6061,12/1/2010,0.6200
6061,3/1/2011,0.6400
6061,6/1/2011,0.6400
6061,9/1/2011,0.6500
6061,12/1/2011,0.6700
6061,3/1/2012,0.6700
6061,6/1/2012,0.6500
6061,9/1/2012,0.6400
6061,12/1/2012,0.6300
6061,3/1/2013,0.5700
6061,6/1/2013,0.5100
6061,9/1/2013,0.4600
6061,12/1/2013,0.4700
6061,3/1/2014,0.4500
6061,6/1/2014,0.4400
6061,9/1/2014,0.4400
6061,12/1/2014,0.4500
6061,3/1/2015,0.4600
6065,1/1/1991,0.4000
6065,2/1/1991,0.3900
6065,3/1/1991,0.4000
6065,4/1/1991,0.4000
6065,5/1/1991,0.4000
6065,6/1/1991,0.4000
6065,7/1/1991,0.4000
6065,8/1/1991,0.3900
6065,9/1/1991,0.4000
6065,10/1/1991,0.4300
6065,11/1/1991,0.4300
6065,12/1/1991,0.4600
6065,1/1/1992,0.4600
6065,2/1/1992,0.4400
6065,3/1/1992,0.4400
6065,4/1/1992,0.4500
6065,5/1/1992,0.4600
6065,6/1/1992,0.4500
6065,7/1/1992,0.4700
6065,8/1/1992,0.4800
6065,9/1/1992,0.4900
6065,10/1/1992,0.5000
6065,11/1/1992,0.5000
6065,12/1/1992,0.5000
6065,1/1/1993,0.5300
6065,2/1/1993,0.5100
6065,3/1/1993,0.5100
6065,4/1/1993,0.5300
6065,5/1/1993,0.5200
6065,6/1/1993,0.5200
6065,7/1/1993,0.5200
6065,8/1/1993,0.5400
6065,9/1/1993,0.5700
6065,10/1/1993,0.5600
6065,11/1/1993,0.5700
6065,12/1/1993,0.5700
6065,1/1/1994,0.5700
6065,2/1/1994,0.5600
6065,3/1/1994,0.5700
6065,4/1/1994,0.5600
6065,5/1/1994,0.5600
6065,6/1/1994,0.5500
6065,7/1/1994,0.5500
6065,8/1/1994,0.5500
6065,9/1/1994,0.5600
6065,10/1/1994,0.5600
6065,11/1/1994,0.5700
6065,12/1/1994,0.5500
6065,1/1/1995,0.5100
6065,2/1/1995,0.5200
6065,3/1/1995,0.5200
6065,4/1/1995,0.5000
6065,5/1/1995,0.5400
6065,6/1/1995,0.5300
6065,7/1/1995,0.5300
6065,8/1/1995,0.5200
6065,9/1/1995,0.5500
6065,10/1/1995,0.5200
6065,11/1/1995,0.5200
6065,12/1/1995,0.5300
6065,1/1/1996,0.5200
6065,2/1/1996,0.5600
6065,3/1/1996,0.5500
6065,4/1/1996,0.5300
6065,5/1/1996,0.5300
6065,6/1/1996,0.5100
6065,7/1/1996,0.5400
6065,8/1/1996,0.5400
6065,9/1/1996,0.5400
6065,10/1/1996,0.5600
6065,11/1/1996,0.5600
6065,12/1/1996,0.5500
6065,1/1/1997,0.5600
6065,2/1/1997,0.5500
6065,3/1/1997,0.5600
6065,4/1/1997,0.5600
6065,5/1/1997,0.5500
6065,6/1/1997,0.5400
6065,7/1/1997,0.5400
6065,8/1/1997,0.5400
6065,9/1/1997,0.5400
6065,10/1/1997,0.5500
6065,11/1/1997,0.5400
6065,12/1/1997,0.5600
6065,1/1/1998,0.5800
6065,2/1/1998,0.5400
6065,3/1/1998,0.5400
6065,4/1/1998,0.5400
6065,5/1/1998,0.5100
6065,6/1/1998,0.5400
6065,7/1/1998,0.5100
6065,8/1/1998,0.5400
6065,9/1/1998,0.5600
6065,10/1/1998,0.5500
6065,11/1/1998,0.5600
6065,12/1/1998,0.5800
6065,1/1/1999,0.5600
6065,2/1/1999,0.5600
6065,3/1/1999,0.5200
6065,4/1/1999,0.5100
6065,5/1/1999,0.5300
6065,6/1/1999,0.5100
6065,7/1/1999,0.4900
6065,8/1/1999,0.4900
6065,9/1/1999,0.5000
6065,10/1/1999,0.4900
6065,11/1/1999,0.4900
6065,12/1/1999,0.5100
6065,1/1/2000,0.4500
6065,2/1/2000,0.4300
6065,3/1/2000,0.4600
6065,4/1/2000,0.4500
6065,5/1/2000,0.4200
6065,6/1/2000,0.4400
6065,7/1/2000,0.4400
6065,8/1/2000,0.4300
6065,9/1/2000,0.4400
6065,10/1/2000,0.4300
6065,11/1/2000,0.4200
6065,12/1/2000,0.4400
6065,1/1/2001,0.4800
6065,2/1/2001,0.4500
6065,3/1/2001,0.4500
6065,4/1/2001,0.4200
6065,5/1/2001,0.4100
6065,6/1/2001,0.4000
6065,7/1/2001,0.4300
6065,8/1/2001,0.4400
6065,9/1/2001,0.4100
6065,10/1/2001,0.4600
6065,11/1/2001,0.4500
6065,12/1/2001,0.4400
6065,1/1/2002,0.4400
6065,2/1/2002,0.4200
6065,3/1/2002,0.3900
6065,4/1/2002,0.3600
6065,5/1/2002,0.3900
6065,6/1/2002,0.3700
6065,7/1/2002,0.3800
6065,8/1/2002,0.3900
6065,9/1/2002,0.4100
6065,10/1/2002,0.4000
6065,11/1/2002,0.3700
6065,12/1/2002,0.3700
6065,1/1/2003,0.3800
6065,2/1/2003,0.3600
6065,3/1/2003,0.3400
6065,4/1/2003,0.3300
6065,5/1/2003,0.3500
6065,6/1/2003,0.3300
6065,7/1/2003,0.3300
6065,8/1/2003,0.3100
6065,9/1/2003,0.3200
6065,10/1/2003,0.2900
6065,11/1/2003,0.3100
6065,12/1/2003,0.2800
6065,1/1/2004,0.2700
6065,2/1/2004,0.2700
6065,3/1/2004,0.2200
6065,4/1/2004,0.2200
6065,5/1/2004,0.2000
6065,6/1/2004,0.1700
6065,7/1/2004,0.1700
6065,8/1/2004,0.1800
6065,9/1/2004,0.1800
6065,10/1/2004,0.1800
6065,11/1/2004,0.1800
6065,12/1/2004,0.1700
6065,1/1/2005,0.1500
6065,2/1/2005,0.1700
6065,3/1/2005,0.1900
6065,4/1/2005,0.1900
6065,5/1/2005,0.1800
6065,6/1/2005,0.1400
6065,7/1/2005,0.1500
6065,8/1/2005,0.1800
6065,9/1/2005,0.1800
6065,10/1/2005,0.1800
6065,11/1/2005,0.1700
6065,12/1/2005,0.1600
6065,3/1/2006,0.1700
6065,6/1/2006,0.3200
6065,9/1/2006,0.2500
6065,12/1/2006,0.3400
6065,3/1/2007,0.1900
6065,6/1/2007,0.3500
6065,9/1/2007,0.1900
6065,12/1/2007,0.2400
6065,3/1/2008,0.3700
6065,6/1/2008,0.4100
6065,9/1/2008,0.4900
6065,12/1/2008,0.5700
6065,3/1/2009,0.6500
6065,6/1/2009,0.6800
6065,9/1/2009,0.6500
6065,12/1/2009,0.6500
6065,3/1/2010,0.6300
6065,6/1/2010,0.6000
6065,9/1/2010,0.6100
6065,12/1/2010,0.6400
6065,3/1/2011,0.6300
6065,6/1/2011,0.6400
6065,9/1/2011,0.6500
6065,12/1/2011,0.6600
6065,3/1/2012,0.6600
6065,6/1/2012,0.6500
6065,9/1/2012,0.6300
6065,12/1/2012,0.6200
6065,3/1/2013,0.5400
6065,6/1/2013,0.4900
6065,9/1/2013,0.4500
6065,12/1/2013,0.4300
6065,3/1/2014,0.4200
6065,6/1/2014,0.4100
6065,9/1/2014,0.4100
6065,12/1/2014,0.4100
6065,3/1/2015,0.4200
6067,1/1/1991,0.3800
6067,2/1/1991,0.3900
6067,3/1/1991,0.3700
6067,4/1/1991,0.3600
6067,5/1/1991,0.3700
6067,6/1/1991,0.3800
6067,7/1/1991,0.3700
6067,8/1/1991,0.3700
6067,9/1/1991,0.4000
6067,10/1/1991,0.4100
6067,11/1/1991,0.4500
6067,12/1/1991,0.4300
6067,1/1/1992,0.4500
6067,2/1/1992,0.4400
6067,3/1/1992,0.4500
6067,4/1/1992,0.4400
6067,5/1/1992,0.4500
6067,6/1/1992,0.4500
6067,7/1/1992,0.4700
6067,8/1/1992,0.4700
6067,9/1/1992,0.4900
6067,10/1/1992,0.5000
6067,11/1/1992,0.5100
6067,12/1/1992,0.5000
6067,1/1/1993,0.5000
6067,2/1/1993,0.5300
6067,3/1/1993,0.5200
6067,4/1/1993,0.5200
6067,5/1/1993,0.5300
6067,6/1/1993,0.5500
6067,7/1/1993,0.5300
6067,8/1/1993,0.5500
6067,9/1/1993,0.5600
6067,10/1/1993,0.5600
6067,11/1/1993,0.5700
6067,12/1/1993,0.5700
6067,1/1/1994,0.5700
6067,2/1/1994,0.5800
6067,3/1/1994,0.5500
6067,4/1/1994,0.5500
6067,5/1/1994,0.5400
6067,6/1/1994,0.5600
6067,7/1/1994,0.5600
6067,8/1/1994,0.5500
6067,9/1/1994,0.5700
6067,10/1/1994,0.5600
6067,11/1/1994,0.5600
6067,12/1/1994,0.5500
6067,1/1/1995,0.5600
6067,2/1/1995,0.5500
6067,3/1/1995,0.5500
6067,4/1/1995,0.5700
6067,5/1/1995,0.5800
6067,6/1/1995,0.5600
6067,7/1/1995,0.5700
6067,8/1/1995,0.5600
6067,9/1/1995,0.5600
6067,10/1/1995,0.5600
6067,11/1/1995,0.5700
6067,12/1/1995,0.6000
6067,1/1/1996,0.6100
6067,2/1/1996,0.6200
6067,3/1/1996,0.5900
6067,4/1/1996,0.5800
6067,5/1/1996,0.5700
6067,6/1/1996,0.5800
6067,7/1/1996,0.5700
6067,8/1/1996,0.5900
6067,9/1/1996,0.5900
6067,10/1/1996,0.6000
6067,11/1/1996,0.6200
6067,12/1/1996,0.6300
6067,1/1/1997,0.6100
6067,2/1/1997,0.6200
6067,3/1/1997,0.6000
6067,4/1/1997,0.6200
6067,5/1/1997,0.6000
6067,6/1/1997,0.5900
6067,7/1/1997,0.5900
6067,8/1/1997,0.6100
6067,9/1/1997,0.6200
6067,10/1/1997,0.6300
6067,11/1/1997,0.6200
6067,12/1/1997,0.6500
6067,1/1/1998,0.6500
6067,2/1/1998,0.6400
6067,3/1/1998,0.6200
6067,4/1/1998,0.6000
6067,5/1/1998,0.5900
6067,6/1/1998,0.6000
6067,7/1/1998,0.6000
6067,8/1/1998,0.6000
6067,9/1/1998,0.6100
6067,10/1/1998,0.6100
6067,11/1/1998,0.6100
6067,12/1/1998,0.6100
6067,1/1/1999,0.6400
6067,2/1/1999,0.6100
6067,3/1/1999,0.6100
6067,4/1/1999,0.5900
6067,5/1/1999,0.5900
6067,6/1/1999,0.5700
6067,7/1/1999,0.5700
6067,8/1/1999,0.5600
6067,9/1/1999,0.5600
6067,10/1/1999,0.5700
6067,11/1/1999,0.5700
6067,12/1/1999,0.5700
6067,1/1/2000,0.5700
6067,2/1/2000,0.5700
6067,3/1/2000,0.5500
6067,4/1/2000,0.5400
6067,5/1/2000,0.5300
6067,6/1/2000,0.5100
6067,7/1/2000,0.5100
6067,8/1/2000,0.5100
6067,9/1/2000,0.5200
6067,10/1/2000,0.5200
6067,11/1/2000,0.5200
6067,12/1/2000,0.5300
6067,1/1/2001,0.5400
6067,2/1/2001,0.5200
6067,3/1/2001,0.5100
6067,4/1/2001,0.5000
6067,5/1/2001,0.4900
6067,6/1/2001,0.4800
6067,7/1/2001,0.4900
6067,8/1/2001,0.4900
6067,9/1/2001,0.5100
6067,10/1/2001,0.5200
6067,11/1/2001,0.5200
6067,12/1/2001,0.5100
6067,1/1/2002,0.5000
6067,2/1/2002,0.5000
6067,3/1/2002,0.4800
6067,4/1/2002,0.4600
6067,5/1/2002,0.4400
6067,6/1/2002,0.4400
6067,7/1/2002,0.4300
6067,8/1/2002,0.4200
6067,9/1/2002,0.4200
6067,10/1/2002,0.4300
6067,11/1/2002,0.4300
6067,12/1/2002,0.4300
6067,1/1/2003,0.4300
6067,2/1/2003,0.4300
6067,3/1/2003,0.4300
6067,4/1/2003,0.4300
6067,5/1/2003,0.4200
6067,6/1/2003,0.4100
6067,7/1/2003,0.4200
6067,8/1/2003,0.3900
6067,9/1/2003,0.3800
6067,10/1/2003,0.3800
6067,11/1/2003,0.3800
6067,12/1/2003,0.3700
6067,1/1/2004,0.3900
6067,2/1/2004,0.3600
6067,3/1/2004,0.3400
6067,4/1/2004,0.3300
6067,5/1/2004,0.3000
6067,6/1/2004,0.2600
6067,7/1/2004,0.2600
6067,8/1/2004,0.2600
6067,9/1/2004,0.2500
6067,10/1/2004,0.2500
6067,11/1/2004,0.2400
6067,12/1/2004,0.2400
6067,1/1/2005,0.2400
6067,2/1/2005,0.2400
6067,3/1/2005,0.2300
6067,4/1/2005,0.2100
6067,5/1/2005,0.2000
6067,6/1/2005,0.2100
6067,7/1/2005,0.2000
6067,8/1/2005,0.1900
6067,9/1/2005,0.2000
6067,10/1/2005,0.1900
6067,11/1/2005,0.1900
6067,12/1/2005,0.1900
6067,3/1/2006,0.2200
6067,6/1/2006,0.2100
6067,9/1/2006,0.2100
6067,12/1/2006,0.2400
6067,3/1/2007,0.2500
6067,6/1/2007,0.2600
6067,9/1/2007,0.2800
6067,12/1/2007,0.3500
6067,3/1/2008,0.4600
6067,6/1/2008,0.5100
6067,9/1/2008,0.5400
6067,12/1/2008,0.6100
6067,3/1/2009,0.6900
6067,6/1/2009,0.6800
6067,9/1/2009,0.6500
6067,12/1/2009,0.6600
6067,3/1/2010,0.6800
6067,6/1/2010,0.6500
6067,9/1/2010,0.6800
6067,12/1/2010,0.7000
6067,3/1/2011,0.7100
6067,6/1/2011,0.7200
6067,9/1/2011,0.7200
6067,12/1/2011,0.7400
6067,3/1/2012,0.7400
6067,6/1/2012,0.7400
6067,9/1/2012,0.7300
6067,12/1/2012,0.7100
6067,3/1/2013,0.6200
6067,6/1/2013,0.5600
6067,9/1/2013,0.5000
6067,12/1/2013,0.5100
6067,3/1/2014,0.5000
6067,6/1/2014,0.4800
6067,9/1/2014,0.4800
6067,12/1/2014,0.4900
6067,3/1/2015,0.4900
6071,1/1/1991,0.3900
6071,2/1/1991,0.4000
6071,3/1/1991,0.4000
6071,4/1/1991,0.4000
6071,5/1/1991,0.4000
6071,6/1/1991,0.4100
6071,7/1/1991,0.3800
6071,8/1/1991,0.4200
6071,9/1/1991,0.4200
6071,10/1/1991,0.4100
6071,11/1/1991,0.4500
6071,12/1/1991,0.4500
6071,1/1/1992,0.4600
6071,2/1/1992,0.4500
6071,3/1/1992,0.4600
6071,4/1/1992,0.4400
6071,5/1/1992,0.4500
6071,6/1/1992,0.4700
6071,7/1/1992,0.4700
6071,8/1/1992,0.4800
6071,9/1/1992,0.5000
6071,10/1/1992,0.4900
6071,11/1/1992,0.4900
6071,12/1/1992,0.4900
6071,1/1/1993,0.4900
6071,2/1/1993,0.5100
6071,3/1/1993,0.5000
6071,4/1/1993,0.5300
6071,5/1/1993,0.5100
6071,6/1/1993,0.5200
6071,7/1/1993,0.5100
6071,8/1/1993,0.5200
6071,9/1/1993,0.5400
6071,10/1/1993,0.5500
6071,11/1/1993,0.5400
6071,12/1/1993,0.5500
6071,1/1/1994,0.5400
6071,2/1/1994,0.5600
6071,3/1/1994,0.5500
6071,4/1/1994,0.5400
6071,5/1/1994,0.5300
6071,6/1/1994,0.5300
6071,7/1/1994,0.5300
6071,8/1/1994,0.5300
6071,9/1/1994,0.5300
6071,10/1/1994,0.5400
6071,11/1/1994,0.5400
6071,12/1/1994,0.5400
6071,1/1/1995,0.4800
6071,2/1/1995,0.4900
6071,3/1/1995,0.5000
6071,4/1/1995,0.4800
6071,5/1/1995,0.4900
6071,6/1/1995,0.5000
6071,7/1/1995,0.4900
6071,8/1/1995,0.5100
6071,9/1/1995,0.5200
6071,10/1/1995,0.5100
6071,11/1/1995,0.5200
6071,12/1/1995,0.5500
6071,1/1/1996,0.5500
6071,2/1/1996,0.5400
6071,3/1/1996,0.5500
6071,4/1/1996,0.5300
6071,5/1/1996,0.5400
6071,6/1/1996,0.5200
6071,7/1/1996,0.5400
6071,8/1/1996,0.5400
6071,9/1/1996,0.5700
6071,10/1/1996,0.5800
6071,11/1/1996,0.5700
6071,12/1/1996,0.5900
6071,1/1/1997,0.5800
6071,2/1/1997,0.5900
6071,3/1/1997,0.5600
6071,4/1/1997,0.5500
6071,5/1/1997,0.5500
6071,6/1/1997,0.5600
6071,7/1/1997,0.5800
6071,8/1/1997,0.5900
6071,9/1/1997,0.5900
6071,10/1/1997,0.5900
6071,11/1/1997,0.5900
6071,12/1/1997,0.6000
6071,1/1/1998,0.6000
6071,2/1/1998,0.5900
6071,3/1/1998,0.5900
6071,4/1/1998,0.5800
6071,5/1/1998,0.5600
6071,6/1/1998,0.5600
6071,7/1/1998,0.5300
6071,8/1/1998,0.5500
6071,9/1/1998,0.5600
6071,10/1/1998,0.5500
6071,11/1/1998,0.5700
6071,12/1/1998,0.5500
6071,1/1/1999,0.5800
6071,2/1/1999,0.5700
6071,3/1/1999,0.5500
6071,4/1/1999,0.5600
6071,5/1/1999,0.5400
6071,6/1/1999,0.5400
6071,7/1/1999,0.5200
6071,8/1/1999,0.5000
6071,9/1/1999,0.5100
6071,10/1/1999,0.5200
6071,11/1/1999,0.5400
6071,12/1/1999,0.5300
6071,1/1/2000,0.5200
6071,2/1/2000,0.5200
6071,3/1/2000,0.5200
6071,4/1/2000,0.5200
6071,5/1/2000,0.5100
6071,6/1/2000,0.5000
6071,7/1/2000,0.5000
6071,8/1/2000,0.5100
6071,9/1/2000,0.5000
6071,10/1/2000,0.4900
6071,11/1/2000,0.5200
6071,12/1/2000,0.5200
6071,1/1/2001,0.5500
6071,2/1/2001,0.5600
6071,3/1/2001,0.5200
6071,4/1/2001,0.5400
6071,5/1/2001,0.5400
6071,6/1/2001,0.5200
6071,7/1/2001,0.5200
6071,8/1/2001,0.5200
6071,9/1/2001,0.5500
6071,10/1/2001,0.5400
6071,11/1/2001,0.5400
6071,12/1/2001,0.5300
6071,1/1/2002,0.5400
6071,2/1/2002,0.5500
6071,3/1/2002,0.5300
6071,4/1/2002,0.5300
6071,5/1/2002,0.5200
6071,6/1/2002,0.5100
6071,7/1/2002,0.5100
6071,8/1/2002,0.5200
6071,9/1/2002,0.5000
6071,10/1/2002,0.5200
6071,11/1/2002,0.5000
6071,12/1/2002,0.5100
6071,1/1/2003,0.4800
6071,2/1/2003,0.5000
6071,3/1/2003,0.4900
6071,4/1/2003,0.4900
6071,5/1/2003,0.4700
6071,6/1/2003,0.4600
6071,7/1/2003,0.4500
6071,8/1/2003,0.4400
6071,9/1/2003,0.4200
6071,10/1/2003,0.3900
6071,11/1/2003,0.4300
6071,12/1/2003,0.3900
6071,1/1/2004,0.4100
6071,2/1/2004,0.3800
6071,3/1/2004,0.3600
6071,4/1/2004,0.3500
6071,5/1/2004,0.3200
6071,6/1/2004,0.2900
6071,7/1/2004,0.2500
6071,8/1/2004,0.2800
6071,9/1/2004,0.2800
6071,10/1/2004,0.2600
6071,11/1/2004,0.2700
6071,12/1/2004,0.2600
6071,1/1/2005,0.2300
6071,2/1/2005,0.2400
6071,3/1/2005,0.2300
6071,4/1/2005,0.2400
6071,5/1/2005,0.2400
6071,6/1/2005,0.2000
6071,7/1/2005,0.1900
6071,8/1/2005,0.2200
6071,9/1/2005,0.2200
6071,10/1/2005,0.2200
6071,11/1/2005,0.2100
6071,12/1/2005,0.2000
6071,3/1/2006,0.2200
6071,6/1/2006,0.3800
6071,9/1/2006,0.2800
6071,12/1/2006,0.3700
6071,3/1/2007,0.2400
6071,6/1/2007,0.4100
6071,9/1/2007,0.2700
6071,12/1/2007,0.2800
6071,3/1/2008,0.4100
6071,6/1/2008,0.4600
6071,9/1/2008,0.5200
6071,12/1/2008,0.5600
6071,3/1/2009,0.6800
6071,6/1/2009,0.7300
6071,9/1/2009,0.7000
6071,12/1/2009,0.6900
6071,3/1/2010,0.7500
6071,6/1/2010,0.6800
6071,9/1/2010,0.7400
6071,12/1/2010,0.7600
6071,3/1/2011,0.7600
6071,6/1/2011,0.7700
6071,9/1/2011,0.7700
6071,12/1/2011,0.7800
6071,3/1/2012,0.7800
6071,6/1/2012,0.7800
6071,9/1/2012,0.7700
6071,12/1/2012,0.7600
6071,3/1/2013,0.7200
6071,6/1/2013,0.6900
6071,9/1/2013,0.6400
6071,12/1/2013,0.6200
6071,3/1/2014,0.6100
6071,6/1/2014,0.5800
6071,9/1/2014,0.5700
6071,12/1/2014,0.5700
6071,3/1/2015,0.5800
6073,1/1/1991,0.2500
6073,2/1/1991,0.2700
6073,3/1/1991,0.2600
6073,4/1/1991,0.2700
6073,5/1/1991,0.2500
6073,6/1/1991,0.2600
6073,7/1/1991,0.2500
6073,8/1/1991,0.2400
6073,9/1/1991,0.2900
6073,10/1/1991,0.2900
6073,11/1/1991,0.3100
6073,12/1/1991,0.3000
6073,1/1/1992,0.3300
6073,2/1/1992,0.3400
6073,3/1/1992,0.3100
6073,4/1/1992,0.3200
6073,5/1/1992,0.3100
6073,6/1/1992,0.3300
6073,7/1/1992,0.3300
6073,8/1/1992,0.3600
6073,9/1/1992,0.3500
6073,10/1/1992,0.3700
6073,11/1/1992,0.3700
6073,12/1/1992,0.3700
6073,1/1/1993,0.3900
6073,2/1/1993,0.3900
6073,3/1/1993,0.4100
6073,4/1/1993,0.4000
6073,5/1/1993,0.4000
6073,6/1/1993,0.4000
6073,7/1/1993,0.4200
6073,8/1/1993,0.4100
6073,9/1/1993,0.4400
6073,10/1/1993,0.4200
6073,11/1/1993,0.4400
6073,12/1/1993,0.4400
6073,1/1/1994,0.4400
6073,2/1/1994,0.4300
6073,3/1/1994,0.4200
6073,4/1/1994,0.4100
6073,5/1/1994,0.3900
6073,6/1/1994,0.3900
6073,7/1/1994,0.3800
6073,8/1/1994,0.3900
6073,9/1/1994,0.3900
6073,10/1/1994,0.4000
6073,11/1/1994,0.4000
6073,12/1/1994,0.3800
6073,1/1/1995,0.3900
6073,2/1/1995,0.3600
6073,3/1/1995,0.3600
6073,4/1/1995,0.3900
6073,5/1/1995,0.3900
6073,6/1/1995,0.3700
6073,7/1/1995,0.3700
6073,8/1/1995,0.3700
6073,9/1/1995,0.3800
6073,10/1/1995,0.3900
6073,11/1/1995,0.3700
6073,12/1/1995,0.4000
6073,1/1/1996,0.3800
6073,2/1/1996,0.3900
6073,3/1/1996,0.3900
6073,4/1/1996,0.3900
6073,5/1/1996,0.3800
6073,6/1/1996,0.3600
6073,7/1/1996,0.3500
6073,8/1/1996,0.3700
6073,9/1/1996,0.3800
6073,10/1/1996,0.3900
6073,11/1/1996,0.3700
6073,12/1/1996,0.4100
6073,1/1/1997,0.3900
6073,2/1/1997,0.4200
6073,3/1/1997,0.3800
6073,4/1/1997,0.3800
6073,5/1/1997,0.3700
6073,6/1/1997,0.3700
6073,7/1/1997,0.3600
6073,8/1/1997,0.3600
6073,9/1/1997,0.3900
6073,10/1/1997,0.3900
6073,11/1/1997,0.3900
6073,12/1/1997,0.3900
6073,1/1/1998,0.4000
6073,2/1/1998,0.4200
6073,3/1/1998,0.3800
6073,4/1/1998,0.3600
6073,5/1/1998,0.3700
6073,6/1/1998,0.3500
6073,7/1/1998,0.3500
6073,8/1/1998,0.3400
6073,9/1/1998,0.3800
6073,10/1/1998,0.3900
6073,11/1/1998,0.3900
6073,12/1/1998,0.3800
6073,1/1/1999,0.3600
6073,2/1/1999,0.3900
6073,3/1/1999,0.3600
6073,4/1/1999,0.3500
6073,5/1/1999,0.3400
6073,6/1/1999,0.3200
6073,7/1/1999,0.3200
6073,8/1/1999,0.2900
6073,9/1/1999,0.3000
6073,10/1/1999,0.3100
6073,11/1/1999,0.3100
6073,12/1/1999,0.3100
6073,1/1/2000,0.2700
6073,2/1/2000,0.2800
6073,3/1/2000,0.2500
6073,4/1/2000,0.2500
6073,5/1/2000,0.2200
6073,6/1/2000,0.2300
6073,7/1/2000,0.2300
6073,8/1/2000,0.2300
6073,9/1/2000,0.2400
6073,10/1/2000,0.2300
6073,11/1/2000,0.2300
6073,12/1/2000,0.2400
6073,1/1/2001,0.2500
6073,2/1/2001,0.2500
6073,3/1/2001,0.2600
6073,4/1/2001,0.2500
6073,5/1/2001,0.2600
6073,6/1/2001,0.2500
6073,7/1/2001,0.2400
6073,8/1/2001,0.2400
6073,9/1/2001,0.2500
6073,10/1/2001,0.2900
6073,11/1/2001,0.2900
6073,12/1/2001,0.2700
6073,1/1/2002,0.2700
6073,2/1/2002,0.2500
6073,3/1/2002,0.2300
6073,4/1/2002,0.2200
6073,5/1/2002,0.2000
6073,6/1/2002,0.2000
6073,7/1/2002,0.2000
6073,8/1/2002,0.2000
6073,9/1/2002,0.2000
6073,10/1/2002,0.2200
6073,11/1/2002,0.2200
6073,12/1/2002,0.2200
6073,1/1/2003,0.2200
6073,2/1/2003,0.2200
6073,3/1/2003,0.2100
6073,4/1/2003,0.2200
6073,5/1/2003,0.2100
6073,6/1/2003,0.2000
6073,7/1/2003,0.1900
6073,8/1/2003,0.1700
6073,9/1/2003,0.1700
6073,10/1/2003,0.1600
6073,11/1/2003,0.1600
6073,12/1/2003,0.1500
6073,1/1/2004,0.1600
6073,2/1/2004,0.1500
6073,3/1/2004,0.1500
6073,4/1/2004,0.1400
6073,5/1/2004,0.1100
6073,6/1/2004,0.1000
6073,7/1/2004,0.1000
6073,8/1/2004,0.1000
6073,9/1/2004,0.1100
6073,10/1/2004,0.1200
6073,11/1/2004,0.1200
6073,12/1/2004,0.1100
6073,1/1/2005,0.1100
6073,2/1/2005,0.1100
6073,3/1/2005,0.1000
6073,4/1/2005,0.1000
6073,5/1/2005,0.0900
6073,6/1/2005,0.0900
6073,7/1/2005,0.0900
6073,8/1/2005,0.0900
6073,9/1/2005,0.0900
6073,10/1/2005,0.0900
6073,11/1/2005,0.0800
6073,12/1/2005,0.0900
6073,3/1/2006,0.0900
6073,6/1/2006,0.0900
6073,9/1/2006,0.0900
6073,12/1/2006,0.1100
6073,3/1/2007,0.1100
6073,6/1/2007,0.1000
6073,9/1/2007,0.1000
6073,12/1/2007,0.1600
6073,3/1/2008,0.2400
6073,6/1/2008,0.2500
6073,9/1/2008,0.2900
6073,12/1/2008,0.3900
6073,3/1/2009,0.4300
6073,6/1/2009,0.4100
6073,9/1/2009,0.3600
6073,12/1/2009,0.3800
6073,3/1/2010,0.3800
6073,6/1/2010,0.3700
6073,9/1/2010,0.3800
6073,12/1/2010,0.4000
6073,3/1/2011,0.4000
6073,6/1/2011,0.4100
6073,9/1/2011,0.4200
6073,12/1/2011,0.4600
6073,3/1/2012,0.4600
6073,6/1/2012,0.4400
6073,9/1/2012,0.4300
6073,12/1/2012,0.4300
6073,3/1/2013,0.3800
6073,6/1/2013,0.3200
6073,9/1/2013,0.2700
6073,12/1/2013,0.2800
6073,3/1/2014,0.2700
6073,6/1/2014,0.2600
6073,9/1/2014,0.2500
6073,12/1/2014,0.2700
6073,3/1/2015,0.2800
6075,1/1/1991,0.1300
6075,2/1/1991,0.1300
6075,3/1/1991,0.1400
6075,4/1/1991,0.1300
6075,5/1/1991,0.1300
6075,6/1/1991,0.1200
6075,7/1/1991,0.1200
6075,8/1/1991,0.1300
6075,9/1/1991,0.1400
6075,10/1/1991,0.1500
6075,11/1/1991,0.1500
6075,12/1/1991,0.1600
6075,1/1/1992,0.1800
6075,2/1/1992,0.1700
6075,3/1/1992,0.1700
6075,4/1/1992,0.1600
6075,5/1/1992,0.1700
6075,6/1/1992,0.1600
6075,7/1/1992,0.1800
6075,8/1/1992,0.1800
6075,9/1/1992,0.1900
6075,10/1/1992,0.2100
6075,11/1/1992,0.2200
6075,12/1/1992,0.2200
6075,1/1/1993,0.2100
6075,2/1/1993,0.2400
6075,3/1/1993,0.2200
6075,4/1/1993,0.2200
6075,5/1/1993,0.2300
6075,6/1/1993,0.2200
6075,7/1/1993,0.2400
6075,8/1/1993,0.2500
6075,9/1/1993,0.2500
6075,10/1/1993,0.2500
6075,11/1/1993,0.2500
6075,12/1/1993,0.2500
6075,1/1/1994,0.2600
6075,2/1/1994,0.2700
6075,3/1/1994,0.2700
6075,4/1/1994,0.2300
6075,5/1/1994,0.2200
6075,6/1/1994,0.2100
6075,7/1/1994,0.2300
6075,8/1/1994,0.2300
6075,9/1/1994,0.2300
6075,10/1/1994,0.2500
6075,11/1/1994,0.2400
6075,12/1/1994,0.2100
6075,1/1/1995,0.2100
6075,2/1/1995,0.2200
6075,3/1/1995,0.2100
6075,4/1/1995,0.2000
6075,5/1/1995,0.2200
6075,6/1/1995,0.2000
6075,7/1/1995,0.2100
6075,8/1/1995,0.2100
6075,9/1/1995,0.2100
6075,10/1/1995,0.2500
6075,11/1/1995,0.2100
6075,12/1/1995,0.2400
6075,1/1/1996,0.2200
6075,2/1/1996,0.2400
6075,3/1/1996,0.2300
6075,4/1/1996,0.1900
6075,5/1/1996,0.2000
6075,6/1/1996,0.2000
6075,7/1/1996,0.2100
6075,8/1/1996,0.2100
6075,9/1/1996,0.2100
6075,10/1/1996,0.2500
6075,11/1/1996,0.2200
6075,12/1/1996,0.2200
6075,1/1/1997,0.2400
6075,2/1/1997,0.2300
6075,3/1/1997,0.2100
6075,4/1/1997,0.2100
6075,5/1/1997,0.2100
6075,6/1/1997,0.2100
6075,7/1/1997,0.2100
6075,8/1/1997,0.1900
6075,9/1/1997,0.2000
6075,10/1/1997,0.2200
6075,11/1/1997,0.2000
6075,12/1/1997,0.1800
6075,1/1/1998,0.2200
6075,2/1/1998,0.2300
6075,3/1/1998,0.2300
6075,4/1/1998,0.1800
6075,5/1/1998,0.1700
6075,6/1/1998,0.2100
6075,7/1/1998,0.1900
6075,8/1/1998,0.2100
6075,9/1/1998,0.2200
6075,10/1/1998,0.2300
6075,11/1/1998,0.2100
6075,12/1/1998,0.2200
6075,1/1/1999,0.2300
6075,2/1/1999,0.2300
6075,3/1/1999,0.1900
6075,4/1/1999,0.1800
6075,5/1/1999,0.1800
6075,6/1/1999,0.1500
6075,7/1/1999,0.1600
6075,8/1/1999,0.1700
6075,9/1/1999,0.1700
6075,10/1/1999,0.1800
6075,11/1/1999,0.1500
6075,12/1/1999,0.1500
6075,1/1/2000,0.1600
6075,2/1/2000,0.1300
6075,3/1/2000,0.1200
6075,4/1/2000,0.1000
6075,5/1/2000,0.1000
6075,6/1/2000,0.0900
6075,7/1/2000,0.1200
6075,8/1/2000,0.1000
6075,9/1/2000,0.1200
6075,10/1/2000,0.1100
6075,11/1/2000,0.1000
6075,12/1/2000,0.1000
6075,1/1/2001,0.1100
6075,2/1/2001,0.1100
6075,3/1/2001,0.1100
6075,4/1/2001,0.1100
6075,5/1/2001,0.1200
6075,6/1/2001,0.1200
6075,7/1/2001,0.1200
6075,8/1/2001,0.1300
6075,9/1/2001,0.1500
6075,10/1/2001,0.1600
6075,11/1/2001,0.1400
6075,12/1/2001,0.1500
6075,1/1/2002,0.1700
6075,2/1/2002,0.1400
6075,3/1/2002,0.1200
6075,4/1/2002,0.1300
6075,5/1/2002,0.1000
6075,6/1/2002,0.1200
6075,7/1/2002,0.1300
6075,8/1/2002,0.1400
6075,9/1/2002,0.1400
6075,10/1/2002,0.1400
6075,11/1/2002,0.1400
6075,12/1/2002,0.1500
6075,1/1/2003,0.1500
6075,2/1/2003,0.1100
6075,3/1/2003,0.1200
6075,4/1/2003,0.1100
6075,5/1/2003,0.1200
6075,6/1/2003,0.1300
6075,7/1/2003,0.1200
6075,8/1/2003,0.1200
6075,9/1/2003,0.1200
6075,10/1/2003,0.1200
6075,11/1/2003,0.1200
6075,12/1/2003,0.1200
6075,1/1/2004,0.1200
6075,2/1/2004,0.1200
6075,3/1/2004,0.1200
6075,4/1/2004,0.1200
6075,5/1/2004,0.1100
6075,6/1/2004,0.1000
6075,7/1/2004,0.1100
6075,8/1/2004,0.1100
6075,9/1/2004,0.1200
6075,10/1/2004,0.1100
6075,11/1/2004,0.1100
6075,12/1/2004,0.1100
6075,1/1/2005,0.1100
6075,2/1/2005,0.1000
6075,3/1/2005,0.0900
6075,4/1/2005,0.0800
6075,5/1/2005,0.0800
6075,6/1/2005,0.0900
6075,7/1/2005,0.0900
6075,8/1/2005,0.0900
6075,9/1/2005,0.0900
6075,10/1/2005,0.0900
6075,11/1/2005,0.0900
6075,12/1/2005,0.0900
6075,3/1/2006,0.1100
6075,6/1/2006,0.1600
6075,9/1/2006,0.1700
6075,12/1/2006,0.1900
6075,3/1/2007,0.1000
6075,6/1/2007,0.1500
6075,9/1/2007,0.0800
6075,12/1/2007,0.1100
6075,3/1/2008,0.1200
6075,6/1/2008,0.1200
6075,9/1/2008,0.1300
6075,12/1/2008,0.1700
6075,3/1/2009,0.2400
6075,6/1/2009,0.2100
6075,9/1/2009,0.1900
6075,12/1/2009,0.1900
6075,3/1/2010,0.2100
6075,6/1/2010,0.1900
6075,9/1/2010,0.2200
6075,12/1/2010,0.2200
6075,3/1/2011,0.2500
6075,6/1/2011,0.2400
6075,9/1/2011,0.2600
6075,12/1/2011,0.2600
6075,3/1/2012,0.2900
6075,6/1/2012,0.2400
6075,9/1/2012,0.2500
6075,12/1/2012,0.2200
6075,3/1/2013,0.2300
6075,6/1/2013,0.1700
6075,9/1/2013,0.1600
6075,12/1/2013,0.1600
6075,3/1/2014,0.1500
6075,6/1/2014,0.1300
6075,9/1/2014,0.1500
6075,12/1/2014,0.1400
6075,3/1/2015,0.1200
6077,3/1/2014,0.4200
6077,12/1/2014,0.4000
6077,3/1/2015,0.3900
6079,1/1/1991,0.1900
6079,2/1/1991,0.2100
6079,3/1/1991,0.2300
6079,4/1/1991,0.2100
6079,5/1/1991,0.2000
6079,6/1/1991,0.1700
6079,7/1/1991,0.2000
6079,8/1/1991,0.1900
6079,9/1/1991,0.2200
6079,10/1/1991,0.2600
6079,11/1/1991,0.2500
6079,12/1/1991,0.2500
6079,1/1/1992,0.2300
6079,2/1/1992,0.2300
6079,3/1/1992,0.3000
6079,4/1/1992,0.3100
6079,5/1/1992,0.3000
6079,6/1/1992,0.2800
6079,7/1/1992,0.2900
6079,8/1/1992,0.3300
6079,9/1/1992,0.3200
6079,10/1/1992,0.2900
6079,11/1/1992,0.3100
6079,12/1/1992,0.3100
6079,1/1/1993,0.3200
6079,2/1/1993,0.3200
6079,3/1/1993,0.3100
6079,4/1/1993,0.3500
6079,5/1/1993,0.3600
6079,6/1/1993,0.3300
6079,7/1/1993,0.3100
6079,8/1/1993,0.3200
6079,9/1/1993,0.3600
6079,10/1/1993,0.4000
6079,11/1/1993,0.3500
6079,12/1/1993,0.4100
6079,1/1/1994,0.3800
6079,2/1/1994,0.3800
6079,3/1/1994,0.3900
6079,4/1/1994,0.3900
6079,5/1/1994,0.3500
6079,6/1/1994,0.3700
6079,7/1/1994,0.3600
6079,8/1/1994,0.3500
6079,9/1/1994,0.3400
6079,10/1/1994,0.3800
6079,11/1/1994,0.3500
6079,12/1/1994,0.3500
6079,1/1/1995,0.3900
6079,2/1/1995,0.3800
6079,3/1/1995,0.3600
6079,4/1/1995,0.3700
6079,5/1/1995,0.3200
6079,6/1/1995,0.3600
6079,7/1/1995,0.3900
6079,8/1/1995,0.3400
6079,9/1/1995,0.3400
6079,10/1/1995,0.3900
6079,11/1/1995,0.3600
6079,12/1/1995,0.3900
6079,1/1/1996,0.3900
6079,2/1/1996,0.4400
6079,3/1/1996,0.4100
6079,4/1/1996,0.3800
6079,5/1/1996,0.3600
6079,6/1/1996,0.3300
6079,7/1/1996,0.3400
6079,8/1/1996,0.3500
6079,9/1/1996,0.3800
6079,10/1/1996,0.3600
6079,11/1/1996,0.4100
6079,12/1/1996,0.4100
6079,1/1/1997,0.3900
6079,2/1/1997,0.4000
6079,3/1/1997,0.3500
6079,4/1/1997,0.3800
6079,5/1/1997,0.3600
6079,6/1/1997,0.3600
6079,7/1/1997,0.3300
6079,8/1/1997,0.3700
6079,9/1/1997,0.3200
6079,10/1/1997,0.3600
6079,11/1/1997,0.3300
6079,12/1/1997,0.3500
6079,1/1/1998,0.3900
6079,2/1/1998,0.4300
6079,3/1/1998,0.4000
6079,4/1/1998,0.4300
6079,5/1/1998,0.3800
6079,6/1/1998,0.3900
6079,7/1/1998,0.3900
6079,8/1/1998,0.3700
6079,9/1/1998,0.3600
6079,10/1/1998,0.3800
6079,11/1/1998,0.3900
6079,12/1/1998,0.4100
6079,1/1/1999,0.3900
6079,2/1/1999,0.3700
6079,3/1/1999,0.3800
6079,4/1/1999,0.3400
6079,5/1/1999,0.3600
6079,6/1/1999,0.3100
6079,7/1/1999,0.3300
6079,8/1/1999,0.2800
6079,9/1/1999,0.3100
6079,10/1/1999,0.2700
6079,11/1/1999,0.3200
6079,12/1/1999,0.3300
6079,1/1/2000,0.2800
6079,2/1/2000,0.2500
6079,3/1/2000,0.2600
6079,4/1/2000,0.2100
6079,5/1/2000,0.2600
6079,6/1/2000,0.2400
6079,7/1/2000,0.2300
6079,8/1/2000,0.2000
6079,9/1/2000,0.2100
6079,10/1/2000,0.2000
6079,11/1/2000,0.2500
6079,12/1/2000,0.2400
6079,1/1/2001,0.2300
6079,2/1/2001,0.2200
6079,4/1/2001,0.2600
6079,5/1/2001,0.2800
6079,6/1/2001,0.2300
6079,7/1/2001,0.2400
6079,8/1/2001,0.2700
6079,9/1/2001,0.2600
6079,10/1/2001,0.2900
6079,11/1/2001,0.2800
6079,12/1/2001,0.2900
6079,1/1/2002,0.2500
6079,2/1/2002,0.2200
6079,3/1/2002,0.2000
6079,4/1/2002,0.2100
6079,5/1/2002,0.2100
6079,6/1/2002,0.2000
6079,7/1/2002,0.2300
6079,8/1/2002,0.2000
6079,9/1/2002,0.2400
6079,10/1/2002,0.2400
6079,11/1/2002,0.2300
6079,12/1/2002,0.2200
6079,1/1/2003,0.2200
6079,2/1/2003,0.1800
6079,3/1/2003,0.1900
6079,4/1/2003,0.1700
6079,5/1/2003,0.1800
6079,6/1/2003,0.2000
6079,7/1/2003,0.1900
6079,8/1/2003,0.1800
6079,9/1/2003,0.2000
6079,10/1/2003,0.1800
6079,11/1/2003,0.1900
6079,12/1/2003,0.1600
6079,1/1/2004,0.1700
6079,2/1/2004,0.1400
6079,3/1/2004,0.2000
6079,4/1/2004,0.2000
6079,5/1/2004,0.1600
6079,6/1/2004,0.1400
6079,7/1/2004,0.1400
6079,8/1/2004,0.1400
6079,9/1/2004,0.1300
6079,10/1/2004,0.1400
6079,11/1/2004,0.1400
6079,12/1/2004,0.1400
6079,1/1/2005,0.1300
6079,2/1/2005,0.1300
6079,3/1/2005,0.1300
6079,4/1/2005,0.1100
6079,5/1/2005,0.1100
6079,6/1/2005,0.1000
6079,7/1/2005,0.1000
6079,8/1/2005,0.1000
6079,9/1/2005,0.0800
6079,10/1/2005,0.0800
6079,11/1/2005,0.0700
6079,12/1/2005,0.1000
6079,3/1/2006,0.0800
6079,6/1/2006,0.0700
6079,9/1/2006,0.0700
6079,12/1/2006,0.1100
6079,3/1/2007,0.1000
6079,6/1/2007,0.0700
6079,9/1/2007,0.0900
6079,12/1/2007,0.1400
6079,3/1/2008,0.1600
6079,6/1/2008,0.1800
6079,9/1/2008,0.2000
6079,12/1/2008,0.2700
6079,3/1/2009,0.3100
6079,6/1/2009,0.3200
6079,9/1/2009,0.2700
6079,12/1/2009,0.2900
6079,3/1/2010,0.3400
6079,6/1/2010,0.3100
6079,9/1/2010,0.3600
6079,12/1/2010,0.3700
6079,3/1/2011,0.4000
6079,6/1/2011,0.3700
6079,9/1/2011,0.4000
6079,12/1/2011,0.4100
6079,3/1/2012,0.4100
6079,6/1/2012,0.4100
6079,9/1/2012,0.3700
6079,12/1/2012,0.4000
6079,3/1/2013,0.3400
6079,6/1/2013,0.3000
6079,9/1/2013,0.2300
6079,12/1/2013,0.2400
6079,3/1/2014,0.2400
6079,6/1/2014,0.2300
6079,9/1/2014,0.2400
6079,12/1/2014,0.2600
6079,3/1/2015,0.3000
6081,1/1/1991,0.1200
6081,2/1/1991,0.1800
6081,3/1/1991,0.1400
6081,4/1/1991,0.1400
6081,5/1/1991,0.1300
6081,6/1/1991,0.1300
6081,7/1/1991,0.1300
6081,8/1/1991,0.1200
6081,9/1/1991,0.1400
6081,10/1/1991,0.1500
6081,11/1/1991,0.1500
6081,12/1/1991,0.1900
6081,1/1/1992,0.2200
6081,2/1/1992,0.1800
6081,3/1/1992,0.1800
6081,4/1/1992,0.2100
6081,5/1/1992,0.1800
6081,6/1/1992,0.1700
6081,7/1/1992,0.1800
6081,8/1/1992,0.2100
6081,9/1/1992,0.2200
6081,10/1/1992,0.2300
6081,11/1/1992,0.2100
6081,12/1/1992,0.2400
6081,1/1/1993,0.2300
6081,2/1/1993,0.2500
6081,3/1/1993,0.2500
6081,4/1/1993,0.2600
6081,5/1/1993,0.2700
6081,6/1/1993,0.2700
6081,7/1/1993,0.2800
6081,8/1/1993,0.2800
6081,9/1/1993,0.2700
6081,10/1/1993,0.2800
6081,11/1/1993,0.3000
6081,12/1/1993,0.3000
6081,1/1/1994,0.2600
6081,2/1/1994,0.3100
6081,3/1/1994,0.2400
6081,4/1/1994,0.2600
6081,5/1/1994,0.2600
6081,6/1/1994,0.2400
6081,7/1/1994,0.2300
6081,8/1/1994,0.2200
6081,9/1/1994,0.2200
6081,10/1/1994,0.2400
6081,11/1/1994,0.2100
6081,12/1/1994,0.2200
6081,1/1/1995,0.2600
6081,2/1/1995,0.2500
6081,3/1/1995,0.2000
6081,4/1/1995,0.2300
6081,5/1/1995,0.2200
6081,6/1/1995,0.2400
6081,7/1/1995,0.2000
6081,8/1/1995,0.2200
6081,9/1/1995,0.2100
6081,10/1/1995,0.2300
6081,11/1/1995,0.2400
6081,12/1/1995,0.2700
6081,1/1/1996,0.2400
6081,2/1/1996,0.2800
6081,3/1/1996,0.2400
6081,4/1/1996,0.2200
6081,5/1/1996,0.2100
6081,6/1/1996,0.2000
6081,7/1/1996,0.1800
6081,8/1/1996,0.1900
6081,9/1/1996,0.2100
6081,10/1/1996,0.2100
6081,11/1/1996,0.2200
6081,12/1/1996,0.2400
6081,1/1/1997,0.2300
6081,2/1/1997,0.2400
6081,3/1/1997,0.2200
6081,4/1/1997,0.1900
6081,5/1/1997,0.2200
6081,6/1/1997,0.1600
6081,7/1/1997,0.1700
6081,8/1/1997,0.1700
6081,9/1/1997,0.1900
6081,10/1/1997,0.2000
6081,11/1/1997,0.1800
6081,12/1/1997,0.1800
6081,1/1/1998,0.1900
6081,2/1/1998,0.2000
6081,3/1/1998,0.1900
6081,4/1/1998,0.1800
6081,5/1/1998,0.1900
6081,6/1/1998,0.1700
6081,7/1/1998,0.1800
6081,8/1/1998,0.2100
6081,9/1/1998,0.2200
6081,10/1/1998,0.2500
6081,11/1/1998,0.2500
6081,12/1/1998,0.2400
6081,1/1/1999,0.2300
6081,2/1/1999,0.2100
6081,3/1/1999,0.2100
6081,4/1/1999,0.1900
6081,5/1/1999,0.1800
6081,6/1/1999,0.1700
6081,7/1/1999,0.1700
6081,8/1/1999,0.1900
6081,9/1/1999,0.2000
6081,10/1/1999,0.1900
6081,11/1/1999,0.1900
6081,12/1/1999,0.1800
6081,1/1/2000,0.1500
6081,2/1/2000,0.1500
6081,3/1/2000,0.1200
6081,4/1/2000,0.1200
6081,5/1/2000,0.1100
6081,6/1/2000,0.1300
6081,7/1/2000,0.1300
6081,8/1/2000,0.1300
6081,9/1/2000,0.1400
6081,10/1/2000,0.1300
6081,11/1/2000,0.1500
6081,12/1/2000,0.1400
6081,1/1/2001,0.1400
6081,2/1/2001,0.1300
6081,3/1/2001,0.1500
6081,4/1/2001,0.1700
6081,5/1/2001,0.1700
6081,6/1/2001,0.1700
6081,7/1/2001,0.1700
6081,8/1/2001,0.1800
6081,9/1/2001,0.1900
6081,10/1/2001,0.1900
6081,11/1/2001,0.2100
6081,12/1/2001,0.2000
6081,1/1/2002,0.2000
6081,2/1/2002,0.1700
6081,3/1/2002,0.1600
6081,4/1/2002,0.1500
6081,5/1/2002,0.1600
6081,6/1/2002,0.1600
6081,7/1/2002,0.1700
6081,8/1/2002,0.1700
6081,9/1/2002,0.1800
6081,10/1/2002,0.2000
6081,11/1/2002,0.1900
6081,12/1/2002,0.2100
6081,1/1/2003,0.2000
6081,2/1/2003,0.1800
6081,3/1/2003,0.1700
6081,4/1/2003,0.1800
6081,5/1/2003,0.1700
6081,6/1/2003,0.1700
6081,7/1/2003,0.1800
6081,8/1/2003,0.1800
6081,9/1/2003,0.1800
6081,10/1/2003,0.1800
6081,11/1/2003,0.1800
6081,12/1/2003,0.1800
6081,1/1/2004,0.1800
6081,2/1/2004,0.1800
6081,3/1/2004,0.1700
6081,4/1/2004,0.1700
6081,5/1/2004,0.1500
6081,6/1/2004,0.1400
6081,7/1/2004,0.1500
6081,8/1/2004,0.1500
6081,9/1/2004,0.1600
6081,10/1/2004,0.1600
6081,11/1/2004,0.1500
6081,12/1/2004,0.1500
6081,1/1/2005,0.1500
6081,2/1/2005,0.1400
6081,3/1/2005,0.1100
6081,4/1/2005,0.1000
6081,5/1/2005,0.1100
6081,6/1/2005,0.1200
6081,7/1/2005,0.1200
6081,8/1/2005,0.1200
6081,9/1/2005,0.1300
6081,10/1/2005,0.1200
6081,11/1/2005,0.1200
6081,12/1/2005,0.1300
6081,3/1/2006,0.1200
6081,6/1/2006,0.1800
6081,9/1/2006,0.2000
6081,12/1/2006,0.2000
6081,3/1/2007,0.1100
6081,6/1/2007,0.1800
6081,9/1/2007,0.0800
6081,12/1/2007,0.1000
6081,3/1/2008,0.1200
6081,6/1/2008,0.1300
6081,9/1/2008,0.1500
6081,12/1/2008,0.2000
6081,3/1/2009,0.3200
6081,6/1/2009,0.2100
6081,9/1/2009,0.2100
6081,12/1/2009,0.2100
6081,3/1/2010,0.2200
6081,6/1/2010,0.2000
6081,9/1/2010,0.2100
6081,12/1/2010,0.2500
6081,3/1/2011,0.3000
6081,6/1/2011,0.2200
6081,9/1/2011,0.2900
6081,12/1/2011,0.2900
6081,3/1/2012,0.3300
6081,6/1/2012,0.2300
6081,9/1/2012,0.2400
6081,12/1/2012,0.2400
6081,3/1/2013,0.2300
6081,6/1/2013,0.1700
6081,9/1/2013,0.1500
6081,12/1/2013,0.1600
6081,3/1/2014,0.1400
6081,6/1/2014,0.1400
6081,9/1/2014,0.1500
6081,12/1/2014,0.1500
6081,3/1/2015,0.1400
6083,1/1/1991,0.2200
6083,2/1/1991,0.2500
6083,3/1/1991,0.1900
6083,4/1/1991,0.1500
6083,5/1/1991,0.1900
6083,6/1/1991,0.2000
6083,7/1/1991,0.1900
6083,8/1/1991,0.2400
6083,9/1/1991,0.2900
6083,10/1/1991,0.2300
6083,11/1/1991,0.1800
6083,12/1/1991,0.2500
6083,1/1/1992,0.2900
6083,2/1/1992,0.2600
6083,3/1/1992,0.2400
6083,4/1/1992,0.2500
6083,5/1/1992,0.2300
6083,6/1/1992,0.2600
6083,7/1/1992,0.2500
6083,8/1/1992,0.2600
6083,9/1/1992,0.2700
6083,10/1/1992,0.2700
6083,11/1/1992,0.3100
6083,12/1/1992,0.3100
6083,1/1/1993,0.3100
6083,2/1/1993,0.2800
6083,3/1/1993,0.3600
6083,4/1/1993,0.3000
6083,5/1/1993,0.4200
6083,6/1/1993,0.3400
6083,7/1/1993,0.3300
6083,8/1/1993,0.3800
6083,9/1/1993,0.3100
6083,10/1/1993,0.3700
6083,11/1/1993,0.3900
6083,12/1/1993,0.3700
6083,1/1/1994,0.3800
6083,2/1/1994,0.3300
6083,3/1/1994,0.3000
6083,4/1/1994,0.3200
6083,5/1/1994,0.3200
6083,6/1/1994,0.3100
6083,7/1/1994,0.2800
6083,8/1/1994,0.2900
6083,9/1/1994,0.3500
6083,10/1/1994,0.3300
6083,11/1/1994,0.2900
6083,12/1/1994,0.4300
6083,1/1/1995,0.2700
6083,2/1/1995,0.2900
6083,3/1/1995,0.3200
6083,4/1/1995,0.3100
6083,5/1/1995,0.3100
6083,6/1/1995,0.4000
6083,7/1/1995,0.3400
6083,8/1/1995,0.3000
6083,9/1/1995,0.2600
6083,10/1/1995,0.3000
6083,11/1/1995,0.4000
6083,12/1/1995,0.3300
6083,1/1/1996,0.2800
6083,2/1/1996,0.3500
6083,3/1/1996,0.3700
6083,4/1/1996,0.3700
6083,5/1/1996,0.2500
6083,6/1/1996,0.3100
6083,7/1/1996,0.3000
6083,8/1/1996,0.3100
6083,9/1/1996,0.2900
6083,10/1/1996,0.3200
6083,11/1/1996,0.3400
6083,12/1/1996,0.3300
6083,1/1/1997,0.3000
6083,2/1/1997,0.3300
6083,3/1/1997,0.3300
6083,4/1/1997,0.2600
6083,5/1/1997,0.2400
6083,6/1/1997,0.3700
6083,7/1/1997,0.2300
6083,8/1/1997,0.2700
6083,9/1/1997,0.2100
6083,10/1/1997,0.2500
6083,11/1/1997,0.2100
6083,12/1/1997,0.3200
6083,1/1/1998,0.2800
6083,2/1/1998,0.2700
6083,3/1/1998,0.3400
6083,4/1/1998,0.3100
6083,5/1/1998,0.3600
6083,6/1/1998,0.3800
6083,7/1/1998,0.2500
6083,8/1/1998,0.3000
6083,9/1/1998,0.2700
6083,10/1/1998,0.4200
6083,11/1/1998,0.3300
6083,12/1/1998,0.3800
6083,1/1/1999,0.2700
6083,2/1/1999,0.4700
6083,3/1/1999,0.3000
6083,4/1/1999,0.2800
6083,5/1/1999,0.3400
6083,6/1/1999,0.3600
6083,7/1/1999,0.3100
6083,8/1/1999,0.4100
6083,9/1/1999,0.1800
6083,10/1/1999,0.2600
6083,11/1/1999,0.2000
6083,12/1/1999,0.1800
6083,1/1/2000,0.1500
6083,2/1/2000,0.1900
6083,3/1/2000,0.2100
6083,4/1/2000,0.2600
6083,5/1/2000,0.1900
6083,6/1/2000,0.2500
6083,7/1/2000,0.3200
6083,8/1/2000,0.2300
6083,9/1/2000,0.2400
6083,10/1/2000,0.3600
6083,11/1/2000,0.1400
6083,12/1/2000,0.2500
6083,1/1/2001,0.1900
6083,2/1/2001,0.2500
6083,3/1/2001,0.2400
6083,4/1/2001,0.2100
6083,5/1/2001,0.2600
6083,6/1/2001,0.2600
6083,7/1/2001,0.1400
6083,8/1/2001,0.1700
6083,9/1/2001,0.2600
6083,10/1/2001,0.2700
6083,11/1/2001,0.2800
6083,12/1/2001,0.2200
6083,1/1/2002,0.2100
6083,2/1/2002,0.2000
6083,3/1/2002,0.2200
6083,4/1/2002,0.1000
6083,5/1/2002,0.2100
6083,6/1/2002,0.2100
6083,7/1/2002,0.1700
6083,8/1/2002,0.1600
6083,9/1/2002,0.2200
6083,10/1/2002,0.1500
6083,11/1/2002,0.2200
6083,12/1/2002,0.2100
6083,1/1/2003,0.2100
6083,2/1/2003,0.1800
6083,3/1/2003,0.1500
6083,4/1/2003,0.1200
6083,5/1/2003,0.1900
6083,6/1/2003,0.2100
6083,7/1/2003,0.1200
6083,8/1/2003,0.1300
6083,9/1/2003,0.1400
6083,10/1/2003,0.1900
6083,11/1/2003,0.2000
6083,12/1/2003,0.1900
6083,1/1/2004,0.1500
6083,2/1/2004,0.1600
6083,3/1/2004,0.1400
6083,4/1/2004,0.1300
6083,5/1/2004,0.0700
6083,6/1/2004,0.1000
6083,7/1/2004,0.1400
6083,8/1/2004,0.1400
6083,9/1/2004,0.0600
6083,10/1/2004,0.0900
6083,11/1/2004,0.0700
6083,12/1/2004,0.0900
6083,1/1/2005,0.0700
6083,2/1/2005,0.0800
6083,3/1/2005,0.0900
6083,4/1/2005,0.1000
6083,5/1/2005,0.0600
6083,6/1/2005,0.0700
6083,7/1/2005,0.0700
6083,8/1/2005,0.0600
6083,9/1/2005,0.0900
6083,10/1/2005,0.0900
6083,11/1/2005,0.0700
6083,12/1/2005,0.0600
6083,3/1/2006,0.0700
6083,6/1/2006,0.0600
6083,9/1/2006,0.0700
6083,12/1/2006,0.0800
6083,3/1/2007,0.0600
6083,6/1/2007,0.0600
6083,9/1/2007,0.0600
6083,12/1/2007,0.0900
6083,3/1/2008,0.1700
6083,6/1/2008,0.2300
6083,9/1/2008,0.2500
6083,12/1/2008,0.3700
6083,3/1/2009,0.4700
6083,6/1/2009,0.3800
6083,9/1/2009,0.3300
6083,12/1/2009,0.3100
6083,3/1/2010,0.3400
6083,6/1/2010,0.2500
6083,9/1/2010,0.2600
6083,12/1/2010,0.3200
6083,3/1/2011,0.3700
6083,6/1/2011,0.3500
6083,9/1/2011,0.3800
6083,12/1/2011,0.4100
6083,3/1/2012,0.4200
6083,6/1/2012,0.3100
6083,9/1/2012,0.3000
6083,12/1/2012,0.2700
6083,3/1/2013,0.2400
6083,6/1/2013,0.1800
6083,9/1/2013,0.1800
6083,12/1/2013,0.1800
6083,3/1/2014,0.1800
6083,6/1/2014,0.1800
6083,9/1/2014,0.1400
6083,12/1/2014,0.2100
6083,3/1/2015,0.1800
6085,1/1/1991,0.2400
6085,2/1/1991,0.2500
6085,3/1/1991,0.2500
6085,4/1/1991,0.2300
6085,5/1/1991,0.2200
6085,6/1/1991,0.2100
6085,7/1/1991,0.2300
6085,8/1/1991,0.2300
6085,9/1/1991,0.2700
6085,10/1/1991,0.2800
6085,11/1/1991,0.3000
6085,12/1/1991,0.2900
6085,1/1/1992,0.3300
6085,2/1/1992,0.3300
6085,3/1/1992,0.3100
6085,4/1/1992,0.3000
6085,5/1/1992,0.2800
6085,6/1/1992,0.3100
6085,7/1/1992,0.3300
6085,8/1/1992,0.3700
6085,9/1/1992,0.3700
6085,10/1/1992,0.3800
6085,11/1/1992,0.3900
6085,12/1/1992,0.3500
6085,1/1/1993,0.3800
6085,2/1/1993,0.4000
6085,3/1/1993,0.4000
6085,4/1/1993,0.4100
6085,5/1/1993,0.4100
6085,6/1/1993,0.4000
6085,7/1/1993,0.3900
6085,8/1/1993,0.4100
6085,9/1/1993,0.4200
6085,10/1/1993,0.4400
6085,11/1/1993,0.4300
6085,12/1/1993,0.4300
6085,1/1/1994,0.4300
6085,2/1/1994,0.4300
6085,3/1/1994,0.3900
6085,4/1/1994,0.3800
6085,5/1/1994,0.3900
6085,6/1/1994,0.3500
6085,7/1/1994,0.3900
6085,8/1/1994,0.3600
6085,9/1/1994,0.3700
6085,10/1/1994,0.3900
6085,11/1/1994,0.4000
6085,12/1/1994,0.3800
6085,1/1/1995,0.4000
6085,2/1/1995,0.3500
6085,3/1/1995,0.3700
6085,4/1/1995,0.3700
6085,5/1/1995,0.3700
6085,6/1/1995,0.3300
6085,7/1/1995,0.3600
6085,8/1/1995,0.3400
6085,9/1/1995,0.3500
6085,10/1/1995,0.3700
6085,11/1/1995,0.3500
6085,12/1/1995,0.3800
6085,1/1/1996,0.3800
6085,2/1/1996,0.4000
6085,3/1/1996,0.3500
6085,4/1/1996,0.3500
6085,5/1/1996,0.3200
6085,6/1/1996,0.3200
6085,7/1/1996,0.3000
6085,8/1/1996,0.3300
6085,9/1/1996,0.3400
6085,10/1/1996,0.3400
6085,11/1/1996,0.3300
6085,12/1/1996,0.3400
6085,1/1/1997,0.3400
6085,2/1/1997,0.3400
6085,3/1/1997,0.3200
6085,4/1/1997,0.2800
6085,5/1/1997,0.3200
6085,6/1/1997,0.2800
6085,7/1/1997,0.2800
6085,8/1/1997,0.2800
6085,9/1/1997,0.2800
6085,10/1/1997,0.2800
6085,11/1/1997,0.2900
6085,12/1/1997,0.2800
6085,1/1/1998,0.3100
6085,2/1/1998,0.3300
6085,3/1/1998,0.2800
6085,4/1/1998,0.2500
6085,5/1/1998,0.2500
6085,6/1/1998,0.2500
6085,7/1/1998,0.2600
6085,8/1/1998,0.2800
6085,9/1/1998,0.3000
6085,10/1/1998,0.3300
6085,11/1/1998,0.3400
6085,12/1/1998,0.3100
6085,1/1/1999,0.3400
6085,2/1/1999,0.3300
6085,3/1/1999,0.2900
6085,4/1/1999,0.2800
6085,5/1/1999,0.2900
6085,6/1/1999,0.2700
6085,7/1/1999,0.2700
6085,8/1/1999,0.2600
6085,9/1/1999,0.2600
6085,10/1/1999,0.2900
6085,11/1/1999,0.2600
6085,12/1/1999,0.2600
6085,1/1/2000,0.2400
6085,2/1/2000,0.2000
6085,3/1/2000,0.1600
6085,4/1/2000,0.1500
6085,5/1/2000,0.1600
6085,6/1/2000,0.1600
6085,7/1/2000,0.1600
6085,8/1/2000,0.1800
6085,9/1/2000,0.2000
6085,10/1/2000,0.1800
6085,11/1/2000,0.1700
6085,12/1/2000,0.1800
6085,1/1/2001,0.1700
6085,2/1/2001,0.1900
6085,3/1/2001,0.1900
6085,4/1/2001,0.2200
6085,5/1/2001,0.2200
6085,6/1/2001,0.2100
6085,7/1/2001,0.2300
6085,8/1/2001,0.2500
6085,9/1/2001,0.2700
6085,10/1/2001,0.3000
6085,11/1/2001,0.2900
6085,12/1/2001,0.2900
6085,1/1/2002,0.2900
6085,2/1/2002,0.2300
6085,3/1/2002,0.2200
6085,4/1/2002,0.2100
6085,5/1/2002,0.2000
6085,6/1/2002,0.2000
6085,7/1/2002,0.2200
6085,8/1/2002,0.2500
6085,9/1/2002,0.2800
6085,10/1/2002,0.2700
6085,11/1/2002,0.2800
6085,12/1/2002,0.2800
6085,1/1/2003,0.3100
6085,2/1/2003,0.2500
6085,3/1/2003,0.2500
6085,4/1/2003,0.2600
6085,5/1/2003,0.2600
6085,6/1/2003,0.2600
6085,7/1/2003,0.2800
6085,8/1/2003,0.2600
6085,9/1/2003,0.2600
6085,10/1/2003,0.2600
6085,11/1/2003,0.2700
6085,12/1/2003,0.2600
6085,1/1/2004,0.2900
6085,2/1/2004,0.2700
6085,3/1/2004,0.2300
6085,4/1/2004,0.2400
6085,5/1/2004,0.2200
6085,6/1/2004,0.2100
6085,7/1/2004,0.2100
6085,8/1/2004,0.2300
6085,9/1/2004,0.2300
6085,10/1/2004,0.2300
6085,11/1/2004,0.2200
6085,12/1/2004,0.2100
6085,1/1/2005,0.2100
6085,2/1/2005,0.2000
6085,3/1/2005,0.1900
6085,4/1/2005,0.1800
6085,5/1/2005,0.1800
6085,6/1/2005,0.1800
6085,7/1/2005,0.1800
6085,8/1/2005,0.1800
6085,9/1/2005,0.1900
6085,10/1/2005,0.1800
6085,11/1/2005,0.1800
6085,12/1/2005,0.1800
6085,3/1/2006,0.1500
6085,6/1/2006,0.1300
6085,9/1/2006,0.1400
6085,12/1/2006,0.1500
6085,3/1/2007,0.1400
6085,6/1/2007,0.1100
6085,9/1/2007,0.1100
6085,12/1/2007,0.1300
6085,3/1/2008,0.1600
6085,6/1/2008,0.1700
6085,9/1/2008,0.2000
6085,12/1/2008,0.3200
6085,3/1/2009,0.4400
6085,6/1/2009,0.4000
6085,9/1/2009,0.3300
6085,12/1/2009,0.3200
6085,3/1/2010,0.3400
6085,6/1/2010,0.2800
6085,9/1/2010,0.3000
6085,12/1/2010,0.3500
6085,3/1/2011,0.3800
6085,6/1/2011,0.3200
6085,9/1/2011,0.3400
6085,12/1/2011,0.4000
6085,3/1/2012,0.4200
6085,6/1/2012,0.3200
6085,9/1/2012,0.3200
6085,12/1/2012,0.3200
6085,3/1/2013,0.3000
6085,6/1/2013,0.2400
6085,9/1/2013,0.2200
6085,12/1/2013,0.2300
6085,3/1/2014,0.2200
6085,6/1/2014,0.1900
6085,9/1/2014,0.2100
6085,12/1/2014,0.2200
6085,3/1/2015,0.2200
6087,1/1/1991,0.1500
6087,2/1/1991,0.1500
6087,3/1/1991,0.1600
6087,4/1/1991,0.1700
6087,5/1/1991,0.1600
6087,6/1/1991,0.1500
6087,7/1/1991,0.1600
6087,8/1/1991,0.1600
6087,9/1/1991,0.1600
6087,10/1/1991,0.2000
6087,11/1/1991,0.1900
6087,12/1/1991,0.2200
6087,1/1/1992,0.2000
6087,2/1/1992,0.2100
6087,3/1/1992,0.2100
6087,4/1/1992,0.1800
6087,5/1/1992,0.2200
6087,6/1/1992,0.2400
6087,7/1/1992,0.2400
6087,8/1/1992,0.2800
6087,9/1/1992,0.2500
6087,10/1/1992,0.2500
6087,11/1/1992,0.2800
6087,12/1/1992,0.3000
6087,1/1/1993,0.2600
6087,2/1/1993,0.2700
6087,3/1/1993,0.3000
6087,4/1/1993,0.3000
6087,5/1/1993,0.3100
6087,6/1/1993,0.3000
6087,7/1/1993,0.3000
6087,8/1/1993,0.3100
6087,9/1/1993,0.3000
6087,10/1/1993,0.3400
6087,11/1/1993,0.3200
6087,12/1/1993,0.3500
6087,1/1/1994,0.3500
6087,2/1/1994,0.3600
6087,3/1/1994,0.3100
6087,4/1/1994,0.3200
6087,5/1/1994,0.3100
6087,6/1/1994,0.3200
6087,7/1/1994,0.3100
6087,8/1/1994,0.3500
6087,9/1/1994,0.3200
6087,10/1/1994,0.3300
6087,11/1/1994,0.3400
6087,12/1/1994,0.3000
6087,1/1/1995,0.3400
6087,2/1/1995,0.3300
6087,3/1/1995,0.3000
6087,4/1/1995,0.3000
6087,5/1/1995,0.3100
6087,6/1/1995,0.3200
6087,7/1/1995,0.3100
6087,8/1/1995,0.2800
6087,9/1/1995,0.3200
6087,10/1/1995,0.3400
6087,11/1/1995,0.3400
6087,12/1/1995,0.3500
6087,1/1/1996,0.3200
6087,2/1/1996,0.3300
6087,3/1/1996,0.3200
6087,4/1/1996,0.3600
6087,5/1/1996,0.3200
6087,6/1/1996,0.3000
6087,7/1/1996,0.3100
6087,8/1/1996,0.3000
6087,9/1/1996,0.3100
6087,10/1/1996,0.3100
6087,11/1/1996,0.3400
6087,12/1/1996,0.3400
6087,1/1/1997,0.2900
6087,2/1/1997,0.3300
6087,3/1/1997,0.3000
6087,4/1/1997,0.3000
6087,5/1/1997,0.3000
6087,6/1/1997,0.2800
6087,7/1/1997,0.2700
6087,8/1/1997,0.2900
6087,9/1/1997,0.2700
6087,10/1/1997,0.3100
6087,11/1/1997,0.3000
6087,12/1/1997,0.3000
6087,1/1/1998,0.2900
6087,2/1/1998,0.3000
6087,3/1/1998,0.2900
6087,4/1/1998,0.2900
6087,5/1/1998,0.2700
6087,6/1/1998,0.2800
6087,7/1/1998,0.2700
6087,8/1/1998,0.2700
6087,9/1/1998,0.2700
6087,10/1/1998,0.3100
6087,11/1/1998,0.3100
6087,12/1/1998,0.3100
6087,1/1/1999,0.3000
6087,2/1/1999,0.2600
6087,3/1/1999,0.2600
6087,4/1/1999,0.2600
6087,5/1/1999,0.2600
6087,6/1/1999,0.2300
6087,7/1/1999,0.2100
6087,8/1/1999,0.2100
6087,9/1/1999,0.2000
6087,10/1/1999,0.2300
6087,11/1/1999,0.2100
6087,12/1/1999,0.2100
6087,1/1/2000,0.2100
6087,2/1/2000,0.1700
6087,3/1/2000,0.1400
6087,4/1/2000,0.1600
6087,5/1/2000,0.1300
6087,6/1/2000,0.1700
6087,7/1/2000,0.1300
6087,8/1/2000,0.1400
6087,9/1/2000,0.1400
6087,10/1/2000,0.1500
6087,11/1/2000,0.1500
6087,12/1/2000,0.1400
6087,1/1/2001,0.1600
6087,2/1/2001,0.1500
6087,3/1/2001,0.1500
6087,4/1/2001,0.1400
6087,5/1/2001,0.1500
6087,6/1/2001,0.1800
6087,7/1/2001,0.1500
6087,8/1/2001,0.1900
6087,9/1/2001,0.2000
6087,10/1/2001,0.2000
6087,11/1/2001,0.2000
6087,12/1/2001,0.2100
6087,1/1/2002,0.2000
6087,2/1/2002,0.1700
6087,3/1/2002,0.1600
6087,4/1/2002,0.1600
6087,5/1/2002,0.1500
6087,6/1/2002,0.1600
6087,7/1/2002,0.1600
6087,8/1/2002,0.1600
6087,9/1/2002,0.1700
6087,10/1/2002,0.1800
6087,11/1/2002,0.2000
6087,12/1/2002,0.2000
6087,1/1/2003,0.2000
6087,2/1/2003,0.1600
6087,3/1/2003,0.1700
6087,4/1/2003,0.1600
6087,5/1/2003,0.1700
6087,6/1/2003,0.1700
6087,7/1/2003,0.1900
6087,8/1/2003,0.1800
6087,9/1/2003,0.1700
6087,10/1/2003,0.1800
6087,11/1/2003,0.1900
6087,12/1/2003,0.1800
6087,1/1/2004,0.1800
6087,2/1/2004,0.1700
6087,3/1/2004,0.1700
6087,4/1/2004,0.1500
6087,5/1/2004,0.1400
6087,6/1/2004,0.1600
6087,7/1/2004,0.1300
6087,8/1/2004,0.1400
6087,9/1/2004,0.1400
6087,10/1/2004,0.1300
6087,11/1/2004,0.1500
6087,12/1/2004,0.1400
6087,1/1/2005,0.1200
6087,2/1/2005,0.1200
6087,3/1/2005,0.1200
6087,4/1/2005,0.1200
6087,5/1/2005,0.1100
6087,6/1/2005,0.1000
6087,7/1/2005,0.1100
6087,8/1/2005,0.1000
6087,9/1/2005,0.1100
6087,10/1/2005,0.1100
6087,11/1/2005,0.1000
6087,12/1/2005,0.1100
6087,3/1/2006,0.1000
6087,6/1/2006,0.1900
6087,9/1/2006,0.1800
6087,12/1/2006,0.2100
6087,3/1/2007,0.0900
6087,6/1/2007,0.1800
6087,9/1/2007,0.0900
6087,12/1/2007,0.1000
6087,3/1/2008,0.1300
6087,6/1/2008,0.1300
6087,9/1/2008,0.1600
6087,12/1/2008,0.2700
6087,3/1/2009,0.3600
6087,6/1/2009,0.2900
6087,9/1/2009,0.2600
6087,12/1/2009,0.2600
6087,3/1/2010,0.2700
6087,6/1/2010,0.2600
6087,9/1/2010,0.2800
6087,12/1/2010,0.2900
6087,3/1/2011,0.3400
6087,6/1/2011,0.3200
6087,9/1/2011,0.3200
6087,12/1/2011,0.3700
6087,3/1/2012,0.3500
6087,6/1/2012,0.3400
6087,9/1/2012,0.3000
6087,12/1/2012,0.3400
6087,3/1/2013,0.2900
6087,6/1/2013,0.2000
6087,9/1/2013,0.1800
6087,12/1/2013,0.1700
6087,3/1/2014,0.2000
6087,6/1/2014,0.1800
6087,9/1/2014,0.1700
6087,12/1/2014,0.1700
6087,3/1/2015,0.2200
6095,3/1/2010,0.7000
6095,6/1/2010,0.6900
6095,9/1/2010,0.7100
6095,12/1/2010,0.7100
6095,3/1/2011,0.7400
6095,6/1/2011,0.7500
6095,9/1/2011,0.7500
6095,12/1/2011,0.7600
6095,3/1/2012,0.7700
6095,6/1/2012,0.7700
6095,9/1/2012,0.7700
6095,12/1/2012,0.7300
6095,3/1/2013,0.6700
6095,6/1/2013,0.6300
6095,9/1/2013,0.5600
6095,12/1/2013,0.5600
6095,3/1/2014,0.5300
6095,6/1/2014,0.5000
6095,9/1/2014,0.4900
6095,12/1/2014,0.5000
6095,3/1/2015,0.4800
6097,1/1/1991,0.2700
6097,2/1/1991,0.2600
6097,3/1/1991,0.2700
6097,4/1/1991,0.2800
6097,5/1/1991,0.2700
6097,6/1/1991,0.2500
6097,7/1/1991,0.2500
6097,8/1/1991,0.2500
6097,9/1/1991,0.2500
6097,10/1/1991,0.2800
6097,11/1/1991,0.2900
6097,12/1/1991,0.2800
6097,1/1/1992,0.3100
6097,2/1/1992,0.3000
6097,3/1/1992,0.2900
6097,4/1/1992,0.2900
6097,5/1/1992,0.2700
6097,6/1/1992,0.2700
6097,7/1/1992,0.3200
6097,8/1/1992,0.3300
6097,9/1/1992,0.3300
6097,10/1/1992,0.3300
6097,11/1/1992,0.3400
6097,12/1/1992,0.3200
6097,1/1/1993,0.3500
6097,2/1/1993,0.3700
6097,3/1/1993,0.3800
6097,4/1/1993,0.3700
6097,5/1/1993,0.3600
6097,6/1/1993,0.3600
6097,7/1/1993,0.3700
6097,8/1/1993,0.3800
6097,9/1/1993,0.4000
6097,10/1/1993,0.4100
6097,11/1/1993,0.4100
6097,12/1/1993,0.4100
6097,1/1/1994,0.4400
6097,2/1/1994,0.4100
6097,3/1/1994,0.3900
6097,4/1/1994,0.4000
6097,5/1/1994,0.3900
6097,6/1/1994,0.3600
6097,7/1/1994,0.3500
6097,8/1/1994,0.3600
6097,9/1/1994,0.3400
6097,10/1/1994,0.3400
6097,11/1/1994,0.3400
6097,12/1/1994,0.3400
6097,1/1/1995,0.3100
6097,2/1/1995,0.3400
6097,3/1/1995,0.3200
6097,4/1/1995,0.3300
6097,5/1/1995,0.3400
6097,6/1/1995,0.3500
6097,7/1/1995,0.3600
6097,8/1/1995,0.3600
6097,9/1/1995,0.3600
6097,10/1/1995,0.3700
6097,11/1/1995,0.4100
6097,12/1/1995,0.4000
6097,1/1/1996,0.4100
6097,2/1/1996,0.3800
6097,3/1/1996,0.3900
6097,4/1/1996,0.4100
6097,5/1/1996,0.3900
6097,6/1/1996,0.3900
6097,7/1/1996,0.4000
6097,8/1/1996,0.4000
6097,9/1/1996,0.3900
6097,10/1/1996,0.4100
6097,11/1/1996,0.4400
6097,12/1/1996,0.4600
6097,1/1/1997,0.4200
6097,2/1/1997,0.4200
6097,3/1/1997,0.4200
6097,4/1/1997,0.3700
6097,5/1/1997,0.3800
6097,6/1/1997,0.3900
6097,7/1/1997,0.3800
6097,8/1/1997,0.4200
6097,9/1/1997,0.4100
6097,10/1/1997,0.4200
6097,11/1/1997,0.4400
6097,12/1/1997,0.4400
6097,1/1/1998,0.4000
6097,2/1/1998,0.4200
6097,3/1/1998,0.4200
6097,4/1/1998,0.4200
6097,5/1/1998,0.3700
6097,6/1/1998,0.3500
6097,7/1/1998,0.3600
6097,8/1/1998,0.3600
6097,9/1/1998,0.3700
6097,10/1/1998,0.3800
6097,11/1/1998,0.3700
6097,12/1/1998,0.3700
6097,1/1/1999,0.3800
6097,2/1/1999,0.3500
6097,3/1/1999,0.3400
6097,4/1/1999,0.3200
6097,5/1/1999,0.3100
6097,6/1/1999,0.2800
6097,7/1/1999,0.2800
6097,8/1/1999,0.2700
6097,9/1/1999,0.2700
6097,10/1/1999,0.2800
6097,11/1/1999,0.2600
6097,12/1/1999,0.2700
6097,1/1/2000,0.2400
6097,2/1/2000,0.2300
6097,3/1/2000,0.2200
6097,4/1/2000,0.2100
6097,5/1/2000,0.1800
6097,6/1/2000,0.1500
6097,7/1/2000,0.1800
6097,8/1/2000,0.1800
6097,9/1/2000,0.1600
6097,10/1/2000,0.1800
6097,11/1/2000,0.1700
6097,12/1/2000,0.1900
6097,1/1/2001,0.2000
6097,2/1/2001,0.1600
6097,3/1/2001,0.1800
6097,4/1/2001,0.2100
6097,5/1/2001,0.1900
6097,6/1/2001,0.1900
6097,7/1/2001,0.1800
6097,8/1/2001,0.2100
6097,9/1/2001,0.2100
6097,10/1/2001,0.2200
6097,11/1/2001,0.2300
6097,12/1/2001,0.2400
6097,1/1/2002,0.2300
6097,2/1/2002,0.1900
6097,3/1/2002,0.1900
6097,4/1/2002,0.1700
6097,5/1/2002,0.1800
6097,6/1/2002,0.1700
6097,7/1/2002,0.1800
6097,8/1/2002,0.1800
6097,9/1/2002,0.2000
6097,10/1/2002,0.2200
6097,11/1/2002,0.2200
6097,12/1/2002,0.2200
6097,1/1/2003,0.2100
6097,2/1/2003,0.1900
6097,3/1/2003,0.2000
6097,4/1/2003,0.1800
6097,5/1/2003,0.1700
6097,6/1/2003,0.1600
6097,7/1/2003,0.1700
6097,8/1/2003,0.1600
6097,9/1/2003,0.1600
6097,10/1/2003,0.1700
6097,11/1/2003,0.1500
6097,12/1/2003,0.1500
6097,1/1/2004,0.1600
6097,2/1/2004,0.1600
6097,3/1/2004,0.1600
6097,4/1/2004,0.1500
6097,5/1/2004,0.1400
6097,6/1/2004,0.1300
6097,7/1/2004,0.1300
6097,8/1/2004,0.1300
6097,9/1/2004,0.1300
6097,10/1/2004,0.1300
6097,11/1/2004,0.1200
6097,12/1/2004,0.1100
6097,1/1/2005,0.1100
6097,2/1/2005,0.1000
6097,3/1/2005,0.0900
6097,4/1/2005,0.0800
6097,5/1/2005,0.0700
6097,6/1/2005,0.0700
6097,7/1/2005,0.0700
6097,8/1/2005,0.0700
6097,9/1/2005,0.0700
6097,10/1/2005,0.0700
6097,11/1/2005,0.0700
6097,12/1/2005,0.0700
6097,3/1/2006,0.0900
6097,6/1/2006,0.2200
6097,9/1/2006,0.2300
6097,12/1/2006,0.2500
6097,3/1/2007,0.1100
6097,6/1/2007,0.2400
6097,9/1/2007,0.1000
6097,12/1/2007,0.1900
6097,3/1/2008,0.2300
6097,6/1/2008,0.2600
6097,9/1/2008,0.3100
6097,12/1/2008,0.3800
6097,3/1/2009,0.4500
6097,6/1/2009,0.4400
6097,9/1/2009,0.3900
6097,12/1/2009,0.3900
6097,3/1/2010,0.4000
6097,6/1/2010,0.4000
6097,9/1/2010,0.4000
6097,12/1/2010,0.4400
6097,3/1/2011,0.4700
6097,6/1/2011,0.4600
6097,9/1/2011,0.4600
6097,12/1/2011,0.5100
6097,3/1/2012,0.5100
6097,6/1/2012,0.4900
6097,9/1/2012,0.4600
6097,12/1/2012,0.4600
6097,3/1/2013,0.3600
6097,6/1/2013,0.2900
6097,9/1/2013,0.3100
6097,12/1/2013,0.3000
6097,3/1/2014,0.2900
6097,6/1/2014,0.2900
6097,9/1/2014,0.2900
6097,12/1/2014,0.2900
6097,3/1/2015,0.3100
6099,3/1/2014,0.4600
6099,12/1/2014,0.3700
6099,3/1/2015,0.4300
6107,3/1/2010,0.6600
6107,6/1/2010,0.6600
6107,9/1/2010,0.6800
6107,12/1/2010,0.7100
6107,3/1/2011,0.7200
6107,6/1/2011,0.7300
6107,9/1/2011,0.7300
6107,12/1/2011,0.7300
6107,3/1/2012,0.7500
6107,6/1/2012,0.7300
6107,9/1/2012,0.7300
6107,12/1/2012,0.7100
6107,3/1/2013,0.7000
6107,6/1/2013,0.6600
6107,9/1/2013,0.6100
6107,12/1/2013,0.6000
6107,3/1/2014,0.5900
6107,6/1/2014,0.5600
6107,9/1/2014,0.5600
6107,12/1/2014,0.5600
6107,3/1/2015,0.5700
6111,1/1/1991,0.2500
6111,2/1/1991,0.2500
6111,3/1/1991,0.2700
6111,4/1/1991,0.2500
6111,5/1/1991,0.2700
6111,6/1/1991,0.2400
6111,7/1/1991,0.2700
6111,8/1/1991,0.2600
6111,9/1/1991,0.2700
6111,10/1/1991,0.2800
6111,11/1/1991,0.3200
6111,12/1/1991,0.3300
6111,1/1/1992,0.3500
6111,2/1/1992,0.3500
6111,3/1/1992,0.3500
6111,4/1/1992,0.3300
6111,5/1/1992,0.3600
6111,6/1/1992,0.3700
6111,7/1/1992,0.3500
6111,8/1/1992,0.3700
6111,9/1/1992,0.4100
6111,10/1/1992,0.4300
6111,11/1/1992,0.4000
6111,12/1/1992,0.4100
6111,1/1/1993,0.4600
6111,2/1/1993,0.4700
6111,3/1/1993,0.4400
6111,4/1/1993,0.4600
6111,5/1/1993,0.4600
6111,6/1/1993,0.4300
6111,7/1/1993,0.4800
6111,8/1/1993,0.4400
6111,9/1/1993,0.4900
6111,10/1/1993,0.5000
6111,11/1/1993,0.5100
6111,12/1/1993,0.5100
6111,1/1/1994,0.5000
6111,2/1/1994,0.5000
6111,3/1/1994,0.5000
6111,4/1/1994,0.4800
6111,5/1/1994,0.4500
6111,6/1/1994,0.4100
6111,7/1/1994,0.4300
6111,8/1/1994,0.3900
6111,9/1/1994,0.4000
6111,10/1/1994,0.3800
6111,11/1/1994,0.4000
6111,12/1/1994,0.4000
6111,1/1/1995,0.4100
6111,2/1/1995,0.4200
6111,3/1/1995,0.4100
6111,4/1/1995,0.4000
6111,5/1/1995,0.4300
6111,6/1/1995,0.4100
6111,7/1/1995,0.4200
6111,8/1/1995,0.4200
6111,9/1/1995,0.4500
6111,10/1/1995,0.4400
6111,11/1/1995,0.4100
6111,12/1/1995,0.4700
6111,1/1/1996,0.4400
6111,2/1/1996,0.4700
6111,3/1/1996,0.4600
6111,4/1/1996,0.4200
6111,5/1/1996,0.3900
6111,6/1/1996,0.4200
6111,7/1/1996,0.4200
6111,8/1/1996,0.4100
6111,9/1/1996,0.4500
6111,10/1/1996,0.4300
6111,11/1/1996,0.4100
6111,12/1/1996,0.4400
6111,1/1/1997,0.4100
6111,2/1/1997,0.4600
6111,3/1/1997,0.4500
6111,4/1/1997,0.4100
6111,5/1/1997,0.4100
6111,6/1/1997,0.3800
6111,7/1/1997,0.4000
6111,8/1/1997,0.3900
6111,9/1/1997,0.4000
6111,10/1/1997,0.4300
6111,11/1/1997,0.4400
6111,12/1/1997,0.4200
6111,1/1/1998,0.4500
6111,2/1/1998,0.4300
6111,3/1/1998,0.4500
6111,4/1/1998,0.4500
6111,5/1/1998,0.4200
6111,6/1/1998,0.4400
6111,7/1/1998,0.4200
6111,8/1/1998,0.4300
6111,9/1/1998,0.4400
6111,10/1/1998,0.4700
6111,11/1/1998,0.4700
6111,12/1/1998,0.4600
6111,1/1/1999,0.4500
6111,2/1/1999,0.4500
6111,3/1/1999,0.4300
6111,4/1/1999,0.4200
6111,5/1/1999,0.4100
6111,6/1/1999,0.4400
6111,7/1/1999,0.3700
6111,8/1/1999,0.3600
6111,9/1/1999,0.3900
6111,10/1/1999,0.3800
6111,11/1/1999,0.4000
6111,12/1/1999,0.3700
6111,1/1/2000,0.3500
6111,2/1/2000,0.3500
6111,3/1/2000,0.3200
6111,4/1/2000,0.2900
6111,5/1/2000,0.3200
6111,6/1/2000,0.2500
6111,7/1/2000,0.3000
6111,8/1/2000,0.3100
6111,9/1/2000,0.3100
6111,10/1/2000,0.3100
6111,11/1/2000,0.3300
6111,12/1/2000,0.3300
6111,1/1/2001,0.3600
6111,2/1/2001,0.3800
6111,3/1/2001,0.3700
6111,4/1/2001,0.3700
6111,5/1/2001,0.3300
6111,6/1/2001,0.3400
6111,7/1/2001,0.3100
6111,8/1/2001,0.3500
6111,9/1/2001,0.3300
6111,10/1/2001,0.3600
6111,11/1/2001,0.3500
6111,12/1/2001,0.3900
6111,1/1/2002,0.3700
6111,2/1/2002,0.3600
6111,3/1/2002,0.3600
6111,4/1/2002,0.3200
6111,5/1/2002,0.3200
6111,6/1/2002,0.3300
6111,7/1/2002,0.2800
6111,8/1/2002,0.3000
6111,9/1/2002,0.3000
6111,10/1/2002,0.3100
6111,11/1/2002,0.3200
6111,12/1/2002,0.3000
6111,1/1/2003,0.3100
6111,2/1/2003,0.3200
6111,3/1/2003,0.3100
6111,4/1/2003,0.2300
6111,5/1/2003,0.2600
6111,6/1/2003,0.2700
6111,7/1/2003,0.2700
6111,8/1/2003,0.2400
6111,9/1/2003,0.2200
6111,10/1/2003,0.2500
6111,11/1/2003,0.2500
6111,12/1/2003,0.2300
6111,1/1/2004,0.2400
6111,2/1/2004,0.2200
6111,3/1/2004,0.2000
6111,4/1/2004,0.1700
6111,5/1/2004,0.1500
6111,6/1/2004,0.1300
6111,7/1/2004,0.1400
6111,8/1/2004,0.1400
6111,9/1/2004,0.1600
6111,10/1/2004,0.1800
6111,11/1/2004,0.1700
6111,12/1/2004,0.1600
6111,1/1/2005,0.1400
6111,2/1/2005,0.1500
6111,3/1/2005,0.1400
6111,4/1/2005,0.1300
6111,5/1/2005,0.1300
6111,6/1/2005,0.1300
6111,7/1/2005,0.1300
6111,8/1/2005,0.1300
6111,9/1/2005,0.1300
6111,10/1/2005,0.1300
6111,11/1/2005,0.1300
6111,12/1/2005,0.1300
6111,3/1/2006,0.1100
6111,6/1/2006,0.1000
6111,9/1/2006,0.1000
6111,12/1/2006,0.1100
6111,3/1/2007,0.1200
6111,6/1/2007,0.1100
6111,9/1/2007,0.1100
6111,12/1/2007,0.1300
6111,3/1/2008,0.2500
6111,6/1/2008,0.2900
6111,9/1/2008,0.3000
6111,12/1/2008,0.4000
6111,3/1/2009,0.4700
6111,6/1/2009,0.4100
6111,9/1/2009,0.3500
6111,12/1/2009,0.3900
6111,3/1/2010,0.3900
6111,6/1/2010,0.3900
6111,9/1/2010,0.4000
6111,12/1/2010,0.4100
6111,3/1/2011,0.4400
6111,6/1/2011,0.4100
6111,9/1/2011,0.4500
6111,12/1/2011,0.4900
6111,3/1/2012,0.5000
6111,6/1/2012,0.4800
6111,9/1/2012,0.4700
6111,12/1/2012,0.4800
6111,3/1/2013,0.4200
6111,6/1/2013,0.3600
6111,9/1/2013,0.3000
6111,12/1/2013,0.3100
6111,3/1/2014,0.2900
6111,6/1/2014,0.2800
6111,9/1/2014,0.2700
6111,12/1/2014,0.2900
6111,3/1/2015,0.2800
